date,q_mm
2037-07-15,0.9207
2037-07-16,0.8689
2037-07-17,0.8172
2037-07-18,0.7769
2037-07-19,0.7423
2037-07-20,0.7193
2037-07-21,0.6906
2037-07-22,0.6445
2037-07-23,0.5985
2037-07-24,0.5697
2037-07-25,0.5352
2037-07-26,0.5179
2037-07-27,0.5352
2037-07-28,0.5179
2037-07-29,0.5007
2037-07-30,0.4776
2037-07-31,0.4546
2037-08-01,0.4374
2037-08-02,0.4201
2037-08-03,0.4028
2037-08-04,0.4201
2037-08-05,0.3913
2037-08-06,0.7941
2037-08-07,2.3134
2037-08-08,2.5205
2037-08-09,2.8428
2037-08-10,3.119
2037-08-11,3.2571
2037-08-12,3.4528
2037-08-13,3.4528
2037-08-14,3.3377
2037-08-15,3.1765
2037-08-16,3.1765
2037-08-17,3.4873
2037-08-18,5.1792
2037-08-19,5.3748
2037-08-20,5.5244
2037-08-21,5.3403
2037-08-22,5.0756
2037-08-23,4.8224
2037-08-24,4.6152
2037-08-25,4.3505
2037-08-26,4.0743
2037-08-27,3.8096
2037-08-28,3.5103
2037-08-29,3.2341
2037-08-30,2.9924
2037-08-31,2.7392
2037-09-01,2.509
2037-09-02,2.2788
2037-09-03,2.0832
2037-09-04,1.8875
2037-09-05,1.7034
2037-09-06,1.5653
2037-09-07,1.4502
2037-09-08,1.3581
2037-09-09,1.3466
2037-09-10,1.3005
2037-09-11,1.2085
2037-09-12,1.1486
2037-09-13,1.0842
2037-09-14,1.0393
2037-09-15,0.9955
2037-09-16,0.9322
2037-09-17,0.8689
2037-09-18,0.8264
2037-09-19,0.801
2037-09-20,0.8091
2037-09-21,0.7918
2037-09-22,0.7677
2037-09-23,0.7516
2037-09-24,0.8782
2037-09-25,0.9138
2037-09-26,0.923
2037-09-27,0.9415
2037-09-28,0.9691
2037-09-29,0.9415
2037-09-30,0.9046
2037-10-01,0.923
2037-10-02,0.915
2037-10-03,0.9863
2037-10-04,1.075
2037-10-05,1.0658
2037-10-06,1.0658
2037-10-07,1.1486
2037-10-08,1.5537
2037-10-09,1.7034
2037-10-10,1.83
2037-10-11,1.922
2037-10-12,1.9451
2037-10-13,1.9566
2037-10-14,1.9451
2037-10-15,1.922
2037-10-16,1.876
2037-10-17,1.8069
2037-10-18,1.7609
2037-10-19,2.0486
2037-10-20,2.1062
2037-10-21,2.1062
2037-10-22,2.1062
2037-10-23,2.1983
2037-10-24,3.0615
2037-10-25,3.5218
2037-10-26,3.8441
2037-10-27,4.2354
2037-10-28,5.0526
2037-10-29,5.3518
2037-10-30,5.4208
2037-10-31,5.3403
2037-11-01,5.1907
2037-11-02,4.972
2037-11-03,4.6843
2037-11-04,4.4195
2037-11-05,4.2009
2037-11-06,3.9822
2037-11-07,3.8096
2037-11-08,3.6254
2037-11-09,3.4528
2037-11-10,3.2341
2037-11-11,3.0384
2037-11-12,2.8428
2037-11-13,2.6701
2037-11-14,2.509
2037-11-15,2.3364
2037-11-16,2.2098
2037-11-17,2.0832
2037-11-18,2.0947
2037-11-19,2.1522
2037-11-20,2.1062
2037-11-21,2.2788
2037-11-22,2.509
2037-11-23,2.509
2037-11-24,2.486
2037-11-25,2.463
2037-11-26,2.3824
2037-11-27,2.3249
2037-11-28,2.2788
2037-11-29,2.1637
2037-11-30,2.0602
2038-07-15,0.4258
2038-07-16,0.4201
2038-07-17,0.4028
2038-07-18,0.3913
2038-07-19,0.3752
2038-07-20,0.3591
2038-07-21,0.3372
2038-07-22,0.3326
2038-07-23,0.3372
2038-07-24,0.3269
2038-07-25,0.3269
2038-07-26,0.3694
2038-07-27,0.343
2038-07-28,0.3533
2038-07-29,0.4028
2038-07-30,0.4028
2038-07-31,0.3856
2038-08-01,0.3694
2038-08-02,0.3476
2038-08-03,0.3326
2038-08-04,0.3223
2038-08-05,0.3165
2038-08-06,0.3165
2038-08-07,0.3119
2038-08-08,0.3073
2038-08-09,0.3015
2038-08-10,0.3326
2038-08-11,0.3326
2038-08-12,0.3223
2038-08-13,0.3119
2038-08-14,0.3165
2038-08-15,0.3165
2038-08-16,0.3119
2038-08-17,0.3119
2038-08-18,0.3015
2038-08-19,0.2923
2038-08-20,0.2923
2038-08-21,0.2728
2038-08-22,0.2624
2038-08-23,0.2578
2038-08-24,0.2923
2038-08-25,0.3165
2038-08-26,0.7596
2038-08-27,0.7516
2038-08-28,0.7596
2038-08-29,0.7849
2038-08-30,0.8022
2038-08-31,0.8103
2038-09-01,0.7849
2038-09-02,0.9058
2038-09-03,1.0853
2038-09-04,1.1855
2038-09-05,1.22
2038-09-06,1.243
2038-09-07,1.289
2038-09-08,1.3005
2038-09-09,1.289
2038-09-10,1.2545
2038-09-11,1.22
2038-09-12,1.1739
2038-09-13,1.1406
2038-09-14,1.1037
2038-09-15,1.0404
2038-09-16,1.0588
2038-09-17,1.1314
2038-09-18,1.1037
2038-09-19,1.0761
2038-09-20,1.0404
2038-09-21,1.0048
2038-09-22,0.9599
2038-09-23,0.9242
2038-09-24,0.8966
2038-09-25,0.862
2038-09-26,0.8356
2038-09-27,0.8195
2038-09-28,0.8793
2038-09-29,0.8528
2038-09-30,0.8448
2038-10-01,0.8528
2038-10-02,0.862
2038-10-03,0.8885
2038-10-04,0.8793
2038-10-05,0.8689
2038-10-06,0.8528
2038-10-07,0.8356
2038-10-08,0.8275
2038-10-09,0.8448
2038-10-10,0.8103
2038-10-11,0.793
2038-10-12,0.7769
2038-10-13,0.7596
2038-10-14,0.7596
2038-10-15,0.7769
2038-10-16,0.7688
2038-10-17,0.7354
2038-10-18,0.7113
2038-10-19,0.7113
2038-10-20,0.7044
2038-10-21,0.6883
2038-10-22,0.6503
2038-10-23,0.6422
2038-10-24,0.6134
2038-10-25,0.6054
2038-10-26,0.5835
2038-10-27,0.5766
2038-10-28,0.5501
2038-10-29,0.5306
2038-10-30,0.5248
2038-10-31,0.5179
2038-11-01,0.5053
2038-11-02,0.4995
2038-11-03,0.5122
2038-11-04,0.5053
2038-11-05,0.7044
2038-11-06,1.0404
2038-11-07,1.0761
2038-11-08,1.1739
2038-11-09,1.243
2038-11-10,1.289
2038-11-11,1.3581
2038-11-12,1.3811
2038-11-13,1.4732
2038-11-14,1.5998
2038-11-15,1.7264
2038-11-16,1.8185
2038-11-17,1.8645
2038-11-18,1.8645
2038-11-19,1.8069
2038-11-20,1.8069
2038-11-21,1.7609
2038-11-22,1.7494
2038-11-23,1.7954
2038-11-24,1.9911
2038-11-25,2.0832
2038-11-26,2.0832
2038-11-27,2.1062
2038-11-28,2.0602
2038-11-29,2.0371
2038-11-30,2.0256
2039-07-15,0.5881
2039-07-16,0.5881
2039-07-17,0.549
2039-07-18,0.5191
2039-07-19,0.5007
2039-07-20,0.4995
2039-07-21,0.4822
2039-07-22,0.7124
2039-07-23,0.9288
2039-07-24,1.0496
2039-07-25,1.1095
2039-07-26,1.1095
2039-07-27,1.0991
2039-07-28,1.0991
2039-07-29,1.0404
2039-07-30,1.0025
2039-07-31,0.9461
2039-08-01,0.9104
2039-08-02,0.8586
2039-08-03,0.8091
2039-08-04,0.7516
2039-08-05,0.7124
2039-08-06,0.6906
2039-08-07,0.6756
2039-08-08,0.6756
2039-08-09,0.6388
2039-08-10,0.6111
2039-08-11,0.572
2039-08-12,0.534
2039-08-13,0.4937
2039-08-14,0.465
2039-08-15,0.4489
2039-08-16,0.427
2039-08-17,0.4109
2039-08-18,0.4005
2039-08-19,0.3902
2039-08-20,0.3706
2039-08-21,0.32
2039-08-22,0.32
2039-08-23,0.3107
2039-08-24,0.2935
2039-08-25,0.29
2039-08-26,0.2774
2039-08-27,0.2808
2039-08-28,0.2808
2039-08-29,0.2774
2039-08-30,0.2854
2039-08-31,0.29
2039-09-01,0.2854
2039-09-02,0.2854
2039-09-03,0.4212
2039-09-04,0.343
2039-09-05,0.3154
2039-09-06,0.3061
2039-09-07,0.3154
2039-09-08,0.3338
2039-09-09,0.3246
2039-09-10,0.3292
2039-09-11,0.3384
2039-09-12,0.3476
2039-09-13,0.3338
2039-09-14,0.32
2039-09-15,0.3061
2039-09-16,0.2981
2039-09-17,0.2935
2039-09-18,0.3027
2039-09-19,0.3027
2039-09-20,0.2981
2039-09-21,0.3027
2039-09-22,0.3902
2039-09-23,0.465
2039-09-24,0.4431
2039-09-25,0.4316
2039-09-26,0.427
2039-09-27,0.4212
2039-09-28,0.4005
2039-09-29,0.3959
2039-09-30,0.3902
2039-10-01,0.3856
2039-10-02,0.3787
2039-10-03,0.3706
2039-10-04,0.3602
2039-10-05,0.381
2039-10-06,0.526
2039-10-07,0.5202
2039-10-08,0.5271
2039-10-09,0.5363
2039-10-10,0.5409
2039-10-11,0.5467
2039-10-12,0.5432
2039-10-13,0.5766
2039-10-14,0.6088
2039-10-15,0.5996
2039-10-16,0.5801
2039-10-17,0.587
2039-10-18,0.5743
2039-10-19,0.5467
2039-10-20,0.526
2039-10-21,0.5087
2039-10-22,0.4983
2039-10-23,0.4868
2039-10-24,0.4753
2039-10-25,0.4638
2039-10-26,0.4512
2039-10-27,0.442
2039-10-28,0.435
2039-10-29,0.4304
2039-10-30,0.4224
2039-10-31,0.4155
2039-11-01,0.4063
2039-11-02,0.4028
2039-11-03,0.4247
2039-11-04,0.5743
2039-11-05,0.5824
2039-11-06,0.6836
2039-11-07,0.7734
2039-11-08,0.8298
2039-11-09,0.8678
2039-11-10,0.9
2039-11-11,0.9955
2039-11-12,1.2775
2039-11-13,1.4387
2039-11-14,1.5537
2039-11-15,1.5998
2039-11-16,1.6573
2039-11-17,1.899
2039-11-18,1.9451
2039-11-19,1.9451
2039-11-20,1.9566
2039-11-21,2.0026
2039-11-22,2.0947
2039-11-23,2.0717
2039-11-24,2.0832
2039-11-25,2.6126
2039-11-26,4.0282
2039-11-27,4.385
2039-11-28,4.5922
2039-11-29,4.6958
2039-11-30,4.7303
2040-07-15,1.922
2040-07-16,2.4515
2040-07-17,2.7507
2040-07-18,2.9233
2040-07-19,3.0039
2040-07-20,2.9809
2040-07-21,2.9003
2040-07-22,2.7622
2040-07-23,2.6586
2040-07-24,2.532
2040-07-25,2.3479
2040-07-26,2.2213
2040-07-27,2.0832
2040-07-28,1.9796
2040-07-29,1.8645
2040-07-30,1.7494
2040-07-31,1.6343
2040-08-01,1.5192
2040-08-02,1.4041
2040-08-03,1.3121
2040-08-04,1.22
2040-08-05,1.197
2040-08-06,1.243
2040-08-07,1.197
2040-08-08,1.1624
2040-08-09,1.106
2040-08-10,1.0635
2040-08-11,0.9875
2040-08-12,0.9449
2040-08-13,0.9127
2040-08-14,0.8701
2040-08-15,1.1072
2040-08-16,2.0602
2040-08-17,2.1292
2040-08-18,2.2443
2040-08-19,2.2443
2040-08-20,2.1752
2040-08-21,2.0602
2040-08-22,1.9566
2040-08-23,1.8415
2040-08-24,1.7609
2040-08-25,1.6688
2040-08-26,1.5768
2040-08-27,1.4732
2040-08-28,1.3811
2040-08-29,1.289
2040-08-30,1.2085
2040-08-31,1.1739
2040-09-01,1.1291
2040-09-02,1.0784
2040-09-03,1.0059
2040-09-04,0.9679
2040-09-05,0.9334
2040-09-06,0.877
2040-09-07,0.8264
2040-09-08,0.7872
2040-09-09,0.7504
2040-09-10,0.7032
2040-09-11,0.6595
2040-09-12,0.6169
2040-09-13,0.5927
2040-09-14,0.5651
2040-09-15,0.5294
2040-09-16,0.4995
2040-09-17,0.4765
2040-09-18,0.4581
2040-09-19,0.4431
2040-09-20,0.4397
2040-09-21,0.435
2040-09-22,0.4212
2040-09-23,0.4097
2040-09-24,0.3994
2040-09-25,0.3925
2040-09-26,0.3982
2040-09-27,0.389
2040-09-28,0.3787
2040-09-29,0.3683
2040-09-30,0.3568
2040-10-01,0.3453
2040-10-02,0.3407
2040-10-03,0.3913
2040-10-04,0.4028
2040-10-05,0.3913
2040-10-06,0.3798
2040-10-07,0.3798
2040-10-08,0.3856
2040-10-09,0.4028
2040-10-10,0.3971
2040-10-11,0.3971
2040-10-12,0.3971
2040-10-13,0.3971
2040-10-14,0.3913
2040-10-15,0.3856
2040-10-16,0.3798
2040-10-17,0.3741
2040-10-18,0.3683
2040-10-19,0.3625
2040-10-20,0.3568
2040-10-21,0.351
2040-10-22,0.3568
2040-10-23,0.351
2040-10-24,0.3453
2040-10-25,0.3349
2040-10-26,0.3246
2040-10-27,0.3246
2040-10-28,0.3407
2040-10-29,0.3292
2040-10-30,0.3246
2040-10-31,0.3131
2040-11-01,0.3084
2040-11-02,0.3084
2040-11-03,0.2831
2040-11-04,0.2831
2040-11-05,0.2877
2040-11-06,0.3084
2040-11-07,0.2981
2040-11-08,0.2935
2040-11-09,0.2877
2040-11-10,0.2935
2040-11-11,0.3188
2040-11-12,0.3856
2040-11-13,0.6088
2040-11-14,0.5962
2040-11-15,0.5824
2040-11-16,0.5824
2040-11-17,0.6019
2040-11-18,0.6422
2040-11-19,0.6836
2040-11-20,0.7032
2040-11-21,0.7136
2040-11-22,0.7032
2040-11-23,0.6906
2040-11-24,0.6733
2040-11-25,0.656
2040-11-26,0.6503
2040-11-27,0.6503
2040-11-28,0.6491
2040-11-29,0.6491
2040-11-30,0.7631
2041-07-15,1.6113
2041-07-16,1.9911
2041-07-17,2.1983
2041-07-18,2.2213
2041-07-19,2.1637
2041-07-20,2.0602
2041-07-21,1.9566
2041-07-22,1.83
2041-07-23,1.6688
2041-07-24,1.5422
2041-07-25,1.4271
2041-07-26,1.3811
2041-07-27,1.8645
2041-07-28,1.899
2041-07-29,1.9451
2041-07-30,1.9105
2041-07-31,1.8415
2041-08-01,1.8645
2041-08-02,1.8185
2041-08-03,1.7494
2041-08-04,1.6688
2041-08-05,1.5768
2041-08-06,1.4847
2041-08-07,1.3926
2041-08-08,1.3236
2041-08-09,1.243
2041-08-10,1.1498
2041-08-11,1.0773
2041-08-12,0.9921
2041-08-13,0.9207
2041-08-14,0.8736
2041-08-15,0.8287
2041-08-16,0.8068
2041-08-17,0.7412
2041-08-18,0.6836
2041-08-19,0.6503
2041-08-20,0.6203
2041-08-21,0.5927
2041-08-22,0.564
2041-08-23,0.5294
2041-08-24,0.5122
2041-08-25,0.4891
2041-08-26,0.4719
2041-08-27,0.4604
2041-08-28,0.4776
2041-08-29,0.4489
2041-08-30,0.4258
2041-08-31,0.4086
2041-09-01,0.3913
2041-09-02,0.3741
2041-09-03,0.3683
2041-09-04,0.3683
2041-09-05,0.3741
2041-09-06,0.3683
2041-09-07,0.3625
2041-09-08,0.351
2041-09-09,0.3338
2041-09-10,0.3223
2041-09-11,0.3338
2041-09-12,0.3223
2041-09-13,0.3107
2041-09-14,0.2992
2041-09-15,0.2877
2041-09-16,0.282
2041-09-17,0.2705
2041-09-18,0.2647
2041-09-19,0.259
2041-09-20,0.2532
2041-09-21,0.2474
2041-09-22,0.2417
2041-09-23,0.2359
2041-09-24,0.259
2041-09-25,0.2877
2041-09-26,0.2302
2041-09-27,0.2647
2041-09-28,0.5524
2041-09-29,0.4891
2041-09-30,0.4546
2041-10-01,0.4374
2041-10-02,0.4604
2041-10-03,0.4661
2041-10-04,0.4546
2041-10-05,0.4489
2041-10-06,0.4604
2041-10-07,0.4719
2041-10-08,0.4604
2041-10-09,0.4569
2041-10-10,0.45
2041-10-11,0.4523
2041-10-12,0.442
2041-10-13,0.435
2041-10-14,0.435
2041-10-15,0.435
2041-10-16,0.4546
2041-10-17,0.4397
2041-10-18,0.4385
2041-10-19,0.4327
2041-10-20,0.4097
2041-10-21,0.4063
2041-10-22,0.4005
2041-10-23,0.3925
2041-10-24,0.389
2041-10-25,0.3913
2041-10-26,0.3694
2041-10-27,0.3694
2041-10-28,0.3579
2041-10-29,0.3326
2041-10-30,0.3315
2041-10-31,0.3223
2041-11-01,0.3073
2041-11-02,0.3038
2041-11-03,0.3004
2041-11-04,0.2946
2041-11-05,0.2946
2041-11-06,0.3107
2041-11-07,0.5501
2041-11-08,0.7354
2041-11-09,0.8022
2041-11-10,0.8908
2041-11-11,0.9472
2041-11-12,0.9955
2041-11-13,1.0623
2041-11-14,1.0876
2041-11-15,1.0957
2041-11-16,1.0991
2041-11-17,1.1164
2041-11-18,1.1279
2041-11-19,1.1268
2041-11-20,1.1624
2041-11-21,1.1855
2041-11-22,1.1855
2041-11-23,1.2085
2041-11-24,1.197
2041-11-25,1.1509
2041-11-26,1.1198
2041-11-27,1.0945
2041-11-28,1.0496
2041-11-29,0.9932
2041-11-30,0.9576
2042-07-15,0.923
2042-07-16,0.9461
2042-07-17,0.9104
2042-07-18,0.9679
2042-07-19,0.9518
2042-07-20,0.938
2042-07-21,0.8943
2042-07-22,0.8759
2042-07-23,0.8264
2042-07-24,0.8033
2042-07-25,0.7711
2042-07-26,0.7354
2042-07-27,0.7205
2042-07-28,0.6894
2042-07-29,0.6526
2042-07-30,0.6307
2042-07-31,0.6583
2042-08-01,0.8793
2042-08-02,1.0128
2042-08-03,1.098
2042-08-04,1.1141
2042-08-05,1.1014
2042-08-06,1.0853
2042-08-07,1.0807
2042-08-08,1.1417
2042-08-09,1.2775
2042-08-10,1.4271
2042-08-11,1.5883
2042-08-12,1.6573
2042-08-13,1.6573
2042-08-14,1.6228
2042-08-15,1.5768
2042-08-16,1.6688
2042-08-17,1.7494
2042-08-18,1.7379
2042-08-19,1.7379
2042-08-20,1.7494
2042-08-21,1.7379
2042-08-22,1.7724
2042-08-23,1.7724
2042-08-24,2.3364
2042-08-25,2.9579
2042-08-26,3.2801
2042-08-27,3.4643
2042-08-28,3.4873
2042-08-29,3.3952
2042-08-30,3.2916
2042-08-31,3.1305
2042-09-01,2.9924
2042-09-02,2.8198
2042-09-03,2.6701
2042-09-04,2.509
2042-09-05,2.3479
2042-09-06,2.2328
2042-09-07,2.0832
2042-09-08,1.9681
2042-09-09,1.83
2042-09-10,1.7034
2042-09-11,1.6458
2042-09-12,1.9451
2042-09-13,2.1983
2042-09-14,2.1292
2042-09-15,2.0947
2042-09-16,2.0141
2042-09-17,1.922
2042-09-18,1.853
2042-09-19,1.7609
2042-09-20,1.6573
2042-09-21,1.5768
2042-09-22,1.4847
2042-09-23,1.4962
2042-09-24,1.6228
2042-09-25,1.7724
2042-09-26,1.7494
2042-09-27,1.7034
2042-09-28,1.6803
2042-09-29,1.6458
2042-09-30,1.9566
2042-10-01,2.0602
2042-10-02,2.1177
2042-10-03,2.1637
2042-10-04,2.1983
2042-10-05,2.1637
2042-10-06,2.1637
2042-10-07,2.1868
2042-10-08,2.1752
2042-10-09,2.1292
2042-10-10,2.0717
2042-10-11,2.0141
2042-10-12,1.9451
2042-10-13,1.876
2042-10-14,1.8185
2042-10-15,1.876
2042-10-16,1.8069
2042-10-17,1.7379
2042-10-18,1.6688
2042-10-19,1.6228
2042-10-20,1.5537
2042-10-21,1.5192
2042-10-22,1.4617
2042-10-23,1.4271
2042-10-24,1.3696
2042-10-25,1.3121
2042-10-26,1.2545
2042-10-27,1.2315
2042-10-28,1.266
2042-10-29,1.22
2042-10-30,1.243
2042-10-31,1.2315
2042-11-01,1.2315
2042-11-02,1.22
2042-11-03,1.197
2042-11-04,1.1855
2042-11-05,1.144
2042-11-06,1.1187
2042-11-07,1.0922
2042-11-08,1.0761
2042-11-09,1.1509
2042-11-10,1.1739
2042-11-11,1.1624
2042-11-12,1.1463
2042-11-13,1.1245
2042-11-14,1.0876
2042-11-15,1.0911
2042-11-16,1.075
2042-11-17,1.0635
2042-11-18,1.0404
2042-11-19,0.9967
2042-11-20,0.9656
2042-11-21,0.9587
2042-11-22,1.014
2042-11-23,1.0577
2042-11-24,1.0681
2042-11-25,1.0347
2042-11-26,1.0301
2042-11-27,1.0945
2042-11-28,1.1095
2042-11-29,1.1095
2042-11-30,1.0784
2043-07-15,0.8666
2043-07-16,0.7964
2043-07-17,0.7516
2043-07-18,0.6894
2043-07-19,0.6307
2043-07-20,0.6088
2043-07-21,0.5939
2043-07-22,0.5663
2043-07-23,0.5628
2043-07-24,0.7377
2043-07-25,0.8056
2043-07-26,0.7723
2043-07-27,0.7665
2043-07-28,0.7688
2043-07-29,0.7262
2043-07-30,0.7159
2043-07-31,0.6802
2043-08-01,0.6434
2043-08-02,0.6296
2043-08-03,0.6365
2043-08-04,0.6457
2043-08-05,0.6042
2043-08-06,0.5812
2043-08-07,0.5628
2043-08-08,0.5732
2043-08-09,0.625
2043-08-10,0.6054
2043-08-11,0.5824
2043-08-12,0.564
2043-08-13,0.549
2043-08-14,0.5306
2043-08-15,0.5122
2043-08-16,0.5237
2043-08-17,0.5214
2043-08-18,0.503
2043-08-19,0.4834
2043-08-20,0.4926
2043-08-21,0.4627
2043-08-22,0.4661
2043-08-23,0.496
2043-08-24,0.442
2043-08-25,0.4109
2043-08-26,0.3798
2043-08-27,0.3614
2043-08-28,0.3487
2043-08-29,0.3338
2043-08-30,0.3246
2043-08-31,0.3165
2043-09-01,0.3119
2043-09-02,0.2946
2043-09-03,0.2797
2043-09-04,0.2624
2043-09-05,0.2544
2043-09-06,0.2474
2043-09-07,0.2394
2043-09-08,0.2336
2043-09-09,0.2647
2043-09-10,0.3418
2043-09-11,0.3326
2043-09-12,0.3292
2043-09-13,0.3418
2043-09-14,0.549
2043-09-15,0.5732
2043-09-16,0.564
2043-09-17,0.5824
2043-09-18,0.5927
2043-09-19,0.5962
2043-09-20,0.5881
2043-09-21,0.6088
2043-09-22,0.7032
2043-09-23,0.7435
2043-09-24,0.7516
2043-09-25,0.7493
2043-09-26,0.7458
2043-09-27,0.7159
2043-09-28,0.7044
2043-09-29,0.6917
2043-09-30,0.686
2043-10-01,0.7274
2043-10-02,0.7331
2043-10-03,0.7308
2043-10-04,0.778
2043-10-05,0.9299
2043-10-06,0.9299
2043-10-07,0.9484
2043-10-08,0.9783
2043-10-09,0.9748
2043-10-10,0.9679
2043-10-11,0.9403
2043-10-12,0.9173
2043-10-13,0.8908
2043-10-14,0.8712
2043-10-15,0.8436
2043-10-16,0.8126
2043-10-17,0.7999
2043-10-18,0.7792
2043-10-19,0.7504
2043-10-20,0.7239
2043-10-21,0.7239
2043-10-22,0.686
2043-10-23,0.6652
2043-10-24,0.648
2043-10-25,0.8022
2043-10-26,0.8977
2043-10-27,0.8977
2043-10-28,0.9392
2043-10-29,1.0439
2043-10-30,1.0796
2043-10-31,1.0991
2043-11-01,1.1106
2043-11-02,1.1083
2043-11-03,1.1164
2043-11-04,1.2085
2043-11-05,1.4502
2043-11-06,1.4732
2043-11-07,1.4732
2043-11-08,1.4847
2043-11-09,1.4732
2043-11-10,1.4502
2043-11-11,1.4156
2043-11-12,1.3581
2043-11-13,1.3236
2043-11-14,1.3005
2043-11-15,1.2545
2043-11-16,1.2085
2043-11-17,1.1739
2043-11-18,1.22
2043-11-19,1.22
2043-11-20,1.197
2043-11-21,1.1855
2043-11-22,1.1394
2043-11-23,1.1026
2043-11-24,1.0853
2043-11-25,1.0416
2043-11-26,1.0117
2043-11-27,0.9702
2043-11-28,0.9334
2043-11-29,0.9046
2043-11-30,1.0082
2044-07-15,0.9345
2044-07-16,0.9322
2044-07-17,0.9184
2044-07-18,0.8908
2044-07-19,0.8897
2044-07-20,0.9299
2044-07-21,0.9299
2044-07-22,0.9288
2044-07-23,0.9046
2044-07-24,0.8828
2044-07-25,0.8494
2044-07-26,0.8287
2044-07-27,0.8022
2044-07-28,0.7446
2044-07-29,0.6975
2044-07-30,0.656
2044-07-31,0.6123
2044-08-01,0.5801
2044-08-02,0.5455
2044-08-03,0.5225
2044-08-04,0.5352
2044-08-05,0.5363
2044-08-06,0.534
2044-08-07,0.694
2044-08-08,0.6261
2044-08-09,0.6169
2044-08-10,0.625
2044-08-11,0.6146
2044-08-12,0.6077
2044-08-13,0.5939
2044-08-14,0.5766
2044-08-15,0.6457
2044-08-16,0.9783
2044-08-17,0.9115
2044-08-18,0.8759
2044-08-19,0.862
2044-08-20,0.8356
2044-08-21,0.7987
2044-08-22,0.74
2044-08-23,0.6986
2044-08-24,0.6606
2044-08-25,0.6606
2044-08-26,0.6986
2044-08-27,0.6675
2044-08-28,0.6721
2044-08-29,0.6767
2044-08-30,0.6457
2044-08-31,0.6192
2044-09-01,0.5939
2044-09-02,0.5801
2044-09-03,0.618
2044-09-04,0.5766
2044-09-05,0.5985
2044-09-06,0.587
2044-09-07,0.5547
2044-09-08,0.5283
2044-09-09,0.5053
2044-09-10,0.4891
2044-09-11,0.4546
2044-09-12,0.4293
2044-09-13,0.4454
2044-09-14,0.4281
2044-09-15,0.4281
2044-09-16,0.4051
2044-09-17,0.3936
2044-09-18,0.4109
2044-09-19,0.4247
2044-09-20,0.4063
2044-09-21,0.4086
2044-09-22,0.3867
2044-09-23,0.3752
2044-09-24,0.3637
2044-09-25,0.3499
2044-09-26,0.3384
2044-09-27,0.3246
2044-09-28,0.3257
2044-09-29,0.3119
2044-09-30,0.3131
2044-10-01,0.3073
2044-10-02,0.3073
2044-10-03,0.4247
2044-10-04,0.4201
2044-10-05,0.3913
2044-10-06,0.4074
2044-10-07,0.427
2044-10-08,0.4166
2044-10-09,0.412
2044-10-10,0.4166
2044-10-11,0.4374
2044-10-12,0.4868
2044-10-13,0.4788
2044-10-14,0.4788
2044-10-15,0.488
2044-10-16,0.4914
2044-10-17,0.5018
2044-10-18,0.5145
2044-10-19,0.5547
2044-10-20,0.5524
2044-10-21,0.5617
2044-10-22,0.572
2044-10-23,0.7596
2044-10-24,0.8436
2044-10-25,1.0554
2044-10-26,1.1855
2044-10-27,1.289
2044-10-28,1.4156
2044-10-29,1.5192
2044-10-30,1.5537
2044-10-31,1.5653
2044-11-01,1.5768
2044-11-02,1.876
2044-11-03,2.3249
2044-11-04,2.6011
2044-11-05,2.7967
2044-11-06,3.0154
2044-11-07,3.2111
2044-11-08,3.4988
2044-11-09,3.5794
2044-11-10,3.6599
2044-11-11,3.6599
2044-11-12,3.5448
2044-11-13,3.4643
2044-11-14,3.4182
2044-11-15,3.3262
2044-11-16,3.2226
2044-11-17,3.1881
2044-11-18,3.1075
2044-11-19,2.9579
2044-11-20,2.8543
2044-11-21,2.8198
2044-11-22,2.7507
2044-11-23,2.6126
2044-11-24,2.4515
2044-11-25,2.3134
2044-11-26,2.2098
2044-11-27,2.1177
2044-11-28,2.0486
2044-11-29,2.0717
2044-11-30,2.0256
2045-07-15,0.7274
2045-07-16,0.7009
2045-07-17,0.6641
2045-07-18,0.6468
2045-07-19,0.618
2045-07-20,0.5801
2045-07-21,0.557
2045-07-22,0.5329
2045-07-23,0.5053
2045-07-24,0.4857
2045-07-25,0.473
2045-07-26,0.4592
2045-07-27,0.4546
2045-07-28,0.5041
2045-07-29,0.5007
2045-07-30,0.488
2045-07-31,0.4742
2045-08-01,0.4627
2045-08-02,0.4512
2045-08-03,0.4569
2045-08-04,0.4569
2045-08-05,0.4546
2045-08-06,0.4661
2045-08-07,0.4868
2045-08-08,0.5007
2045-08-09,0.5076
2045-08-10,0.5099
2045-08-11,0.5076
2045-08-12,0.5076
2045-08-13,0.5478
2045-08-14,0.6019
2045-08-15,0.6215
2045-08-16,0.618
2045-08-17,0.6169
2045-08-18,0.5962
2045-08-19,0.5801
2045-08-20,0.5651
2045-08-21,0.5605
2045-08-22,0.5329
2045-08-23,0.5145
2045-08-24,0.4811
2045-08-25,0.4339
2045-08-26,0.404
2045-08-27,0.3867
2045-08-28,0.3706
2045-08-29,0.3637
2045-08-30,0.3614
2045-08-31,0.3579
2045-09-01,0.3579
2045-09-02,0.6388
2045-09-03,0.6572
2045-09-04,0.6906
2045-09-05,0.7216
2045-09-06,0.7343
2045-09-07,0.717
2045-09-08,0.6975
2045-09-09,0.679
2045-09-10,0.6606
2045-09-11,0.6238
2045-09-12,0.5778
2045-09-13,0.5559
2045-09-14,0.5363
2045-09-15,0.534
2045-09-16,0.5237
2045-09-17,0.5122
2045-09-18,0.496
2045-09-19,0.4845
2045-09-20,0.4811
2045-09-21,0.4834
2045-09-22,0.4788
2045-09-23,0.4995
2045-09-24,0.4615
2045-09-25,0.4466
2045-09-26,0.4339
2045-09-27,0.3959
2045-09-28,0.3936
2045-09-29,0.3821
2045-09-30,0.3568
2045-10-01,0.3453
2045-10-02,0.3418
2045-10-03,0.3602
2045-10-04,0.3407
2045-10-05,0.3292
2045-10-06,0.3246
2045-10-07,0.3234
2045-10-08,0.3131
2045-10-09,0.3038
2045-10-10,0.2935
2045-10-11,0.2866
2045-10-12,0.2843
2045-10-13,0.2774
2045-10-14,0.2659
2045-10-15,0.2624
2045-10-16,0.267
2045-10-17,0.2843
2045-10-18,0.2831
2045-10-19,0.2785
2045-10-20,0.2808
2045-10-21,0.3211
2045-10-22,0.3625
2045-10-23,0.3533
2045-10-24,0.3602
2045-10-25,0.3556
2045-10-26,0.3533
2045-10-27,0.3614
2045-10-28,0.3648
2045-10-29,0.3637
2045-10-30,0.3637
2045-10-31,0.3614
2045-11-01,0.3867
2045-11-02,0.4005
2045-11-03,0.404
2045-11-04,0.4224
2045-11-05,0.4316
2045-11-06,0.4489
2045-11-07,0.4466
2045-11-08,0.4558
2045-11-09,0.4891
2045-11-10,0.6457
2045-11-11,0.6721
2045-11-12,0.7136
2045-11-13,0.7366
2045-11-14,0.7861
2045-11-15,0.8563
2045-11-16,0.9725
2045-11-17,1.1855
2045-11-18,1.289
2045-11-19,1.3581
2045-11-20,1.4271
2045-11-21,1.4271
2045-11-22,1.3926
2045-11-23,1.3581
2045-11-24,1.3236
2045-11-25,1.289
2045-11-26,1.2775
2045-11-27,1.2315
2045-11-28,1.2085
2045-11-29,1.197
2045-11-30,1.1855
2046-07-15,0.5628
2046-07-16,0.5409
2046-07-17,0.511
2046-07-18,0.488
2046-07-19,0.4719
2046-07-20,0.4523
2046-07-21,0.4258
2046-07-22,0.4051
2046-07-23,0.4201
2046-07-24,0.5064
2046-07-25,0.526
2046-07-26,0.5375
2046-07-27,0.5478
2046-07-28,0.5697
2046-07-29,0.5617
2046-07-30,0.549
2046-07-31,0.534
2046-08-01,0.4914
2046-08-02,0.4512
2046-08-03,0.4293
2046-08-04,0.4178
2046-08-05,0.4051
2046-08-06,0.3948
2046-08-07,0.3787
2046-08-08,0.3775
2046-08-09,0.3706
2046-08-10,0.3487
2046-08-11,0.3476
2046-08-12,0.3533
2046-08-13,0.3533
2046-08-14,0.6618
2046-08-15,0.6399
2046-08-16,0.6146
2046-08-17,0.61
2046-08-18,0.6019
2046-08-19,0.6042
2046-08-20,0.595
2046-08-21,0.5766
2046-08-22,0.5513
2046-08-23,0.5294
2046-08-24,0.5076
2046-08-25,0.4857
2046-08-26,0.4627
2046-08-27,0.4454
2046-08-28,0.4281
2046-08-29,0.4385
2046-08-30,0.4431
2046-08-31,0.4247
2046-09-01,0.4109
2046-09-02,0.3925
2046-09-03,0.3637
2046-09-04,0.3487
2046-09-05,0.3303
2046-09-06,0.3119
2046-09-07,0.3131
2046-09-08,0.3073
2046-09-09,0.2992
2046-09-10,0.2889
2046-09-11,0.2682
2046-09-12,0.2613
2046-09-13,0.244
2046-09-14,0.2463
2046-09-15,0.2509
2046-09-16,0.2336
2046-09-17,0.2198
2046-09-18,0.2083
2046-09-19,0.1957
2046-09-20,0.1957
2046-09-21,0.1911
2046-09-22,0.1899
2046-09-23,0.3764
2046-09-24,0.5156
2046-09-25,0.5225
2046-09-26,0.5605
2046-09-27,0.595
2046-09-28,0.6146
2046-09-29,0.6388
2046-09-30,0.6767
2046-10-01,0.9553
2046-10-02,1.0335
2046-10-03,1.106
2046-10-04,1.1855
2046-10-05,1.2545
2046-10-06,1.289
2046-10-07,1.3236
2046-10-08,1.3466
2046-10-09,1.4041
2046-10-10,1.6573
2046-10-11,1.7494
2046-10-12,1.8645
2046-10-13,2.0602
2046-10-14,2.5435
2046-10-15,3.119
2046-10-16,3.4643
2046-10-17,3.6599
2046-10-18,3.7865
2046-10-19,3.9131
2046-10-20,3.9592
2046-10-21,3.9822
2046-10-22,3.9016
2046-10-23,3.7635
2046-10-24,4.385
2046-10-25,5.605
2046-10-26,6.0193
2046-10-27,6.0999
2046-10-28,5.9848
2046-10-29,5.8007
2046-10-30,5.5705
2046-10-31,5.2712
2046-11-01,4.9835
2046-11-02,4.7073
2046-11-03,4.4426
2046-11-04,4.2814
2046-11-05,4.1548
2046-11-06,3.9707
2046-11-07,3.8326
2046-11-08,3.6024
2046-11-09,3.3952
2046-11-10,3.2456
2046-11-11,3.3722
2046-11-12,3.3032
2046-11-13,3.1996
2046-11-14,3.0845
2046-11-15,3.0039
2046-11-16,2.9003
2046-11-17,2.8773
2046-11-18,2.8543
2046-11-19,2.8198
2046-11-20,2.8428
2046-11-21,2.7507
2046-11-22,2.7047
2046-11-23,2.6356
2046-11-24,2.5551
2046-11-25,2.532
2046-11-26,2.44
2046-11-27,2.3939
2046-11-28,2.3364
2046-11-29,2.4054
2046-11-30,2.486
2047-07-15,0.473
2047-07-16,0.4535
2047-07-17,0.4397
2047-07-18,0.4258
2047-07-19,0.4132
2047-07-20,0.3994
2047-07-21,0.3844
2047-07-22,0.3556
2047-07-23,0.3441
2047-07-24,0.3338
2047-07-25,0.3177
2047-07-26,0.3061
2047-07-27,0.3073
2047-07-28,0.2923
2047-07-29,0.2774
2047-07-30,0.267
2047-07-31,0.2601
2047-08-01,0.2509
2047-08-02,0.2509
2047-08-03,0.2509
2047-08-04,0.2451
2047-08-05,0.2405
2047-08-06,0.2382
2047-08-07,0.2233
2047-08-08,0.2129
2047-08-09,0.2095
2047-08-10,0.2405
2047-08-11,0.3522
2047-08-12,0.3717
2047-08-13,0.3418
2047-08-14,0.3188
2047-08-15,0.305
2047-08-16,0.2866
2047-08-17,0.2728
2047-08-18,0.2728
2047-08-19,0.259
2047-08-20,0.5041
2047-08-21,0.6215
2047-08-22,0.732
2047-08-23,0.77
2047-08-24,0.793
2047-08-25,0.8126
2047-08-26,0.8206
2047-08-27,0.8344
2047-08-28,0.8943
2047-08-29,0.8805
2047-08-30,0.8574
2047-08-31,1.136
2047-09-01,1.2315
2047-09-02,1.197
2047-09-03,1.1624
2047-09-04,1.1222
2047-09-05,1.0715
2047-09-06,1.0151
2047-09-07,0.9702
2047-09-08,0.9035
2047-09-09,0.8425
2047-09-10,0.8068
2047-09-11,0.755
2047-09-12,0.709
2047-09-13,0.6652
2047-09-14,0.6307
2047-09-15,0.6031
2047-09-16,0.6008
2047-09-17,0.5893
2047-09-18,0.5617
2047-09-19,0.5881
2047-09-20,0.625
2047-09-21,0.5962
2047-09-22,0.5789
2047-09-23,0.5651
2047-09-24,0.5444
2047-09-25,0.5927
2047-09-26,0.7918
2047-09-27,0.8413
2047-09-28,0.8494
2047-09-29,0.8643
2047-09-30,0.9173
2047-10-01,0.9668
2047-10-02,1.0013
2047-10-03,1.0473
2047-10-04,1.0519
2047-10-05,1.0727
2047-10-06,1.1141
2047-10-07,1.3926
2047-10-08,1.4271
2047-10-09,1.4847
2047-10-10,1.5192
2047-10-11,1.5422
2047-10-12,1.6458
2047-10-13,1.8069
2047-10-14,1.8069
2047-10-15,1.83
2047-10-16,1.9336
2047-10-17,2.0256
2047-10-18,2.0602
2047-10-19,2.0947
2047-10-20,2.1292
2047-10-21,2.1292
2047-10-22,2.1177
2047-10-23,2.1062
2047-10-24,2.0832
2047-10-25,2.0256
2047-10-26,2.0026
2047-10-27,2.1983
2047-10-28,2.5781
2047-10-29,2.5551
2047-10-30,2.5435
2047-10-31,2.5205
2047-11-01,2.5205
2047-11-02,2.4975
2047-11-03,2.44
2047-11-04,2.3364
2047-11-05,2.2443
2047-11-06,2.1637
2047-11-07,2.0717
2047-11-08,2.0026
2047-11-09,1.9105
2047-11-10,1.83
2047-11-11,1.7724
2047-11-12,1.7954
2047-11-13,1.7609
2047-11-14,1.7034
2047-11-15,1.6458
2047-11-16,1.5998
2047-11-17,1.5307
2047-11-18,1.4962
2047-11-19,1.4502
2047-11-20,1.4387
2047-11-21,1.5883
2047-11-22,1.6458
2047-11-23,1.6688
2047-11-24,1.7379
2047-11-25,1.9451
2047-11-26,1.9681
2047-11-27,1.9796
2047-11-28,1.9911
2047-11-29,1.9566
2047-11-30,1.9336
2048-07-15,2.6241
2048-07-16,2.5435
2048-07-17,2.463
2048-07-18,2.5205
2048-07-19,2.5781
2048-07-20,2.44
2048-07-21,2.4284
2048-07-22,2.3709
2048-07-23,2.2903
2048-07-24,2.1522
2048-07-25,2.0141
2048-07-26,1.922
2048-07-27,2.1292
2048-07-28,2.2328
2048-07-29,2.1292
2048-07-30,2.0256
2048-07-31,1.922
2048-08-01,2.2098
2048-08-02,2.3939
2048-08-03,2.4975
2048-08-04,2.5205
2048-08-05,2.9003
2048-08-06,2.8198
2048-08-07,2.7622
2048-08-08,2.6586
2048-08-09,2.5435
2048-08-10,2.4284
2048-08-11,2.2903
2048-08-12,2.1407
2048-08-13,2.0026
2048-08-14,1.876
2048-08-15,1.7609
2048-08-16,1.6688
2048-08-17,1.5768
2048-08-18,1.4847
2048-08-19,1.4271
2048-08-20,1.3466
2048-08-21,1.2545
2048-08-22,1.1739
2048-08-23,1.1175
2048-08-24,1.0588
2048-08-25,0.9967
2048-08-26,0.9392
2048-08-27,0.9023
2048-08-28,0.8931
2048-08-29,0.9104
2048-08-30,0.8931
2048-08-31,0.8908
2048-09-01,0.8574
2048-09-02,0.8114
2048-09-03,0.7838
2048-09-04,0.7573
2048-09-05,0.7228
2048-09-06,0.6998
2048-09-07,0.6767
2048-09-08,0.6537
2048-09-09,0.6319
2048-09-10,0.6111
2048-09-11,0.6767
2048-09-12,0.6307
2048-09-13,0.5996
2048-09-14,0.5743
2048-09-15,0.5444
2048-09-16,0.5133
2048-09-17,0.5053
2048-09-18,0.5306
2048-09-19,0.5547
2048-09-20,0.4995
2048-09-21,0.4673
2048-09-22,0.4822
2048-09-23,0.587
2048-09-24,0.5605
2048-09-25,0.526
2048-09-26,0.503
2048-09-27,0.4868
2048-09-28,0.4834
2048-09-29,0.4592
2048-09-30,0.4178
2048-10-01,0.4281
2048-10-02,0.4178
2048-10-03,0.412
2048-10-04,0.3982
2048-10-05,0.3821
2048-10-06,0.3683
2048-10-07,0.3591
2048-10-08,0.3522
2048-10-09,0.3464
2048-10-10,0.4316
2048-10-11,0.4397
2048-10-12,0.4178
2048-10-13,0.412
2048-10-14,0.3982
2048-10-15,0.3867
2048-10-16,0.3798
2048-10-17,0.3833
2048-10-18,0.3717
2048-10-19,0.3591
2048-10-20,0.3499
2048-10-21,0.3545
2048-10-22,0.3867
2048-10-23,0.3936
2048-10-24,0.4189
2048-10-25,0.4477
2048-10-26,0.6986
2048-10-27,0.9725
2048-10-28,1.0243
2048-10-29,1.0865
2048-10-30,1.136
2048-10-31,1.1624
2048-11-01,1.1739
2048-11-02,1.1739
2048-11-03,1.1855
2048-11-04,1.197
2048-11-05,1.2315
2048-11-06,1.2315
2048-11-07,1.22
2048-11-08,1.1855
2048-11-09,1.1624
2048-11-10,1.1245
2048-11-11,1.1256
2048-11-12,1.106
2048-11-13,1.2545
2048-11-14,1.289
2048-11-15,1.2775
2048-11-16,1.266
2048-11-17,1.266
2048-11-18,1.2315
2048-11-19,1.197
2048-11-20,1.1624
2048-11-21,1.1475
2048-11-22,1.1498
2048-11-23,1.1233
2048-11-24,1.1049
2048-11-25,1.0911
2048-11-26,1.0784
2048-11-27,1.1129
2048-11-28,1.1095
2048-11-29,1.0945
2048-11-30,1.0784
2049-07-15,0.7654
2049-07-16,0.7274
2049-07-17,0.6836
2049-07-18,0.6457
2049-07-19,0.6215
2049-07-20,0.6042
2049-07-21,0.5812
2049-07-22,0.5501
2049-07-23,0.5432
2049-07-24,0.5271
2049-07-25,0.503
2049-07-26,0.4845
2049-07-27,0.4742
2049-07-28,0.4535
2049-07-29,0.442
2049-07-30,0.4822
2049-07-31,0.4707
2049-08-01,0.4627
2049-08-02,0.4569
2049-08-03,0.4477
2049-08-04,0.4281
2049-08-05,0.427
2049-08-06,0.404
2049-08-07,0.3879
2049-08-08,0.381
2049-08-09,0.3683
2049-08-10,0.3579
2049-08-11,0.3545
2049-08-12,0.3464
2049-08-13,0.3338
2049-08-14,0.3131
2049-08-15,0.3004
2049-08-16,0.2912
2049-08-17,0.3131
2049-08-18,0.496
2049-08-19,0.5559
2049-08-20,0.5547
2049-08-21,0.5271
2049-08-22,0.5122
2049-08-23,0.4937
2049-08-24,0.4765
2049-08-25,0.5214
2049-08-26,0.4949
2049-08-27,0.4742
2049-08-28,0.4627
2049-08-29,0.4235
2049-08-30,0.3982
2049-08-31,0.3902
2049-09-01,0.3867
2049-09-02,0.3648
2049-09-03,0.3798
2049-09-04,0.4235
2049-09-05,0.4212
2049-09-06,0.412
2049-09-07,0.4638
2049-09-08,0.4742
2049-09-09,0.4753
2049-09-10,0.5087
2049-09-11,0.5835
2049-09-12,0.6031
2049-09-13,0.6111
2049-09-14,0.6123
2049-09-15,0.6088
2049-09-16,0.5858
2049-09-17,0.5732
2049-09-18,0.5582
2049-09-19,0.526
2049-09-20,0.4937
2049-09-21,0.4719
2049-09-22,0.4477
2049-09-23,0.4397
2049-09-24,0.4293
2049-09-25,0.4109
2049-09-26,0.3936
2049-09-27,0.4224
2049-09-28,0.5812
2049-09-29,0.5916
2049-09-30,0.5766
2049-10-01,0.572
2049-10-02,0.5881
2049-10-03,0.6595
2049-10-04,0.694
2049-10-05,0.7021
2049-10-06,0.6975
2049-10-07,0.7067
2049-10-08,0.6906
2049-10-09,0.7044
2049-10-10,0.7677
2049-10-11,0.7746
2049-10-12,0.7907
2049-10-13,0.9104
2049-10-14,0.9725
2049-10-15,1.0071
2049-10-16,1.045
2049-10-17,1.0738
2049-10-18,1.1509
2049-10-19,1.1509
2049-10-20,1.1624
2049-10-21,1.2545
2049-10-22,1.5998
2049-10-23,1.6803
2049-10-24,1.7954
2049-10-25,1.8415
2049-10-26,1.8645
2049-10-27,1.876
2049-10-28,1.876
2049-10-29,1.8645
2049-10-30,1.83
2049-10-31,1.7609
2049-11-01,1.7379
2049-11-02,1.7494
2049-11-03,1.7149
2049-11-04,1.6573
2049-11-05,1.6803
2049-11-06,2.0256
2049-11-07,2.1868
2049-11-08,2.2673
2049-11-09,2.3134
2049-11-10,2.3364
2049-11-11,2.3364
2049-11-12,2.3134
2049-11-13,2.2788
2049-11-14,2.2558
2049-11-15,2.2443
2049-11-16,2.2213
2049-11-17,2.1637
2049-11-18,2.0832
2049-11-19,2.0486
2049-11-20,2.2903
2049-11-21,2.3134
2049-11-22,2.3249
2049-11-23,2.3018
2049-11-24,2.2558
2049-11-25,2.1637
2049-11-26,2.0717
2049-11-27,1.9681
2049-11-28,1.9566
2049-11-29,2.1868
2049-11-30,2.0717
2050-07-15,1.5537
2050-07-16,1.4617
2050-07-17,1.3581
2050-07-18,1.289
2050-07-19,1.2315
2050-07-20,1.1509
2050-07-21,1.0876
2050-07-22,1.0623
2050-07-23,1.0508
2050-07-24,1.0324
2050-07-25,0.9967
2050-07-26,1.0059
2050-07-27,1.0704
2050-07-28,1.0301
2050-07-29,1.0312
2050-07-30,1.0025
2050-07-31,0.9817
2050-08-01,0.953
2050-08-02,0.9035
2050-08-03,0.8701
2050-08-04,0.8482
2050-08-05,0.8229
2050-08-06,0.7849
2050-08-07,0.755
2050-08-08,0.7274
2050-08-09,0.7009
2050-08-10,0.6767
2050-08-11,0.6365
2050-08-12,0.6008
2050-08-13,0.5812
2050-08-14,0.5709
2050-08-15,0.557
2050-08-16,0.5202
2050-08-17,0.4995
2050-08-18,0.4719
2050-08-19,0.4512
2050-08-20,0.4339
2050-08-21,0.442
2050-08-22,0.4535
2050-08-23,0.4258
2050-08-24,0.4109
2050-08-25,0.3902
2050-08-26,0.3775
2050-08-27,0.3637
2050-08-28,0.3568
2050-08-29,0.4063
2050-08-30,0.3683
2050-08-31,0.3464
2050-09-01,0.3303
2050-09-02,0.3096
2050-09-03,0.2946
2050-09-04,0.2808
2050-09-05,0.2693
2050-09-06,0.2751
2050-09-07,0.3061
2050-09-08,0.3027
2050-09-09,0.305
2050-09-10,0.3671
2050-09-11,0.3671
2050-09-12,0.3602
2050-09-13,0.3602
2050-09-14,0.3579
2050-09-15,0.351
2050-09-16,0.351
2050-09-17,0.3625
2050-09-18,0.3602
2050-09-19,0.3522
2050-09-20,0.343
2050-09-21,0.3338
2050-09-22,0.3269
2050-09-23,0.32
2050-09-24,0.3119
2050-09-25,0.3027
2050-09-26,0.2969
2050-09-27,0.2923
2050-09-28,0.3188
2050-09-29,0.3879
2050-09-30,0.404
2050-10-01,0.3741
2050-10-02,0.3579
2050-10-03,0.3441
2050-10-04,0.3349
2050-10-05,0.3303
2050-10-06,0.3188
2050-10-07,0.3107
2050-10-08,0.3038
2050-10-09,0.2992
2050-10-10,0.2946
2050-10-11,0.2751
2050-10-12,0.2705
2050-10-13,0.267
2050-10-14,0.2544
2050-10-15,0.2428
2050-10-16,0.2313
2050-10-17,0.2279
2050-10-18,0.2244
2050-10-19,0.2221
2050-10-20,0.2221
2050-10-21,0.2532
2050-10-22,0.2659
2050-10-23,0.2785
2050-10-24,0.29
2050-10-25,0.2912
2050-10-26,0.305
2050-10-27,0.2935
2050-10-28,0.2912
2050-10-29,0.2912
2050-10-30,0.2866
2050-10-31,0.282
2050-11-01,0.3165
2050-11-02,0.5099
2050-11-03,0.7619
2050-11-04,0.778
2050-11-05,0.8701
2050-11-06,0.976
2050-11-07,1.1348
2050-11-08,1.22
2050-11-09,1.2775
2050-11-10,1.3121
2050-11-11,1.3236
2050-11-12,1.3466
2050-11-13,1.3466
2050-11-14,1.3466
2050-11-15,1.3236
2050-11-16,1.289
2050-11-17,1.266
2050-11-18,1.2315
2050-11-19,1.197
2050-11-20,1.1337
2050-11-21,1.106
2050-11-22,1.1083
2050-11-23,1.0565
2050-11-24,1.0013
2050-11-25,0.9702
2050-11-26,0.923
2050-11-27,0.8736
2050-11-28,0.854
2050-11-29,0.839
2050-11-30,0.7987
2051-07-15,0.3775
2051-07-16,0.3476
2051-07-17,0.3372
2051-07-18,0.3372
2051-07-19,0.3234
2051-07-20,0.3027
2051-07-21,0.3338
2051-07-22,0.3349
2051-07-23,0.3338
2051-07-24,0.5766
2051-07-25,0.5156
2051-07-26,0.4765
2051-07-27,0.4661
2051-07-28,0.4466
2051-07-29,0.4408
2051-07-30,0.4189
2051-07-31,0.389
2051-08-01,0.3671
2051-08-02,0.3499
2051-08-03,0.3384
2051-08-04,0.3372
2051-08-05,0.3154
2051-08-06,0.3004
2051-08-07,0.2866
2051-08-08,0.2751
2051-08-09,0.2636
2051-08-10,0.2532
2051-08-11,0.244
2051-08-12,0.2382
2051-08-13,0.2313
2051-08-14,0.221
2051-08-15,0.2175
2051-08-16,0.206
2051-08-17,0.1876
2051-08-18,0.1738
2051-08-19,0.1623
2051-08-20,0.1554
2051-08-21,0.1473
2051-08-22,0.1335
2051-08-23,0.122
2051-08-24,0.1335
2051-08-25,0.1208
2051-08-26,0.1162
2051-08-27,0.1139
2051-08-28,0.107
2051-08-29,0.1036
2051-08-30,0.1036
2051-08-31,0.1013
2051-09-01,0.1024
2051-09-02,0.0978
2051-09-03,0.0921
2051-09-04,0.0875
2051-09-05,0.084
2051-09-06,0.0794
2051-09-07,0.0817
2051-09-08,0.0898
2051-09-09,0.084
2051-09-10,0.0794
2051-09-11,0.0748
2051-09-12,0.0725
2051-09-13,0.0714
2051-09-14,0.0725
2051-09-15,0.0737
2051-09-16,0.0725
2051-09-17,0.0714
2051-09-18,0.0817
2051-09-19,0.0771
2051-09-20,0.0748
2051-09-21,0.0725
2051-09-22,0.0714
2051-09-23,0.0714
2051-09-24,0.0679
2051-09-25,0.0656
2051-09-26,0.0633
2051-09-27,0.0633
2051-09-28,0.0621
2051-09-29,0.0575
2051-09-30,0.0564
2051-10-01,0.0552
2051-10-02,0.0529
2051-10-03,0.0495
2051-10-04,0.0483
2051-10-05,0.0483
2051-10-06,0.0483
2051-10-07,0.0483
2051-10-08,0.061
2051-10-09,0.0679
2051-10-10,0.0668
2051-10-11,0.0668
2051-10-12,0.0691
2051-10-13,0.0668
2051-10-14,0.0656
2051-10-15,0.0886
2051-10-16,0.1036
2051-10-17,0.0886
2051-10-18,0.084
2051-10-19,0.0806
2051-10-20,0.076
2051-10-21,0.0771
2051-10-22,0.1174
2051-10-23,0.1577
2051-10-24,0.1416
2051-10-25,0.137
2051-10-26,0.1266
2051-10-27,0.1255
2051-10-28,0.3602
2051-10-29,0.7228
2051-10-30,0.6088
2051-10-31,0.6284
2051-11-01,0.6629
2051-11-02,0.7147
2051-11-03,0.8402
2051-11-04,0.9714
2051-11-05,1.0071
2051-11-06,1.0531
2051-11-07,1.121
2051-11-08,1.4387
2051-11-09,1.5768
2051-11-10,1.6688
2051-11-11,1.7609
2051-11-12,1.9451
2051-11-13,2.0602
2051-11-14,2.1062
2051-11-15,2.6011
2051-11-16,3.4528
2051-11-17,3.8556
2051-11-18,4.0973
2051-11-19,4.1433
2051-11-20,4.1088
2051-11-21,4.0397
2051-11-22,3.9131
2051-11-23,3.752
2051-11-24,3.5333
2051-11-25,3.3032
2051-11-26,3.0845
2051-11-27,2.8543
2051-11-28,2.6932
2051-11-29,2.5205
2051-11-30,2.3364
2052-07-15,2.0717
2052-07-16,2.3134
2052-07-17,2.2558
2052-07-18,2.1983
2052-07-19,2.1983
2052-07-20,2.7277
2052-07-21,2.7852
2052-07-22,2.8198
2052-07-23,2.8083
2052-07-24,2.8313
2052-07-25,2.8773
2052-07-26,2.9694
2052-07-27,3.0499
2052-07-28,2.9694
2052-07-29,2.8313
2052-07-30,2.6471
2052-07-31,2.4975
2052-08-01,2.3364
2052-08-02,2.1868
2052-08-03,2.0256
2052-08-04,1.899
2052-08-05,1.7149
2052-08-06,1.5537
2052-08-07,1.4732
2052-08-08,1.3581
2052-08-09,1.3005
2052-08-10,1.22
2052-08-11,1.1245
2052-08-12,1.0635
2052-08-13,0.9955
2052-08-14,0.9035
2052-08-15,0.8436
2052-08-16,0.801
2052-08-17,0.7596
2052-08-18,0.7435
2052-08-19,0.7446
2052-08-20,0.7032
2052-08-21,0.6883
2052-08-22,0.6744
2052-08-23,0.6629
2052-08-24,0.656
2052-08-25,0.6503
2052-08-26,0.6284
2052-08-27,0.587
2052-08-28,0.5547
2052-08-29,0.5306
2052-08-30,0.4972
2052-08-31,0.4753
2052-09-01,0.4615
2052-09-02,0.45
2052-09-03,0.4212
2052-09-04,0.3982
2052-09-05,0.3833
2052-09-06,0.3602
2052-09-07,0.3372
2052-09-08,0.3257
2052-09-09,0.3856
2052-09-10,0.4339
2052-09-11,0.4109
2052-09-12,0.3959
2052-09-13,0.3856
2052-09-14,0.4489
2052-09-15,0.9081
2052-09-16,0.9219
2052-09-17,0.9357
2052-09-18,0.9576
2052-09-19,0.953
2052-09-20,0.9507
2052-09-21,0.9253
2052-09-22,0.8874
2052-09-23,0.8574
2052-09-24,0.8782
2052-09-25,0.8459
2052-09-26,0.7895
2052-09-27,0.7596
2052-09-28,0.7539
2052-09-29,0.7469
2052-09-30,0.7101
2052-10-01,0.6733
2052-10-02,0.6618
2052-10-03,0.6411
2052-10-04,0.5996
2052-10-05,0.5709
2052-10-06,0.5593
2052-10-07,0.5306
2052-10-08,0.4983
2052-10-09,0.5007
2052-10-10,0.5605
2052-10-11,0.6629
2052-10-12,0.656
2052-10-13,0.6583
2052-10-14,0.7078
2052-10-15,0.679
2052-10-16,0.6963
2052-10-17,0.6871
2052-10-18,0.686
2052-10-19,0.6813
2052-10-20,0.6698
2052-10-21,0.6618
2052-10-22,0.6652
2052-10-23,0.7458
2052-10-24,0.7711
2052-10-25,0.7999
2052-10-26,0.8033
2052-10-27,0.8091
2052-10-28,0.9345
2052-10-29,1.0301
2052-10-30,1.0934
2052-10-31,1.1739
2052-11-01,1.2315
2052-11-02,1.2545
2052-11-03,1.2545
2052-11-04,1.243
2052-11-05,1.2315
2052-11-06,1.22
2052-11-07,1.2315
2052-11-08,1.2545
2052-11-09,1.289
2052-11-10,1.3581
2052-11-11,1.3696
2052-11-12,1.3581
2052-11-13,1.3581
2052-11-14,1.3351
2052-11-15,1.2775
2052-11-16,1.2315
2052-11-17,1.2085
2052-11-18,1.1739
2052-11-19,1.1509
2052-11-20,1.1855
2052-11-21,1.197
2052-11-22,1.1855
2052-11-23,1.1739
2052-11-24,1.1245
2052-11-25,1.0968
2052-11-26,1.0704
2052-11-27,1.0036
2052-11-28,0.9829
2052-11-29,0.9553
2052-11-30,0.9081
2053-07-15,0.9104
2053-07-16,0.8736
2053-07-17,0.8241
2053-07-18,0.7849
2053-07-19,0.7446
2053-07-20,0.6813
2053-07-21,0.6514
2053-07-22,0.6146
2053-07-23,0.5766
2053-07-24,0.5605
2053-07-25,0.5294
2053-07-26,0.4983
2053-07-27,0.4972
2053-07-28,0.5375
2053-07-29,0.5018
2053-07-30,0.4673
2053-07-31,0.4454
2053-08-01,0.4408
2053-08-02,0.4132
2053-08-03,0.3879
2053-08-04,0.3717
2053-08-05,0.3522
2053-08-06,0.3372
2053-08-07,0.3234
2053-08-08,0.305
2053-08-09,0.2935
2053-08-10,0.2831
2053-08-11,0.2797
2053-08-12,0.282
2053-08-13,0.2751
2053-08-14,0.2854
2053-08-15,0.2728
2053-08-16,0.2797
2053-08-17,0.2785
2053-08-18,0.2613
2053-08-19,0.2498
2053-08-20,0.2463
2053-08-21,0.2474
2053-08-22,0.2946
2053-08-23,0.4155
2053-08-24,0.4512
2053-08-25,0.4178
2053-08-26,0.3959
2053-08-27,0.3844
2053-08-28,0.3982
2053-08-29,0.404
2053-08-30,0.4443
2053-08-31,0.4707
2053-09-01,0.4627
2053-09-02,0.4546
2053-09-03,0.4569
2053-09-04,0.442
2053-09-05,0.4247
2053-09-06,0.4143
2053-09-07,0.4063
2053-09-08,0.3879
2053-09-09,0.3821
2053-09-10,0.3741
2053-09-11,0.3683
2053-09-12,0.3568
2053-09-13,0.3441
2053-09-14,0.3326
2053-09-15,0.328
2053-09-16,0.3119
2053-09-17,0.2992
2053-09-18,0.2946
2053-09-19,0.2854
2053-09-20,0.2808
2053-09-21,0.2774
2053-09-22,0.267
2053-09-23,0.2659
2053-09-24,0.2555
2053-09-25,0.2521
2053-09-26,0.2451
2053-09-27,0.2382
2053-09-28,0.2336
2053-09-29,0.2428
2053-09-30,0.305
2053-10-01,0.29
2053-10-02,0.2762
2053-10-03,0.2705
2053-10-04,0.267
2053-10-05,0.2716
2053-10-06,0.2705
2053-10-07,0.2555
2053-10-08,0.2486
2053-10-09,0.2486
2053-10-10,0.2474
2053-10-11,0.2348
2053-10-12,0.2382
2053-10-13,0.2382
2053-10-14,0.2348
2053-10-15,0.2267
2053-10-16,0.2175
2053-10-17,0.2141
2053-10-18,0.2106
2053-10-19,0.2072
2053-10-20,0.2037
2053-10-21,0.2014
2053-10-22,0.2014
2053-10-23,0.2014
2053-10-24,0.2014
2053-10-25,0.1968
2053-10-26,0.1899
2053-10-27,0.1957
2053-10-28,0.221
2053-10-29,0.2325
2053-10-30,0.2348
2053-10-31,0.2371
2053-11-01,0.244
2053-11-02,0.3568
2053-11-03,0.6031
2053-11-04,0.6411
2053-11-05,0.7757
2053-11-06,0.8747
2053-11-07,0.9426
2053-11-08,1.0002
2053-11-09,1.0508
2053-11-10,1.1383
2053-11-11,1.2085
2053-11-12,1.22
2053-11-13,1.2085
2053-11-14,1.197
2053-11-15,1.1624
2053-11-16,1.1371
2053-11-17,1.0899
2053-11-18,1.0565
2053-11-19,1.0255
2053-11-20,0.9829
2053-11-21,0.9553
2053-11-22,0.9035
2053-11-23,0.8586
2053-11-24,0.8448
2053-11-25,0.8056
2053-11-26,0.7953
2053-11-27,0.7562
2053-11-28,0.7274
2053-11-29,0.7044
2053-11-30,0.6767
2054-07-15,1.4271
2054-07-16,1.3811
2054-07-17,1.3466
2054-07-18,1.3351
2054-07-19,1.2775
2054-07-20,1.2315
2054-07-21,1.1624
2054-07-22,1.098
2054-07-23,1.0427
2054-07-24,0.9898
2054-07-25,0.9092
2054-07-26,0.8586
2054-07-27,0.8183
2054-07-28,0.7976
2054-07-29,0.8114
2054-07-30,0.7907
2054-07-31,0.7539
2054-08-01,0.7067
2054-08-02,0.6767
2054-08-03,0.6411
2054-08-04,0.6146
2054-08-05,0.5835
2054-08-06,0.5536
2054-08-07,0.526
2054-08-08,0.5018
2054-08-09,0.488
2054-08-10,0.4707
2054-08-11,0.473
2054-08-12,0.496
2054-08-13,0.4753
2054-08-14,0.4615
2054-08-15,0.45
2054-08-16,0.4362
2054-08-17,0.4212
2054-08-18,0.427
2054-08-19,0.4017
2054-08-20,0.3798
2054-08-21,0.3671
2054-08-22,0.3545
2054-08-23,0.3395
2054-08-24,0.3384
2054-08-25,0.3372
2054-08-26,0.5087
2054-08-27,0.5605
2054-08-28,0.5789
2054-08-29,0.5409
2054-08-30,0.5294
2054-08-31,0.5053
2054-09-01,0.4937
2054-09-02,0.4822
2054-09-03,0.4753
2054-09-04,0.4742
2054-09-05,0.4466
2054-09-06,0.4304
2054-09-07,0.4143
2054-09-08,0.3971
2054-09-09,0.4857
2054-09-10,0.5962
2054-09-11,0.6226
2054-09-12,0.6422
2054-09-13,0.648
2054-09-14,0.6457
2054-09-15,0.6457
2054-09-16,0.6307
2054-09-17,0.6111
2054-09-18,0.5847
2054-09-19,0.5743
2054-09-20,0.5617
2054-09-21,0.5835
2054-09-22,0.7009
2054-09-23,0.6572
2054-09-24,0.6284
2054-09-25,0.6031
2054-09-26,0.5755
2054-09-27,0.5962
2054-09-28,0.6054
2054-09-29,0.5927
2054-09-30,0.5778
2054-10-01,0.5812
2054-10-02,0.6054
2054-10-03,0.5824
2054-10-04,0.5605
2054-10-05,0.5363
2054-10-06,0.5099
2054-10-07,0.5041
2054-10-08,0.511
2054-10-09,0.5191
2054-10-10,0.5099
2054-10-11,0.5133
2054-10-12,0.5225
2054-10-13,0.5283
2054-10-14,0.5191
2054-10-15,0.5053
2054-10-16,0.4903
2054-10-17,0.4937
2054-10-18,0.4914
2054-10-19,0.4765
2054-10-20,0.4661
2054-10-21,0.4535
2054-10-22,0.4362
2054-10-23,0.4316
2054-10-24,0.4304
2054-10-25,0.4189
2054-10-26,0.4109
2054-10-27,0.4028
2054-10-28,0.4132
2054-10-29,0.4143
2054-10-30,0.3994
2054-10-31,0.4868
2054-11-01,0.4972
2054-11-02,0.5363
2054-11-03,0.5617
2054-11-04,0.572
2054-11-05,0.5755
2054-11-06,0.5801
2054-11-07,0.5812
2054-11-08,0.5835
2054-11-09,0.5835
2054-11-10,0.5812
2054-11-11,0.6491
2054-11-12,0.7032
2054-11-13,0.7136
2054-11-14,0.7205
2054-11-15,0.7585
2054-11-16,0.7757
2054-11-17,0.778
2054-11-18,0.7608
2054-11-19,0.7493
2054-11-20,0.7746
2054-11-21,0.77
2054-11-22,0.7585
2054-11-23,0.7596
2054-11-24,0.7527
2054-11-25,0.7493
2054-11-26,0.7504
2054-11-27,0.7849
2054-11-28,0.7976
2054-11-29,0.7872
2054-11-30,0.7907
2055-07-15,0.4868
2055-07-16,0.4661
2055-07-17,0.4489
2055-07-18,0.4443
2055-07-19,0.4397
2055-07-20,0.412
2055-07-21,0.389
2055-07-22,0.3741
2055-07-23,0.3545
2055-07-24,0.3361
2055-07-25,0.3326
2055-07-26,0.6526
2055-07-27,0.8344
2055-07-28,0.8022
2055-07-29,0.854
2055-07-30,0.8666
2055-07-31,0.8551
2055-08-01,0.8114
2055-08-02,0.7469
2055-08-03,0.6986
2055-08-04,0.656
2055-08-05,0.6514
2055-08-06,0.7297
2055-08-07,0.6664
2055-08-08,0.6169
2055-08-09,0.5697
2055-08-10,0.5294
2055-08-11,0.4949
2055-08-12,0.4776
2055-08-13,0.4627
2055-08-14,0.5294
2055-08-15,0.5179
2055-08-16,0.4949
2055-08-17,0.4822
2055-08-18,0.465
2055-08-19,0.4489
2055-08-20,0.4362
2055-08-21,0.4281
2055-08-22,0.4132
2055-08-23,0.3982
2055-08-24,0.381
2055-08-25,0.3648
2055-08-26,0.351
2055-08-27,0.3372
2055-08-28,0.3269
2055-08-29,0.3038
2055-08-30,0.2785
2055-08-31,0.2624
2055-09-01,0.2521
2055-09-02,0.244
2055-09-03,0.2348
2055-09-04,0.2279
2055-09-05,0.2221
2055-09-06,0.2152
2055-09-07,0.2106
2055-09-08,0.2141
2055-09-09,0.2923
2055-09-10,0.3418
2055-09-11,0.7688
2055-09-12,0.7239
2055-09-13,0.74
2055-09-14,0.7723
2055-09-15,0.7815
2055-09-16,0.778
2055-09-17,1.0381
2055-09-18,1.6573
2055-09-19,1.8875
2055-09-20,2.0371
2055-09-21,2.1177
2055-09-22,2.2788
2055-09-23,2.4054
2055-09-24,2.4745
2055-09-25,2.6126
2055-09-26,2.5781
2055-09-27,2.509
2055-09-28,2.4054
2055-09-29,2.3249
2055-09-30,2.2443
2055-10-01,2.2098
2055-10-02,2.0947
2055-10-03,1.9911
2055-10-04,1.853
2055-10-05,1.7264
2055-10-06,1.6343
2055-10-07,1.4847
2055-10-08,1.4041
2055-10-09,1.3351
2055-10-10,1.289
2055-10-11,1.266
2055-10-12,1.2085
2055-10-13,1.1624
2055-10-14,1.1855
2055-10-15,1.243
2055-10-16,1.243
2055-10-17,1.266
2055-10-18,1.289
2055-10-19,1.3005
2055-10-20,1.3005
2055-10-21,1.289
2055-10-22,1.2775
2055-10-23,1.3696
2055-10-24,1.7149
2055-10-25,1.7724
2055-10-26,1.83
2055-10-27,1.853
2055-10-28,1.8645
2055-10-29,1.83
2055-10-30,1.8069
2055-10-31,1.7954
2055-11-01,1.7954
2055-11-02,1.7839
2055-11-03,1.8645
2055-11-04,2.0026
2055-11-05,1.9681
2055-11-06,1.9566
2055-11-07,1.899
2055-11-08,1.83
2055-11-09,1.7954
2055-11-10,1.7149
2055-11-11,1.6343
2055-11-12,1.5653
2055-11-13,1.4962
2055-11-14,1.5077
2055-11-15,1.6688
2055-11-16,1.7379
2055-11-17,1.7264
2055-11-18,1.7149
2055-11-19,1.6688
2055-11-20,1.6688
2055-11-21,1.6228
2055-11-22,1.6458
2055-11-23,1.6803
2055-11-24,1.7034
2055-11-25,1.7034
2055-11-26,1.7149
2055-11-27,2.2328
2055-11-28,2.6126
2055-11-29,2.7507
2055-11-30,2.8543
2056-07-15,0.717
2056-07-16,0.6733
2056-07-17,0.648
2056-07-18,0.6641
2056-07-19,0.7193
2056-07-20,0.6664
2056-07-21,0.6399
2056-07-22,0.6411
2056-07-23,0.7849
2056-07-24,0.7953
2056-07-25,0.793
2056-07-26,0.7941
2056-07-27,0.7861
2056-07-28,0.7619
2056-07-29,0.7308
2056-07-30,0.7067
2056-07-31,0.679
2056-08-01,0.6526
2056-08-02,0.6261
2056-08-03,0.6042
2056-08-04,0.5847
2056-08-05,0.5513
2056-08-06,0.5237
2056-08-07,0.5053
2056-08-08,0.4914
2056-08-09,0.4845
2056-08-10,0.5145
2056-08-11,0.473
2056-08-12,0.4581
2056-08-13,0.442
2056-08-14,0.4247
2056-08-15,0.4132
2056-08-16,0.4212
2056-08-17,0.4615
2056-08-18,0.4546
2056-08-19,0.4235
2056-08-20,0.4166
2056-08-21,0.4304
2056-08-22,0.4097
2056-08-23,0.3959
2056-08-24,0.4523
2056-08-25,0.4397
2056-08-26,0.4224
2056-08-27,0.404
2056-08-28,0.3787
2056-08-29,0.3637
2056-08-30,0.3556
2056-08-31,0.3407
2056-09-01,0.3269
2056-09-02,0.3096
2056-09-03,0.2958
2056-09-04,0.2808
2056-09-05,0.2601
2056-09-06,0.2486
2056-09-07,0.2405
2056-09-08,0.2313
2056-09-09,0.2175
2056-09-10,0.2083
2056-09-11,0.2026
2056-09-12,0.2003
2056-09-13,0.1945
2056-09-14,0.1864
2056-09-15,0.1864
2056-09-16,0.1922
2056-09-17,0.183
2056-09-18,0.1749
2056-09-19,0.1703
2056-09-20,0.1634
2056-09-21,0.1611
2056-09-22,0.1496
2056-09-23,0.1404
2056-09-24,0.1692
2056-09-25,0.1692
2056-09-26,0.1588
2056-09-27,0.1508
2056-09-28,0.137
2056-09-29,0.1301
2056-09-30,0.1278
2056-10-01,0.1231
2056-10-02,0.1197
2056-10-03,0.1197
2056-10-04,0.1116
2056-10-05,0.107
2056-10-06,0.107
2056-10-07,0.1139
2056-10-08,0.1151
2056-10-09,0.1139
2056-10-10,0.1473
2056-10-11,0.1957
2056-10-12,0.206
2056-10-13,0.1968
2056-10-14,0.2003
2056-10-15,0.2175
2056-10-16,0.2164
2056-10-17,0.2118
2056-10-18,0.2141
2056-10-19,0.2382
2056-10-20,0.2428
2056-10-21,0.2474
2056-10-22,0.2359
2056-10-23,0.2382
2056-10-24,0.2371
2056-10-25,0.2336
2056-10-26,0.2336
2056-10-27,0.2348
2056-10-28,0.2313
2056-10-29,0.2428
2056-10-30,0.2693
2056-10-31,0.2751
2056-11-01,0.2866
2056-11-02,0.3038
2056-11-03,0.3257
2056-11-04,0.343
2056-11-05,0.3579
2056-11-06,0.4132
2056-11-07,0.4558
2056-11-08,0.4822
2056-11-09,0.5064
2056-11-10,0.5283
2056-11-11,0.5352
2056-11-12,0.5306
2056-11-13,0.5409
2056-11-14,0.5628
2056-11-15,0.8045
2056-11-16,0.9852
2056-11-17,1.0105
2056-11-18,1.0439
2056-11-19,1.0842
2056-11-20,1.1095
2056-11-21,1.1233
2056-11-22,1.1233
2056-11-23,1.1164
2056-11-24,1.0957
2056-11-25,1.0658
2056-11-26,1.0519
2056-11-27,1.0542
2056-11-28,1.083
2056-11-29,1.083
2056-11-30,1.0692
2057-07-15,0.5352
2057-07-16,0.5352
2057-07-17,0.6434
2057-07-18,0.976
2057-07-19,0.8517
2057-07-20,0.8218
2057-07-21,0.8114
2057-07-22,0.8056
2057-07-23,0.8678
2057-07-24,0.8828
2057-07-25,0.8459
2057-07-26,0.7918
2057-07-27,0.7412
2057-07-28,0.7136
2057-07-29,0.6929
2057-07-30,0.6583
2057-07-31,0.6203
2057-08-01,0.5881
2057-08-02,0.5663
2057-08-03,0.5294
2057-08-04,0.5007
2057-08-05,0.4765
2057-08-06,0.4523
2057-08-07,0.4212
2057-08-08,0.381
2057-08-09,0.3625
2057-08-10,0.3476
2057-08-11,0.3154
2057-08-12,0.2992
2057-08-13,0.2877
2057-08-14,0.2716
2057-08-15,0.2555
2057-08-16,0.2498
2057-08-17,0.2394
2057-08-18,0.2325
2057-08-19,0.2141
2057-08-20,0.2003
2057-08-21,0.2164
2057-08-22,0.2152
2057-08-23,0.2106
2057-08-24,0.1945
2057-08-25,0.1818
2057-08-26,0.1761
2057-08-27,0.1841
2057-08-28,0.1726
2057-08-29,0.1634
2057-08-30,0.1519
2057-08-31,0.1531
2057-09-01,0.2498
2057-09-02,0.2417
2057-09-03,0.2118
2057-09-04,0.206
2057-09-05,0.1968
2057-09-06,0.1888
2057-09-07,0.1841
2057-09-08,0.1761
2057-09-09,0.1715
2057-09-10,0.168
2057-09-11,0.1669
2057-09-12,0.1531
2057-09-13,0.1496
2057-09-14,0.1358
2057-09-15,0.1278
2057-09-16,0.1231
2057-09-17,0.1162
2057-09-18,0.1093
2057-09-19,0.1024
2057-09-20,0.1013
2057-09-21,0.107
2057-09-22,0.1162
2057-09-23,0.137
2057-09-24,0.1358
2057-09-25,0.1393
2057-09-26,0.3223
2057-09-27,0.3131
2057-09-28,0.3096
2057-09-29,0.3142
2057-09-30,0.3165
2057-10-01,0.3165
2057-10-02,0.3131
2057-10-03,0.3073
2057-10-04,0.3096
2057-10-05,0.3038
2057-10-06,0.3142
2057-10-07,0.3084
2057-10-08,0.2981
2057-10-09,0.2889
2057-10-10,0.282
2057-10-11,0.2762
2057-10-12,0.2682
2057-10-13,0.2613
2057-10-14,0.2601
2057-10-15,0.2555
2057-10-16,0.2498
2057-10-17,0.3119
2057-10-18,0.3648
2057-10-19,0.3246
2057-10-20,0.3234
2057-10-21,0.3315
2057-10-22,0.3671
2057-10-23,0.3717
2057-10-24,0.4293
2057-10-25,0.4431
2057-10-26,0.5283
2057-10-27,0.5398
2057-10-28,0.5421
2057-10-29,0.5559
2057-10-30,0.5455
2057-10-31,0.549
2057-11-01,0.5536
2057-11-02,0.5605
2057-11-03,0.549
2057-11-04,0.5409
2057-11-05,0.5306
2057-11-06,0.5179
2057-11-07,0.4949
2057-11-08,0.496
2057-11-09,0.5191
2057-11-10,0.5041
2057-11-11,0.4926
2057-11-12,0.4765
2057-11-13,0.4615
2057-11-14,0.4638
2057-11-15,0.4581
2057-11-16,0.4569
2057-11-17,0.4443
2057-11-18,0.4466
2057-11-19,0.4443
2057-11-20,0.4466
2057-11-21,0.4408
2057-11-22,0.4374
2057-11-23,0.4304
2057-11-24,0.4316
2057-11-25,0.435
2057-11-26,0.4385
2057-11-27,0.4201
2057-11-28,0.4212
2057-11-29,0.412
2057-11-30,0.4523
2058-07-15,1.5077
2058-07-16,1.5192
2058-07-17,1.5537
2058-07-18,1.5192
2058-07-19,1.4847
2058-07-20,1.4962
2058-07-21,1.4387
2058-07-22,1.3926
2058-07-23,1.3236
2058-07-24,1.2545
2058-07-25,1.1739
2058-07-26,1.1083
2058-07-27,1.0404
2058-07-28,0.976
2058-07-29,0.9369
2058-07-30,0.8874
2058-07-31,0.831
2058-08-01,0.7872
2058-08-02,0.7642
2058-08-03,0.7366
2058-08-04,0.6917
2058-08-05,0.6572
2058-08-06,0.6019
2058-08-07,0.5478
2058-08-08,0.5202
2058-08-09,0.4903
2058-08-10,0.4638
2058-08-11,0.4431
2058-08-12,0.4178
2058-08-13,0.3913
2058-08-14,0.3729
2058-08-15,0.3568
2058-08-16,0.3338
2058-08-17,0.3131
2058-08-18,0.3119
2058-08-19,0.3073
2058-08-20,0.2785
2058-08-21,0.2601
2058-08-22,0.2509
2058-08-23,0.2336
2058-08-24,0.2233
2058-08-25,0.2118
2058-08-26,0.2003
2058-08-27,0.1807
2058-08-28,0.168
2058-08-29,0.1634
2058-08-30,0.1542
2058-08-31,0.1404
2058-09-01,0.1335
2058-09-02,0.1301
2058-09-03,0.1243
2058-09-04,0.1266
2058-09-05,0.1143
2058-09-06,0.0992
2058-09-07,0.0992
2058-09-08,0.0979
2058-09-09,0.0983
2058-09-10,0.0963
2058-09-11,0.122
2058-09-12,0.1957
2058-09-13,0.1807
2058-09-14,0.1646
2058-09-15,0.1761
2058-09-16,0.1703
2058-09-17,0.1646
2058-09-18,0.1531
2058-09-19,0.1496
2058-09-20,0.1485
2058-09-21,0.1473
2058-09-22,0.1519
2058-09-23,0.1669
2058-09-24,0.1565
2058-09-25,0.1531
2058-09-26,0.1508
2058-09-27,0.1485
2058-09-28,0.1519
2058-09-29,0.1439
2058-09-30,0.1393
2058-10-01,0.1427
2058-10-02,0.1393
2058-10-03,0.1289
2058-10-04,0.1266
2058-10-05,0.1358
2058-10-06,0.1162
2058-10-07,0.1162
2058-10-08,0.107
2058-10-09,0.0978
2058-10-10,0.1019
2058-10-11,0.1039
2058-10-12,0.1001
2058-10-13,0.1022
2058-10-14,0.1066
2058-10-15,0.0978
2058-10-16,0.0967
2058-10-17,0.1588
2058-10-18,0.2026
2058-10-19,0.1864
2058-10-20,0.2026
2058-10-21,0.2118
2058-10-22,0.2141
2058-10-23,0.2198
2058-10-24,0.2302
2058-10-25,0.2405
2058-10-26,0.2521
2058-10-27,0.2843
2058-10-28,0.3073
2058-10-29,0.2969
2058-10-30,0.2923
2058-10-31,0.2958
2058-11-01,0.2969
2058-11-02,0.2935
2058-11-03,0.2877
2058-11-04,0.2866
2058-11-05,0.29
2058-11-06,0.2981
2058-11-07,0.2969
2058-11-08,0.2935
2058-11-09,0.2969
2058-11-10,0.2946
2058-11-11,0.32
2058-11-12,0.3637
2058-11-13,0.3867
2058-11-14,0.412
2058-11-15,0.4339
2058-11-16,0.4339
2058-11-17,0.4431
2058-11-18,0.4903
2058-11-19,0.5294
2058-11-20,0.5501
2058-11-21,0.5536
2058-11-22,0.5766
2058-11-23,0.8033
2058-11-24,0.8954
2058-11-25,0.9737
2058-11-26,1.0301
2058-11-27,1.0658
2058-11-28,1.0635
2058-11-29,1.0704
2058-11-30,1.0853
2059-07-15,0.755
2059-07-16,0.7297
2059-07-17,0.7009
2059-07-18,0.6606
2059-07-19,0.6273
2059-07-20,0.5962
2059-07-21,0.5835
2059-07-22,0.6687
2059-07-23,0.7493
2059-07-24,0.915
2059-07-25,1.1739
2059-07-26,1.22
2059-07-27,1.3811
2059-07-28,1.4502
2059-07-29,1.4732
2059-07-30,1.5537
2059-07-31,1.7379
2059-08-01,1.7609
2059-08-02,1.8415
2059-08-03,1.8069
2059-08-04,1.7954
2059-08-05,2.509
2059-08-06,3.3607
2059-08-07,4.0282
2059-08-08,4.3965
2059-08-09,5.2022
2059-08-10,5.7086
2059-08-11,6.9861
2059-08-12,7.2508
2059-08-13,7.0897
2059-08-14,6.6178
2059-08-15,6.0999
2059-08-16,5.6165
2059-08-17,5.1907
2059-08-18,4.6727
2059-08-19,4.2584
2059-08-20,3.8901
2059-08-21,3.6024
2059-08-22,3.3032
2059-08-23,3.0039
2059-08-24,2.7737
2059-08-25,2.5666
2059-08-26,2.3824
2059-08-27,2.2443
2059-08-28,2.0602
2059-08-29,1.922
2059-08-30,1.8069
2059-08-31,1.6803
2059-09-01,1.5537
2059-09-02,1.4502
2059-09-03,1.3466
2059-09-04,1.2775
2059-09-05,1.197
2059-09-06,1.1152
2059-09-07,1.0427
2059-09-08,0.9737
2059-09-09,0.9173
2059-09-10,0.8609
2059-09-11,0.8172
2059-09-12,0.7746
2059-09-13,0.7423
2059-09-14,0.7067
2059-09-15,0.679
2059-09-16,0.6664
2059-09-17,0.671
2059-09-18,0.6399
2059-09-19,0.61
2059-09-20,0.5985
2059-09-21,0.5847
2059-09-22,0.5617
2059-09-23,0.5536
2059-09-24,0.5513
2059-09-25,0.5352
2059-09-26,0.4983
2059-09-27,0.4857
2059-09-28,0.6411
2059-09-29,2.3709
2059-09-30,2.0832
2059-10-01,2.1752
2059-10-02,2.2558
2059-10-03,2.2788
2059-10-04,2.2443
2059-10-05,2.4054
2059-10-06,2.3479
2059-10-07,2.2788
2059-10-08,2.2213
2059-10-09,2.1177
2059-10-10,2.0256
2059-10-11,1.9336
2059-10-12,1.853
2059-10-13,1.7724
2059-10-14,1.6919
2059-10-15,1.7034
2059-10-16,1.8415
2059-10-17,1.7954
2059-10-18,1.7609
2059-10-19,1.7264
2059-10-20,1.6803
2059-10-21,1.6458
2059-10-22,1.6228
2059-10-23,1.6113
2059-10-24,1.6343
2059-10-25,1.6113
2059-10-26,1.6113
2059-10-27,2.0486
2059-10-28,2.7737
2059-10-29,3.6139
2059-10-30,5.3403
2059-10-31,5.6971
2059-11-01,5.8697
2059-11-02,5.7661
2059-11-03,5.5359
2059-11-04,5.2252
2059-11-05,5.0065
2059-11-06,4.7188
2059-11-07,4.4656
2059-11-08,4.1663
2059-11-09,3.8671
2059-11-10,3.6254
2059-11-11,3.3952
2059-11-12,3.2111
2059-11-13,3.2571
2059-11-14,3.3492
2059-11-15,3.2801
2059-11-16,3.2111
2059-11-17,3.119
2059-11-18,2.9924
2059-11-19,2.9349
2059-11-20,3.142
2059-11-21,3.4182
2059-11-22,3.5103
2059-11-23,3.5564
2059-11-24,3.5564
2059-11-25,3.4758
2059-11-26,3.3492
2059-11-27,3.2111
2059-11-28,3.1305
2059-11-29,3.9822
2059-11-30,4.2354
2060-07-15,1.9105
2060-07-16,1.9566
2060-07-17,1.8875
2060-07-18,1.8069
2060-07-19,1.7494
2060-07-20,1.6919
2060-07-21,1.6228
2060-07-22,1.5422
2060-07-23,1.4962
2060-07-24,1.4732
2060-07-25,1.3696
2060-07-26,1.289
2060-07-27,1.2085
2060-07-28,1.1394
2060-07-29,1.0968
2060-07-30,1.06
2060-07-31,1.0163
2060-08-01,1.1855
2060-08-02,1.1624
2060-08-03,1.1509
2060-08-04,1.1164
2060-08-05,1.0784
2060-08-06,1.0301
2060-08-07,0.9748
2060-08-08,0.9564
2060-08-09,0.9357
2060-08-10,0.8908
2060-08-11,0.9737
2060-08-12,1.037
2060-08-13,2.8658
2060-08-14,4.1318
2060-08-15,4.2929
2060-08-16,4.339
2060-08-17,4.2124
2060-08-18,3.9822
2060-08-19,3.752
2060-08-20,3.4643
2060-08-21,3.1881
2060-08-22,2.9579
2060-08-23,2.7392
2060-08-24,2.5205
2060-08-25,2.3249
2060-08-26,2.1752
2060-08-27,2.0371
2060-08-28,1.8875
2060-08-29,1.7609
2060-08-30,1.6803
2060-08-31,1.6803
2060-09-01,1.5768
2060-09-02,1.4502
2060-09-03,1.3926
2060-09-04,1.3351
2060-09-05,1.243
2060-09-06,1.1624
2060-09-07,1.106
2060-09-08,1.0577
2060-09-09,1.1083
2060-09-10,2.0026
2060-09-11,2.2328
2060-09-12,2.3594
2060-09-13,2.4169
2060-09-14,2.3939
2060-09-15,2.3364
2060-09-16,2.2558
2060-09-17,2.1522
2060-09-18,2.0256
2060-09-19,1.8875
2060-09-20,1.7954
2060-09-21,1.6919
2060-09-22,1.6113
2060-09-23,1.5192
2060-09-24,1.4502
2060-09-25,1.3926
2060-09-26,1.3005
2060-09-27,1.243
2060-09-28,1.1624
2060-09-29,1.1083
2060-09-30,1.0577
2060-10-01,0.9863
2060-10-02,0.9449
2060-10-03,0.8977
2060-10-04,0.854
2060-10-05,0.7918
2060-10-06,0.7654
2060-10-07,0.7274
2060-10-08,0.6998
2060-10-09,0.6848
2060-10-10,0.6526
2060-10-11,0.6134
2060-10-12,0.6042
2060-10-13,0.656
2060-10-14,0.6353
2060-10-15,0.6157
2060-10-16,0.8252
2060-10-17,0.9806
2060-10-18,0.9599
2060-10-19,0.9334
2060-10-20,0.9184
2060-10-21,0.9058
2060-10-22,0.8874
2060-10-23,0.8655
2060-10-24,0.839
2060-10-25,0.8172
2060-10-26,0.7907
2060-10-27,0.7631
2060-10-28,0.7354
2060-10-29,0.7159
2060-10-30,0.6975
2060-10-31,0.7216
2060-11-01,0.6975
2060-11-02,0.6836
2060-11-03,0.6813
2060-11-04,0.6698
2060-11-05,0.7044
2060-11-06,0.732
2060-11-07,0.7366
2060-11-08,0.7205
2060-11-09,0.7044
2060-11-10,0.686
2060-11-11,0.686
2060-11-12,0.6526
2060-11-13,0.6261
2060-11-14,0.61
2060-11-15,0.6054
2060-11-16,0.5893
2060-11-17,0.572
2060-11-18,0.5709
2060-11-19,0.5605
2060-11-20,0.5478
2060-11-21,0.5478
2060-11-22,0.5409
2060-11-23,0.5329
2060-11-24,0.5363
2060-11-25,0.8264
2060-11-26,1.0496
2060-11-27,1.0934
2060-11-28,1.22
2060-11-29,1.7839
2060-11-30,2.0371
2061-07-15,1.3236
2061-07-16,1.3121
2061-07-17,1.3005
2061-07-18,1.2775
2061-07-19,1.266
2061-07-20,1.243
2061-07-21,1.1624
2061-07-22,1.0819
2061-07-23,1.0462
2061-07-24,0.9622
2061-07-25,0.9161
2061-07-26,0.8551
2061-07-27,0.8436
2061-07-28,0.801
2061-07-29,0.7573
2061-07-30,0.6986
2061-07-31,0.6526
2061-08-01,0.6319
2061-08-02,0.6088
2061-08-03,0.5697
2061-08-04,0.5432
2061-08-05,0.5271
2061-08-06,0.4811
2061-08-07,0.4696
2061-08-08,0.4212
2061-08-09,0.4005
2061-08-10,0.3867
2061-08-11,0.3717
2061-08-12,0.3533
2061-08-13,0.3499
2061-08-14,0.3246
2061-08-15,0.3027
2061-08-16,0.282
2061-08-17,0.2636
2061-08-18,0.2359
2061-08-19,0.2221
2061-08-20,0.2198
2061-08-21,0.2486
2061-08-22,0.2762
2061-08-23,0.2797
2061-08-24,0.2417
2061-08-25,0.221
2061-08-26,0.2049
2061-08-27,0.1934
2061-08-28,0.1899
2061-08-29,0.1911
2061-08-30,0.2198
2061-08-31,0.3556
2061-09-01,1.1429
2061-09-02,0.6883
2061-09-03,0.625
2061-09-04,0.5801
2061-09-05,0.5536
2061-09-06,0.5283
2061-09-07,0.5145
2061-09-08,0.5145
2061-09-09,0.5076
2061-09-10,0.4845
2061-09-11,0.4592
2061-09-12,0.4408
2061-09-13,0.4362
2061-09-14,0.4304
2061-09-15,0.4143
2061-09-16,0.3948
2061-09-17,0.4028
2061-09-18,0.4178
2061-09-19,0.4247
2061-09-20,0.412
2061-09-21,0.4224
2061-09-22,0.4155
2061-09-23,0.4201
2061-09-24,0.3971
2061-09-25,0.3867
2061-09-26,0.5709
2061-09-27,1.197
2061-09-28,1.1049
2061-09-29,1.2545
2061-09-30,1.4502
2061-10-01,1.4847
2061-10-02,1.4962
2061-10-03,1.5077
2061-10-04,1.4962
2061-10-05,1.4732
2061-10-06,1.4387
2061-10-07,1.4502
2061-10-08,1.7034
2061-10-09,1.853
2061-10-10,1.9681
2061-10-11,2.1177
2061-10-12,2.1637
2061-10-13,2.1983
2061-10-14,2.1868
2061-10-15,2.1983
2061-10-16,4.5807
2061-10-17,6.9286
2061-10-18,7.5385
2061-10-19,7.5846
2061-10-20,7.5155
2061-10-21,7.1703
2061-10-22,6.7904
2061-10-23,6.3876
2061-10-24,5.9848
2061-10-25,5.605
2061-10-26,5.8927
2061-10-27,6.1114
2061-10-28,5.9733
2061-10-29,5.7891
2061-10-30,5.5359
2061-10-31,5.3518
2061-11-01,5.2367
2061-11-02,5.0986
2061-11-03,5.018
2061-11-04,4.926
2061-11-05,4.7878
2061-11-06,4.6152
2061-11-07,5.018
2061-11-08,5.0526
2061-11-09,5.0065
2061-11-10,5.0295
2061-11-11,4.9029
2061-11-12,4.6843
2061-11-13,4.4656
2061-11-14,4.2584
2061-11-15,4.0628
2061-11-16,3.9362
2061-11-17,4.1779
2061-11-18,4.1318
2061-11-19,4.0397
2061-11-20,3.9362
2061-11-21,3.8211
2061-11-22,4.0397
2061-11-23,5.2137
2061-11-24,5.3863
2061-11-25,5.5129
2061-11-26,5.3403
2061-11-27,5.1446
2061-11-28,4.9375
2061-11-29,4.7763
2061-11-30,4.7878
2062-07-15,0.9576
2062-07-16,1.0094
2062-07-17,0.984
2062-07-18,0.9725
2062-07-19,0.9265
2062-07-20,0.8874
2062-07-21,0.8379
2062-07-22,0.7872
2062-07-23,0.7861
2062-07-24,0.7746
2062-07-25,0.7665
2062-07-26,0.7723
2062-07-27,0.7999
2062-07-28,0.9806
2062-07-29,0.8149
2062-07-30,0.7953
2062-07-31,0.7435
2062-08-01,0.709
2062-08-02,0.6883
2062-08-03,0.6652
2062-08-04,0.6652
2062-08-05,0.7527
2062-08-06,0.7009
2062-08-07,0.6929
2062-08-08,0.7389
2062-08-09,0.7193
2062-08-10,0.7159
2062-08-11,0.7078
2062-08-12,0.6721
2062-08-13,0.6411
2062-08-14,0.6111
2062-08-15,0.5939
2062-08-16,0.5628
2062-08-17,0.5363
2062-08-18,0.5156
2062-08-19,0.5041
2062-08-20,0.5041
2062-08-21,0.4845
2062-08-22,0.4604
2062-08-23,0.4339
2062-08-24,0.4063
2062-08-25,0.3833
2062-08-26,0.3637
2062-08-27,0.3533
2062-08-28,0.3602
2062-08-29,0.3407
2062-08-30,0.32
2062-08-31,0.2969
2062-09-01,0.2808
2062-09-02,0.2728
2062-09-03,0.2659
2062-09-04,0.3004
2062-09-05,0.305
2062-09-06,0.2912
2062-09-07,0.2762
2062-09-08,0.2693
2062-09-09,0.2636
2062-09-10,0.2555
2062-09-11,0.244
2062-09-12,0.2302
2062-09-13,0.2187
2062-09-14,0.2164
2062-09-15,0.2106
2062-09-16,0.2037
2062-09-17,0.198
2062-09-18,0.1945
2062-09-19,0.1911
2062-09-20,0.2129
2062-09-21,0.2095
2062-09-22,0.1957
2062-09-23,0.1876
2062-09-24,0.2129
2062-09-25,0.2474
2062-09-26,0.229
2062-09-27,0.2233
2062-09-28,0.2141
2062-09-29,0.2509
2062-09-30,0.3752
2062-10-01,0.3211
2062-10-02,0.3038
2062-10-03,0.3015
2062-10-04,0.3073
2062-10-05,0.4477
2062-10-06,0.4362
2062-10-07,0.4339
2062-10-08,0.4362
2062-10-09,0.4362
2062-10-10,0.4327
2062-10-11,0.4304
2062-10-12,0.618
2062-10-13,0.8943
2062-10-14,0.8897
2062-10-15,0.9299
2062-10-16,0.9714
2062-10-17,0.9921
2062-10-18,1.121
2062-10-19,1.2315
2062-10-20,1.4156
2062-10-21,3.6139
2062-10-22,4.4656
2062-10-23,4.7188
2062-10-24,4.7763
2062-10-25,4.6958
2062-10-26,4.5461
2062-10-27,4.316
2062-10-28,4.1433
2062-10-29,4.6037
2062-10-30,4.4656
2062-10-31,4.3735
2062-11-01,4.2469
2062-11-02,4.0397
2062-11-03,3.8096
2062-11-04,3.5794
2062-11-05,3.3377
2062-11-06,3.1535
2062-11-07,2.9694
2062-11-08,2.8313
2062-11-09,2.8428
2062-11-10,2.7507
2062-11-11,2.6471
2062-11-12,2.7737
2062-11-13,2.9694
2062-11-14,3.683
2062-11-15,4.7878
2062-11-16,5.2137
2062-11-17,5.8927
2062-11-18,6.1459
2062-11-19,6.1229
2062-11-20,6.0193
2062-11-21,5.7891
2062-11-22,5.4899
2062-11-23,5.1907
2062-11-24,4.8454
2062-11-25,4.5346
2062-11-26,4.2239
2062-11-27,3.9131
2062-11-28,3.6369
2062-11-29,3.3952
2062-11-30,3.2226
2063-07-15,0.7861
2063-07-16,0.8666
2063-07-17,0.7872
2063-07-18,0.7377
2063-07-19,0.7009
2063-07-20,0.7343
2063-07-21,0.7895
2063-07-22,0.7423
2063-07-23,0.6963
2063-07-24,0.6503
2063-07-25,0.6065
2063-07-26,0.5674
2063-07-27,0.5363
2063-07-28,0.5248
2063-07-29,0.5847
2063-07-30,0.5755
2063-07-31,0.5409
2063-08-01,0.5087
2063-08-02,0.511
2063-08-03,0.572
2063-08-04,0.671
2063-08-05,0.6952
2063-08-06,0.6998
2063-08-07,0.6894
2063-08-08,0.7216
2063-08-09,0.8114
2063-08-10,0.7953
2063-08-11,0.7608
2063-08-12,0.7262
2063-08-13,0.694
2063-08-14,0.6514
2063-08-15,0.633
2063-08-16,0.6065
2063-08-17,0.5789
2063-08-18,0.5386
2063-08-19,0.4937
2063-08-20,0.465
2063-08-21,0.4374
2063-08-22,0.4178
2063-08-23,0.404
2063-08-24,0.4109
2063-08-25,0.4362
2063-08-26,0.526
2063-08-27,0.4811
2063-08-28,0.4477
2063-08-29,0.427
2063-08-30,0.435
2063-08-31,0.4397
2063-09-01,0.4017
2063-09-02,0.3821
2063-09-03,0.3717
2063-09-04,0.3407
2063-09-05,0.3119
2063-09-06,0.3061
2063-09-07,0.3004
2063-09-08,0.2889
2063-09-09,0.2682
2063-09-10,0.259
2063-09-11,0.2544
2063-09-12,0.2693
2063-09-13,0.2521
2063-09-14,0.2428
2063-09-15,0.2693
2063-09-16,0.2866
2063-09-17,0.2682
2063-09-18,0.2498
2063-09-19,0.2405
2063-09-20,0.2256
2063-09-21,0.2152
2063-09-22,0.2141
2063-09-23,0.2037
2063-09-24,0.1784
2063-09-25,0.1715
2063-09-26,0.168
2063-09-27,0.1876
2063-09-28,0.3038
2063-09-29,0.2866
2063-09-30,0.267
2063-10-01,0.2613
2063-10-02,0.2544
2063-10-03,0.2474
2063-10-04,0.2405
2063-10-05,0.2279
2063-10-06,0.2175
2063-10-07,0.2014
2063-10-08,0.2106
2063-10-09,0.2141
2063-10-10,0.1991
2063-10-11,0.1864
2063-10-12,0.2175
2063-10-13,0.4443
2063-10-14,0.3948
2063-10-15,0.3867
2063-10-16,0.3798
2063-10-17,0.3833
2063-10-18,0.3856
2063-10-19,0.3867
2063-10-20,0.4454
2063-10-21,0.45
2063-10-22,0.4408
2063-10-23,0.4489
2063-10-24,0.4788
2063-10-25,0.4742
2063-10-26,0.4742
2063-10-27,0.4972
2063-10-28,0.625
2063-10-29,0.6146
2063-10-30,0.6376
2063-10-31,0.6572
2063-11-01,0.6767
2063-11-02,0.6664
2063-11-03,0.6779
2063-11-04,1.1394
2063-11-05,1.3926
2063-11-06,1.5883
2063-11-07,1.922
2063-11-08,2.0141
2063-11-09,2.0602
2063-11-10,2.0717
2063-11-11,2.0371
2063-11-12,2.0026
2063-11-13,1.9796
2063-11-14,1.9451
2063-11-15,2.1177
2063-11-16,3.2801
2063-11-17,3.9707
2063-11-18,4.2124
2063-11-19,4.2469
2063-11-20,4.1663
2063-11-21,4.0167
2063-11-22,3.9362
2063-11-23,3.8441
2063-11-24,3.6254
2063-11-25,3.4643
2063-11-26,3.2686
2063-11-27,3.1765
2063-11-28,2.9924
2063-11-29,2.8428
2063-11-30,2.6701
2064-07-15,1.8875
2064-07-16,1.7724
2064-07-17,1.6688
2064-07-18,1.5768
2064-07-19,1.4847
2064-07-20,1.5653
2064-07-21,1.4271
2064-07-22,1.3581
2064-07-23,1.3466
2064-07-24,1.3236
2064-07-25,1.3696
2064-07-26,1.3236
2064-07-27,1.2775
2064-07-28,1.2775
2064-07-29,1.3466
2064-07-30,1.3696
2064-07-31,1.3236
2064-08-01,1.4732
2064-08-02,2.0602
2064-08-03,2.5205
2064-08-04,2.8543
2064-08-05,3.096
2064-08-06,3.1535
2064-08-07,3.119
2064-08-08,3.0384
2064-08-09,3.142
2064-08-10,3.096
2064-08-11,2.9924
2064-08-12,3.1535
2064-08-13,3.2916
2064-08-14,3.0384
2064-08-15,2.8773
2064-08-16,2.7277
2064-08-17,2.5551
2064-08-18,2.4054
2064-08-19,2.2673
2064-08-20,2.0717
2064-08-21,1.9336
2064-08-22,1.8185
2064-08-23,1.7149
2064-08-24,1.6228
2064-08-25,1.5192
2064-08-26,1.4041
2064-08-27,1.3121
2064-08-28,1.2315
2064-08-29,1.1624
2064-08-30,1.1037
2064-08-31,1.0623
2064-09-01,0.9794
2064-09-02,0.9276
2064-09-03,0.8816
2064-09-04,0.8229
2064-09-05,0.7746
2064-09-06,0.7458
2064-09-07,0.7101
2064-09-08,0.6975
2064-09-09,0.7573
2064-09-10,0.8689
2064-09-11,0.8079
2064-09-12,0.7826
2064-09-13,0.7654
2064-09-14,0.7539
2064-09-15,0.8241
2064-09-16,0.7746
2064-09-17,0.7343
2064-09-18,0.6883
2064-09-19,0.6514
2064-09-20,0.6238
2064-09-21,0.5709
2064-09-22,0.5386
2064-09-23,0.5191
2064-09-24,0.4914
2064-09-25,0.4719
2064-09-26,0.4558
2064-09-27,0.5179
2064-09-28,0.6376
2064-09-29,0.7826
2064-09-30,0.7769
2064-10-01,0.7895
2064-10-02,0.9369
2064-10-03,1.1624
2064-10-04,1.1291
2064-10-05,1.144
2064-10-06,1.1394
2064-10-07,1.1198
2064-10-08,1.1049
2064-10-09,1.0807
2064-10-10,1.0462
2064-10-11,1.0071
2064-10-12,0.9725
2064-10-13,0.953
2064-10-14,0.9438
2064-10-15,0.9035
2064-10-16,0.8839
2064-10-17,0.854
2064-10-18,0.8206
2064-10-19,0.7884
2064-10-20,0.7608
2064-10-21,0.7435
2064-10-22,0.8206
2064-10-23,0.8114
2064-10-24,0.8033
2064-10-25,0.7999
2064-10-26,1.0013
2064-10-27,1.1855
2064-10-28,1.2775
2064-10-29,1.6803
2064-10-30,1.8069
2064-10-31,1.9105
2064-11-01,1.9566
2064-11-02,1.9681
2064-11-03,1.9566
2064-11-04,1.922
2064-11-05,1.8875
2064-11-06,1.8415
2064-11-07,1.7954
2064-11-08,1.7724
2064-11-09,2.0026
2064-11-10,2.0486
2064-11-11,2.1637
2064-11-12,2.1983
2064-11-13,2.2098
2064-11-14,2.2788
2064-11-15,2.486
2064-11-16,2.9694
2064-11-17,3.2801
2064-11-18,3.3952
2064-11-19,3.3952
2064-11-20,3.3147
2064-11-21,3.1881
2064-11-22,3.0154
2064-11-23,2.8658
2064-11-24,2.7162
2064-11-25,2.5551
2064-11-26,2.5781
2064-11-27,2.5896
2064-11-28,2.4975
2064-11-29,2.4054
2064-11-30,2.3249
2065-07-15,1.0197
2065-07-16,0.9783
2065-07-17,0.9587
2065-07-18,1.1175
2065-07-19,1.1624
2065-07-20,1.1118
2065-07-21,1.0773
2065-07-22,1.1152
2065-07-23,1.2085
2065-07-24,1.1855
2065-07-25,1.5998
2065-07-26,1.7264
2065-07-27,1.8185
2065-07-28,1.899
2065-07-29,1.8875
2065-07-30,3.3837
2065-07-31,3.6254
2065-08-01,3.6254
2065-08-02,3.5103
2065-08-03,3.3722
2065-08-04,3.142
2065-08-05,2.9233
2065-08-06,2.7047
2065-08-07,2.509
2065-08-08,2.3249
2065-08-09,2.1637
2065-08-10,2.1522
2065-08-11,2.0486
2065-08-12,1.922
2065-08-13,1.8069
2065-08-14,1.6803
2065-08-15,1.5768
2065-08-16,1.4732
2065-08-17,1.3926
2065-08-18,1.3121
2065-08-19,1.2545
2065-08-20,1.1739
2065-08-21,1.1279
2065-08-22,1.2315
2065-08-23,1.1509
2065-08-24,1.1072
2065-08-25,1.0565
2065-08-26,0.9955
2065-08-27,0.8989
2065-08-28,0.8379
2065-08-29,0.793
2065-08-30,0.77
2065-08-31,0.7631
2065-09-01,0.7044
2065-09-02,0.6641
2065-09-03,0.6284
2065-09-04,0.5927
2065-09-05,0.5536
2065-09-06,0.5237
2065-09-07,0.5007
2065-09-08,0.4707
2065-09-09,0.4431
2065-09-10,0.4247
2065-09-11,0.4028
2065-09-12,0.3844
2065-09-13,0.3717
2065-09-14,0.3545
2065-09-15,0.3372
2065-09-16,0.3211
2065-09-17,0.3096
2065-09-18,0.3015
2065-09-19,0.282
2065-09-20,0.2774
2065-09-21,0.2682
2065-09-22,0.2624
2065-09-23,0.2659
2065-09-24,0.3096
2065-09-25,0.3223
2065-09-26,0.3269
2065-09-27,0.3257
2065-09-28,0.3556
2065-09-29,0.4224
2065-09-30,0.4719
2065-10-01,0.4615
2065-10-02,0.4615
2065-10-03,0.4558
2065-10-04,0.6169
2065-10-05,0.7884
2065-10-06,0.778
2065-10-07,0.8241
2065-10-08,0.9829
2065-10-09,1.0278
2065-10-10,1.1383
2065-10-11,1.197
2065-10-12,1.2085
2065-10-13,1.22
2065-10-14,1.2085
2065-10-15,1.1855
2065-10-16,1.1624
2065-10-17,1.1268
2065-10-18,1.0957
2065-10-19,1.06
2065-10-20,1.0404
2065-10-21,1.0013
2065-10-22,0.9886
2065-10-23,0.9932
2065-10-24,1.014
2065-10-25,1.2085
2065-10-26,1.3236
2065-10-27,1.3926
2065-10-28,1.4617
2065-10-29,1.5192
2065-10-30,1.5653
2065-10-31,1.6228
2065-11-01,1.6228
2065-11-02,1.5998
2065-11-03,1.5768
2065-11-04,1.5192
2065-11-05,1.4732
2065-11-06,1.4156
2065-11-07,1.3926
2065-11-08,1.3581
2065-11-09,1.3121
2065-11-10,1.266
2065-11-11,1.2315
2065-11-12,1.197
2065-11-13,1.1509
2065-11-14,1.121
2065-11-15,1.243
2065-11-16,1.2545
2065-11-17,1.266
2065-11-18,1.289
2065-11-19,1.289
2065-11-20,1.3005
2065-11-21,1.3811
2065-11-22,1.3811
2065-11-23,1.3811
2065-11-24,1.3811
2065-11-25,1.3581
2065-11-26,1.3696
2065-11-27,1.3926
2065-11-28,1.876
2065-11-29,2.0026
2065-11-30,2.1407
2066-07-15,1.6113
2066-07-16,1.5537
2066-07-17,1.4732
2066-07-18,1.3811
2066-07-19,1.3005
2066-07-20,1.266
2066-07-21,1.197
2066-07-22,1.2085
2066-07-23,1.1452
2066-07-24,1.0957
2066-07-25,1.0623
2066-07-26,1.0025
2066-07-27,0.938
2066-07-28,0.923
2066-07-29,0.8759
2066-07-30,0.8172
2066-07-31,0.7792
2066-08-01,0.74
2066-08-02,0.7032
2066-08-03,0.6825
2066-08-04,0.6652
2066-08-05,0.6365
2066-08-06,0.5985
2066-08-07,0.5593
2066-08-08,0.5317
2066-08-09,0.503
2066-08-10,0.473
2066-08-11,0.4431
2066-08-12,0.4224
2066-08-13,0.404
2066-08-14,0.389
2066-08-15,0.3752
2066-08-16,0.3625
2066-08-17,0.343
2066-08-18,0.3223
2066-08-19,0.3096
2066-08-20,0.2923
2066-08-21,0.2774
2066-08-22,0.2659
2066-08-23,0.2567
2066-08-24,0.2451
2066-08-25,0.2394
2066-08-26,0.2417
2066-08-27,0.2336
2066-08-28,0.2256
2066-08-29,0.2187
2066-08-30,0.2118
2066-08-31,0.206
2066-09-01,0.2014
2066-09-02,0.198
2066-09-03,0.1922
2066-09-04,0.32
2066-09-05,0.5432
2066-09-06,0.5386
2066-09-07,0.5732
2066-09-08,0.686
2066-09-09,0.8448
2066-09-10,0.8885
2066-09-11,0.9265
2066-09-12,0.9495
2066-09-13,0.953
2066-09-14,0.9449
2066-09-15,0.9357
2066-09-16,0.9081
2066-09-17,0.8805
2066-09-18,0.8551
2066-09-19,0.8206
2066-09-20,0.7677
2066-09-21,0.7228
2066-09-22,0.7044
2066-09-23,0.6595
2066-09-24,0.6549
2066-09-25,0.7216
2066-09-26,0.6906
2066-09-27,0.6744
2066-09-28,0.7354
2066-09-29,0.8655
2066-09-30,0.9909
2066-10-01,1.5653
2066-10-02,2.1752
2066-10-03,2.463
2066-10-04,2.6586
2066-10-05,2.7277
2066-10-06,2.7162
2066-10-07,2.9118
2066-10-08,3.0845
2066-10-09,3.0154
2066-10-10,2.9464
2066-10-11,2.8658
2066-10-12,2.7622
2066-10-13,2.6356
2066-10-14,2.5205
2066-10-15,2.4169
2066-10-16,2.7737
2066-10-17,2.7967
2066-10-18,2.7737
2066-10-19,2.7162
2066-10-20,2.6241
2066-10-21,2.532
2066-10-22,2.486
2066-10-23,2.3709
2066-10-24,2.2903
2066-10-25,2.2098
2066-10-26,2.2903
2066-10-27,2.3018
2066-10-28,2.3134
2066-10-29,2.2788
2066-10-30,2.2328
2066-10-31,2.1752
2066-11-01,2.1062
2066-11-02,2.0256
2066-11-03,1.9566
2066-11-04,1.899
2066-11-05,2.2213
2066-11-06,2.44
2066-11-07,2.486
2066-11-08,2.8658
2066-11-09,3.119
2066-11-10,3.2571
2066-11-11,3.3377
2066-11-12,3.3377
2066-11-13,3.2801
2066-11-14,3.1881
2066-11-15,3.096
2066-11-16,2.9809
2066-11-17,2.9924
2066-11-18,3.1305
2066-11-19,3.0039
2066-11-20,2.9118
2066-11-21,2.7852
2066-11-22,2.6932
2066-11-23,2.6241
2066-11-24,2.5781
2066-11-25,2.486
2066-11-26,2.4284
2066-11-27,2.3479
2066-11-28,2.2328
2066-11-29,2.1407
2066-11-30,2.0486
2067-07-15,1.83
2067-07-16,1.6803
2067-07-17,1.5768
2067-07-18,1.4847
2067-07-19,1.3811
2067-07-20,1.3236
2067-07-21,1.5422
2067-07-22,1.7379
2067-07-23,2.0602
2067-07-24,2.0026
2067-07-25,1.9105
2067-07-26,1.8415
2067-07-27,1.83
2067-07-28,1.8185
2067-07-29,1.7379
2067-07-30,1.7264
2067-07-31,1.6573
2067-08-01,1.6573
2067-08-02,1.9451
2067-08-03,2.1637
2067-08-04,2.3479
2067-08-05,2.3824
2067-08-06,2.3364
2067-08-07,2.4515
2067-08-08,3.4067
2067-08-09,3.4873
2067-08-10,3.4413
2067-08-11,3.6139
2067-08-12,3.5909
2067-08-13,3.6254
2067-08-14,3.5218
2067-08-15,3.3607
2067-08-16,3.3722
2067-08-17,3.3147
2067-08-18,3.1765
2067-08-19,3.0269
2067-08-20,2.9118
2067-08-21,2.7507
2067-08-22,2.7622
2067-08-23,2.6356
2067-08-24,2.5435
2067-08-25,2.44
2067-08-26,2.2788
2067-08-27,2.1522
2067-08-28,2.2443
2067-08-29,3.6139
2067-08-30,3.5909
2067-08-31,3.6714
2067-09-01,3.6139
2067-09-02,3.4873
2067-09-03,3.4067
2067-09-04,3.3492
2067-09-05,3.4758
2067-09-06,4.1779
2067-09-07,4.4656
2067-09-08,4.6267
2067-09-09,4.5807
2067-09-10,4.3965
2067-09-11,4.2239
2067-09-12,3.9822
2067-09-13,3.7635
2067-09-14,3.683
2067-09-15,3.5448
2067-09-16,3.5679
2067-09-17,3.4067
2067-09-18,3.2571
2067-09-19,3.096
2067-09-20,2.9118
2067-09-21,2.7737
2067-09-22,2.6126
2067-09-23,2.4515
2067-09-24,2.2903
2067-09-25,2.1637
2067-09-26,2.0256
2067-09-27,1.8875
2067-09-28,1.7954
2067-09-29,1.6803
2067-09-30,1.5998
2067-10-01,1.4847
2067-10-02,1.4271
2067-10-03,1.5192
2067-10-04,1.5883
2067-10-05,1.5768
2067-10-06,1.5422
2067-10-07,1.5307
2067-10-08,1.5077
2067-10-09,1.4617
2067-10-10,1.3926
2067-10-11,1.3581
2067-10-12,1.3121
2067-10-13,1.2775
2067-10-14,1.2775
2067-10-15,1.5307
2067-10-16,1.6228
2067-10-17,1.6458
2067-10-18,1.6803
2067-10-19,1.6803
2067-10-20,1.7264
2067-10-21,1.8185
2067-10-22,1.83
2067-10-23,1.8415
2067-10-24,1.83
2067-10-25,1.8185
2067-10-26,1.83
2067-10-27,1.7839
2067-10-28,1.7264
2067-10-29,1.6688
2067-10-30,1.5998
2067-10-31,1.5653
2067-11-01,1.5192
2067-11-02,1.4732
2067-11-03,1.4387
2067-11-04,1.3811
2067-11-05,1.3351
2067-11-06,1.289
2067-11-07,1.2545
2067-11-08,1.2085
2067-11-09,1.1624
2067-11-10,1.1371
2067-11-11,1.289
2067-11-12,1.3121
2067-11-13,1.3121
2067-11-14,1.3121
2067-11-15,1.3236
2067-11-16,1.3236
2067-11-17,1.3005
2067-11-18,1.266
2067-11-19,1.2545
2067-11-20,1.22
2067-11-21,1.1739
2067-11-22,1.121
2067-11-23,1.0911
2067-11-24,1.0635
2067-11-25,1.0554
2067-11-26,1.0255
2067-11-27,1.0174
2067-11-28,1.0335
2067-11-29,1.0266
2067-11-30,1.0911
2068-07-15,1.3351
2068-07-16,1.2775
2068-07-17,1.2315
2068-07-18,1.22
2068-07-19,1.1164
2068-07-20,1.037
2068-07-21,0.9783
2068-07-22,0.9242
2068-07-23,0.8724
2068-07-24,0.8632
2068-07-25,0.8033
2068-07-26,0.7631
2068-07-27,0.717
2068-07-28,0.6744
2068-07-29,0.6376
2068-07-30,0.61
2068-07-31,0.5824
2068-08-01,0.5547
2068-08-02,0.5237
2068-08-03,0.511
2068-08-04,0.4857
2068-08-05,0.4799
2068-08-06,0.4753
2068-08-07,0.4385
2068-08-08,0.4212
2068-08-09,0.3959
2068-08-10,0.3936
2068-08-11,0.5398
2068-08-12,0.5202
2068-08-13,0.5053
2068-08-14,0.4903
2068-08-15,0.4845
2068-08-16,0.4937
2068-08-17,0.5283
2068-08-18,0.5156
2068-08-19,0.4914
2068-08-20,0.473
2068-08-21,0.45
2068-08-22,0.4247
2068-08-23,0.4097
2068-08-24,0.3844
2068-08-25,0.3671
2068-08-26,0.3545
2068-08-27,0.3384
2068-08-28,0.3453
2068-08-29,0.3177
2068-08-30,0.3004
2068-08-31,0.2946
2068-09-01,0.2728
2068-09-02,0.2613
2068-09-03,0.2521
2068-09-04,0.2417
2068-09-05,0.2336
2068-09-06,0.221
2068-09-07,0.2198
2068-09-08,0.2141
2068-09-09,0.2578
2068-09-10,0.2302
2068-09-11,0.2106
2068-09-12,0.2049
2068-09-13,0.1991
2068-09-14,0.1911
2068-09-15,0.1876
2068-09-16,0.1657
2068-09-17,0.1542
2068-09-18,0.1508
2068-09-19,0.2141
2068-09-20,0.2072
2068-09-21,0.1911
2068-09-22,0.1864
2068-09-23,0.1911
2068-09-24,0.1807
2068-09-25,0.1749
2068-09-26,0.168
2068-09-27,0.16
2068-09-28,0.1508
2068-09-29,0.1462
2068-09-30,0.1577
2068-10-01,0.4097
2068-10-02,0.3764
2068-10-03,0.3499
2068-10-04,0.3407
2068-10-05,0.4189
2068-10-06,0.442
2068-10-07,0.4822
2068-10-08,0.4857
2068-10-09,0.488
2068-10-10,0.4822
2068-10-11,0.6146
2068-10-12,0.6319
2068-10-13,0.6261
2068-10-14,0.633
2068-10-15,0.7101
2068-10-16,0.7769
2068-10-17,0.7976
2068-10-18,0.8068
2068-10-19,0.8114
2068-10-20,0.923
2068-10-21,1.0612
2068-10-22,1.06
2068-10-23,1.0669
2068-10-24,1.0738
2068-10-25,1.0692
2068-10-26,1.0635
2068-10-27,1.0508
2068-10-28,1.0289
2068-10-29,1.0094
2068-10-30,1.0439
2068-10-31,1.3811
2068-11-01,1.9796
2068-11-02,2.4284
2068-11-03,2.6932
2068-11-04,2.8543
2068-11-05,2.9003
2068-11-06,2.8888
2068-11-07,2.8083
2068-11-08,2.7162
2068-11-09,2.6471
2068-11-10,2.532
2068-11-11,2.4169
2068-11-12,2.2903
2068-11-13,2.2328
2068-11-14,2.1752
2068-11-15,2.0602
2068-11-16,1.9566
2068-11-17,1.8415
2068-11-18,1.7379
2068-11-19,1.6458
2068-11-20,1.5422
2068-11-21,1.4617
2068-11-22,1.4041
2068-11-23,1.3351
2068-11-24,1.289
2068-11-25,1.22
2068-11-26,1.1509
2068-11-27,1.0922
2068-11-28,1.0289
2068-11-29,0.9817
2068-11-30,0.9138
2069-07-15,1.5422
2069-07-16,1.4156
2069-07-17,1.3351
2069-07-18,1.2775
2069-07-19,1.243
2069-07-20,1.2315
2069-07-21,1.1624
2069-07-22,1.1348
2069-07-23,1.1175
2069-07-24,1.197
2069-07-25,1.1624
2069-07-26,1.1268
2069-07-27,1.1314
2069-07-28,1.1106
2069-07-29,1.0796
2069-07-30,1.06
2069-07-31,1.0301
2069-08-01,0.9909
2069-08-02,1.0727
2069-08-03,1.3121
2069-08-04,1.3351
2069-08-05,1.3696
2069-08-06,1.3811
2069-08-07,1.3696
2069-08-08,1.3581
2069-08-09,1.3351
2069-08-10,1.3236
2069-08-11,1.266
2069-08-12,1.2315
2069-08-13,1.22
2069-08-14,1.2085
2069-08-15,1.1739
2069-08-16,1.1394
2069-08-17,1.0888
2069-08-18,1.0416
2069-08-19,0.9886
2069-08-20,0.953
2069-08-21,0.923
2069-08-22,0.8874
2069-08-23,0.8989
2069-08-24,0.8563
2069-08-25,0.8183
2069-08-26,0.7941
2069-08-27,0.7573
2069-08-28,0.7895
2069-08-29,0.7619
2069-08-30,0.7136
2069-08-31,0.6906
2069-09-01,0.6606
2069-09-02,0.6629
2069-09-03,0.8206
2069-09-04,0.8091
2069-09-05,0.7895
2069-09-06,0.7792
2069-09-07,0.7665
2069-09-08,0.7435
2069-09-09,0.7297
2069-09-10,0.7055
2069-09-11,0.7239
2069-09-12,0.7469
2069-09-13,0.7642
2069-09-14,0.778
2069-09-15,0.8183
2069-09-16,0.8183
2069-09-17,0.8126
2069-09-18,0.8022
2069-09-19,0.7815
2069-09-20,0.77
2069-09-21,0.7723
2069-09-22,0.7987
2069-09-23,0.8505
2069-09-24,0.8782
2069-09-25,0.8701
2069-09-26,0.8666
2069-09-27,0.8678
2069-09-28,0.8632
2069-09-29,0.8551
2069-09-30,0.8402
2069-10-01,0.8172
2069-10-02,0.7953
2069-10-03,0.7619
2069-10-04,0.7297
2069-10-05,0.7009
2069-10-06,0.6744
2069-10-07,0.6756
2069-10-08,0.6963
2069-10-09,0.6733
2069-10-10,0.6537
2069-10-11,0.633
2069-10-12,0.6169
2069-10-13,0.6031
2069-10-14,0.5927
2069-10-15,0.5812
2069-10-16,0.5697
2069-10-17,0.5605
2069-10-18,0.5663
2069-10-19,0.5686
2069-10-20,0.5801
2069-10-21,0.5824
2069-10-22,0.587
2069-10-23,0.587
2069-10-24,0.5755
2069-10-25,0.557
2069-10-26,0.5524
2069-10-27,0.549
2069-10-28,0.5409
2069-10-29,0.5386
2069-10-30,0.5283
2069-10-31,0.5237
2069-11-01,0.5824
2069-11-02,0.6019
2069-11-03,0.6008
2069-11-04,0.6031
2069-11-05,0.61
2069-11-06,0.6157
2069-11-07,0.6342
2069-11-08,0.6319
2069-11-09,0.6226
2069-11-10,0.6365
2069-11-11,0.6376
2069-11-12,0.6457
2069-11-13,0.6215
2069-11-14,0.6238
2069-11-15,0.6238
2069-11-16,0.6238
2069-11-17,0.6261
2069-11-18,0.7608
2069-11-19,0.877
2069-11-20,0.8632
2069-11-21,0.9069
2069-11-22,0.9484
2069-11-23,0.9748
2069-11-24,0.9702
2069-11-25,0.953
2069-11-26,0.976
2069-11-27,1.0899
2069-11-28,1.5768
2069-11-29,1.6458
2069-11-30,1.7494
2070-07-15,0.862
2070-07-16,0.8597
2070-07-17,0.9196
2070-07-18,0.8425
2070-07-19,0.8033
2070-07-20,0.77
2070-07-21,0.7354
2070-07-22,0.6998
2070-07-23,0.671
2070-07-24,0.625
2070-07-25,0.5985
2070-07-26,0.5732
2070-07-27,0.5628
2070-07-28,0.6664
2070-07-29,0.8747
2070-07-30,0.839
2070-07-31,0.8229
2070-08-01,0.8563
2070-08-02,0.8333
2070-08-03,0.8149
2070-08-04,0.8056
2070-08-05,0.8056
2070-08-06,0.793
2070-08-07,0.74
2070-08-08,0.709
2070-08-09,0.6733
2070-08-10,0.6388
2070-08-11,0.6157
2070-08-12,0.5893
2070-08-13,0.5674
2070-08-14,0.6226
2070-08-15,0.6652
2070-08-16,0.6365
2070-08-17,0.6296
2070-08-18,0.595
2070-08-19,0.5709
2070-08-20,0.5501
2070-08-21,0.5329
2070-08-22,0.5179
2070-08-23,0.4972
2070-08-24,0.4776
2070-08-25,0.4627
2070-08-26,0.4489
2070-08-27,0.4258
2070-08-28,0.4017
2070-08-29,0.3752
2070-08-30,0.366
2070-08-31,0.3648
2070-09-01,0.3625
2070-09-02,0.3614
2070-09-03,0.4201
2070-09-04,0.4155
2070-09-05,0.3994
2070-09-06,0.4097
2070-09-07,0.4201
2070-09-08,0.3971
2070-09-09,0.3844
2070-09-10,0.3648
2070-09-11,0.3614
2070-09-12,0.3407
2070-09-13,0.32
2070-09-14,0.3407
2070-09-15,0.3257
2070-09-16,0.3142
2070-09-17,0.3004
2070-09-18,0.2969
2070-09-19,0.2808
2070-09-20,0.2808
2070-09-21,0.2831
2070-09-22,0.2751
2070-09-23,0.2601
2070-09-24,0.2544
2070-09-25,0.2451
2070-09-26,0.2382
2070-09-27,0.2302
2070-09-28,0.2256
2070-09-29,0.2175
2070-09-30,0.2359
2070-10-01,0.2325
2070-10-02,0.2256
2070-10-03,0.2198
2070-10-04,0.2198
2070-10-05,0.3269
2070-10-06,0.4074
2070-10-07,0.3833
2070-10-08,0.4293
2070-10-09,0.5064
2070-10-10,0.5064
2070-10-11,0.5076
2070-10-12,0.5099
2070-10-13,0.5156
2070-10-14,0.5202
2070-10-15,0.5248
2070-10-16,0.5225
2070-10-17,0.7228
2070-10-18,0.915
2070-10-19,0.9553
2070-10-20,0.984
2070-10-21,1.0105
2070-10-22,1.022
2070-10-23,1.0197
2070-10-24,1.0945
2070-10-25,1.266
2070-10-26,1.3926
2070-10-27,1.4847
2070-10-28,1.5422
2070-10-29,1.6228
2070-10-30,1.6458
2070-10-31,1.6458
2070-11-01,1.6228
2070-11-02,1.5653
2070-11-03,1.5537
2070-11-04,1.5422
2070-11-05,1.6228
2070-11-06,1.6458
2070-11-07,1.7379
2070-11-08,1.8415
2070-11-09,1.876
2070-11-10,1.876
2070-11-11,1.853
2070-11-12,1.8415
2070-11-13,1.8645
2070-11-14,1.8185
2070-11-15,1.7494
2070-11-16,1.7034
2070-11-17,1.6573
2070-11-18,1.6343
2070-11-19,1.5537
2070-11-20,1.4847
2070-11-21,1.4156
2070-11-22,1.3581
2070-11-23,1.3236
2070-11-24,1.3926
2070-11-25,1.6113
2070-11-26,1.6113
2070-11-27,1.6803
2070-11-28,1.7149
2070-11-29,1.6919
2070-11-30,1.6919
2071-07-15,0.7078
2071-07-16,0.6606
2071-07-17,0.6261
2071-07-18,0.6065
2071-07-19,0.6307
2071-07-20,0.8218
2071-07-21,0.8666
2071-07-22,1.1037
2071-07-23,0.9679
2071-07-24,0.9633
2071-07-25,0.984
2071-07-26,0.9794
2071-07-27,1.0197
2071-07-28,1.0312
2071-07-29,1.0048
2071-07-30,1.0105
2071-07-31,1.1072
2071-08-01,1.0692
2071-08-02,1.0496
2071-08-03,1.0404
2071-08-04,1.1509
2071-08-05,1.1291
2071-08-06,1.1279
2071-08-07,1.1175
2071-08-08,1.1083
2071-08-09,1.1049
2071-08-10,1.0784
2071-08-11,1.0635
2071-08-12,1.0565
2071-08-13,1.0243
2071-08-14,0.976
2071-08-15,0.9334
2071-08-16,0.8931
2071-08-17,0.8574
2071-08-18,0.8056
2071-08-19,0.7711
2071-08-20,0.7469
2071-08-21,0.7239
2071-08-22,0.7941
2071-08-23,0.755
2071-08-24,0.7723
2071-08-25,0.7688
2071-08-26,0.8022
2071-08-27,1.0071
2071-08-28,1.0588
2071-08-29,1.0773
2071-08-30,1.0888
2071-08-31,1.0819
2071-09-01,1.0485
2071-09-02,1.037
2071-09-03,1.0002
2071-09-04,0.9541
2071-09-05,0.9207
2071-09-06,0.8885
2071-09-07,0.8528
2071-09-08,0.8172
2071-09-09,0.8252
2071-09-10,0.8298
2071-09-11,0.7665
2071-09-12,0.7251
2071-09-13,0.694
2071-09-14,0.7493
2071-09-15,0.7458
2071-09-16,0.7216
2071-09-17,0.7055
2071-09-18,0.686
2071-09-19,0.6698
2071-09-20,0.6365
2071-09-21,0.5939
2071-09-22,0.5697
2071-09-23,0.5467
2071-09-24,0.5064
2071-09-25,0.4753
2071-09-26,0.45
2071-09-27,0.4293
2071-09-28,0.4155
2071-09-29,0.4051
2071-09-30,0.5674
2071-10-01,0.9932
2071-10-02,1.0232
2071-10-03,1.0934
2071-10-04,1.1325
2071-10-05,1.144
2071-10-06,1.1291
2071-10-07,1.1026
2071-10-08,1.0554
2071-10-09,1.0278
2071-10-10,1.0013
2071-10-11,0.9829
2071-10-12,0.9553
2071-10-13,0.9322
2071-10-14,0.9023
2071-10-15,0.8597
2071-10-16,0.8736
2071-10-17,0.8724
2071-10-18,0.839
2071-10-19,0.8068
2071-10-20,0.7884
2071-10-21,0.7516
2071-10-22,0.7435
2071-10-23,0.7251
2071-10-24,0.7101
2071-10-25,0.7343
2071-10-26,0.7205
2071-10-27,0.7009
2071-10-28,0.6906
2071-10-29,0.8275
2071-10-30,0.8574
2071-10-31,0.8689
2071-11-01,0.9
2071-11-02,0.9357
2071-11-03,0.9587
2071-11-04,0.9771
2071-11-05,0.9932
2071-11-06,1.0197
2071-11-07,0.9875
2071-11-08,0.961
2071-11-09,0.953
2071-11-10,0.9345
2071-11-11,0.9173
2071-11-12,0.9127
2071-11-13,0.9392
2071-11-14,0.953
2071-11-15,0.9484
2071-11-16,0.9334
2071-11-17,0.9161
2071-11-18,0.9127
2071-11-19,0.9069
2071-11-20,1.1371
2071-11-21,1.3811
2071-11-22,1.4271
2071-11-23,1.4847
2071-11-24,1.5192
2071-11-25,1.5192
2071-11-26,1.5307
2071-11-27,1.5307
2071-11-28,1.5307
2071-11-29,1.4962
2071-11-30,1.4387
2072-07-15,1.8185
2072-07-16,1.7379
2072-07-17,1.6919
2072-07-18,1.6573
2072-07-19,1.5653
2072-07-20,1.4732
2072-07-21,1.4156
2072-07-22,1.3811
2072-07-23,1.3696
2072-07-24,1.289
2072-07-25,1.243
2072-07-26,1.2545
2072-07-27,1.197
2072-07-28,1.1475
2072-07-29,1.0888
2072-07-30,1.0266
2072-07-31,0.9633
2072-08-01,0.9069
2072-08-02,0.8528
2072-08-03,0.801
2072-08-04,0.7688
2072-08-05,0.7734
2072-08-06,0.755
2072-08-07,0.6975
2072-08-08,0.6514
2072-08-09,0.6042
2072-08-10,0.5778
2072-08-11,0.5686
2072-08-12,0.5766
2072-08-13,0.5686
2072-08-14,0.5847
2072-08-15,0.5985
2072-08-16,0.6008
2072-08-17,0.7354
2072-08-18,0.7907
2072-08-19,0.7964
2072-08-20,0.8126
2072-08-21,0.8218
2072-08-22,0.976
2072-08-23,1.0819
2072-08-24,1.1129
2072-08-25,1.1429
2072-08-26,1.1406
2072-08-27,1.0991
2072-08-28,1.0669
2072-08-29,1.0496
2072-08-30,1.0289
2072-08-31,1.0255
2072-09-01,1.0082
2072-09-02,0.961
2072-09-03,0.9138
2072-09-04,0.8712
2072-09-05,0.8206
2072-09-06,0.7734
2072-09-07,0.7285
2072-09-08,0.7136
2072-09-09,0.7665
2072-09-10,0.709
2072-09-11,0.6917
2072-09-12,0.6399
2072-09-13,0.6134
2072-09-14,0.5824
2072-09-15,0.5513
2072-09-16,0.5237
2072-09-17,0.503
2072-09-18,0.4903
2072-09-19,0.465
2072-09-20,0.4776
2072-09-21,0.5076
2072-09-22,0.4857
2072-09-23,0.4926
2072-09-24,0.4788
2072-09-25,0.4466
2072-09-26,0.4293
2072-09-27,0.4132
2072-09-28,0.3994
2072-09-29,0.3764
2072-09-30,0.3614
2072-10-01,0.3487
2072-10-02,0.3407
2072-10-03,0.3211
2072-10-04,0.3073
2072-10-05,0.2981
2072-10-06,0.2866
2072-10-07,0.2774
2072-10-08,0.2739
2072-10-09,0.2613
2072-10-10,0.2348
2072-10-11,0.2302
2072-10-12,0.2244
2072-10-13,0.2233
2072-10-14,0.2037
2072-10-15,0.1968
2072-10-16,0.198
2072-10-17,0.1922
2072-10-18,0.1945
2072-10-19,0.2037
2072-10-20,0.1934
2072-10-21,0.3602
2072-10-22,0.5582
2072-10-23,0.7562
2072-10-24,0.6756
2072-10-25,0.6779
2072-10-26,0.7101
2072-10-27,0.7205
2072-10-28,0.7274
2072-10-29,0.7228
2072-10-30,0.7826
2072-10-31,0.7677
2072-11-01,0.7642
2072-11-02,0.7757
2072-11-03,0.778
2072-11-04,0.8471
2072-11-05,0.8505
2072-11-06,0.8413
2072-11-07,0.839
2072-11-08,0.8275
2072-11-09,0.8103
2072-11-10,0.8056
2072-11-11,0.7907
2072-11-12,0.77
2072-11-13,0.755
2072-11-14,0.7377
2072-11-15,0.7182
2072-11-16,0.8632
2072-11-17,1.2315
2072-11-18,1.243
2072-11-19,1.3121
2072-11-20,1.4156
2072-11-21,1.5653
2072-11-22,1.6228
2072-11-23,1.6573
2072-11-24,1.6573
2072-11-25,1.6573
2072-11-26,1.6573
2072-11-27,1.6688
2072-11-28,1.6458
2072-11-29,1.6343
2072-11-30,1.6573
2073-07-15,1.4041
2073-07-16,1.3236
2073-07-17,1.2775
2073-07-18,1.2085
2073-07-19,1.1256
2073-07-20,1.0462
2073-07-21,0.9967
2073-07-22,0.9392
2073-07-23,0.8609
2073-07-24,0.8079
2073-07-25,0.7573
2073-07-26,0.7113
2073-07-27,0.6744
2073-07-28,0.6169
2073-07-29,0.572
2073-07-30,0.5363
2073-07-31,0.5122
2073-08-01,0.4903
2073-08-02,0.4684
2073-08-03,0.4466
2073-08-04,0.4339
2073-08-05,0.4339
2073-08-06,0.4224
2073-08-07,0.3936
2073-08-08,0.3683
2073-08-09,0.3533
2073-08-10,0.3349
2073-08-11,0.32
2073-08-12,0.3119
2073-08-13,0.2981
2073-08-14,0.2774
2073-08-15,0.2693
2073-08-16,0.2682
2073-08-17,0.2509
2073-08-18,0.2451
2073-08-19,0.2486
2073-08-20,0.2451
2073-08-21,0.2405
2073-08-22,0.2313
2073-08-23,0.2486
2073-08-24,0.2325
2073-08-25,0.2141
2073-08-26,0.1991
2073-08-27,0.1888
2073-08-28,0.1807
2073-08-29,0.1726
2073-08-30,0.1634
2073-08-31,0.1577
2073-09-01,0.145
2073-09-02,0.1335
2073-09-03,0.1312
2073-09-04,0.2014
2073-09-05,0.2095
2073-09-06,0.2313
2073-09-07,0.3142
2073-09-08,0.3625
2073-09-09,0.381
2073-09-10,0.3994
2073-09-11,0.4028
2073-09-12,0.404
2073-09-13,0.4017
2073-09-14,0.3971
2073-09-15,0.3821
2073-09-16,0.3706
2073-09-17,0.3625
2073-09-18,0.3522
2073-09-19,0.3487
2073-09-20,0.3292
2073-09-21,0.3119
2073-09-22,0.3015
2073-09-23,0.2889
2073-09-24,0.2797
2073-09-25,0.2693
2073-09-26,0.2613
2073-09-27,0.2578
2073-09-28,0.2405
2073-09-29,0.2164
2073-09-30,0.2049
2073-10-01,0.1922
2073-10-02,0.1784
2073-10-03,0.168
2073-10-04,0.168
2073-10-05,0.2152
2073-10-06,0.2037
2073-10-07,0.1922
2073-10-08,0.2106
2073-10-09,0.2244
2073-10-10,0.244
2073-10-11,0.2371
2073-10-12,0.2267
2073-10-13,0.2233
2073-10-14,0.2244
2073-10-15,0.2325
2073-10-16,0.2659
2073-10-17,0.2544
2073-10-18,0.2463
2073-10-19,0.2428
2073-10-20,0.229
2073-10-21,0.221
2073-10-22,0.2164
2073-10-23,0.2118
2073-10-24,0.2106
2073-10-25,0.2451
2073-10-26,0.4903
2073-10-27,1.0404
2073-10-28,1.1452
2073-10-29,1.3236
2073-10-30,1.5998
2073-10-31,1.8069
2073-11-01,1.899
2073-11-02,2.0832
2073-11-03,2.486
2073-11-04,2.7047
2073-11-05,2.8083
2073-11-06,3.0499
2073-11-07,3.142
2073-11-08,3.1075
2073-11-09,3.0615
2073-11-10,2.9809
2073-11-11,2.8198
2073-11-12,2.7047
2073-11-13,2.5666
2073-11-14,2.44
2073-11-15,2.3249
2073-11-16,2.2213
2073-11-17,2.1292
2073-11-18,2.0486
2073-11-19,2.0832
2073-11-20,2.1752
2073-11-21,2.0947
2073-11-22,2.0371
2073-11-23,1.9681
2073-11-24,1.922
2073-11-25,1.876
2073-11-26,1.8069
2073-11-27,1.7379
2073-11-28,1.6688
2073-11-29,1.5998
2073-11-30,1.5192
2074-07-15,0.2935
2074-07-16,0.2797
2074-07-17,0.2866
2074-07-18,0.2946
2074-07-19,0.2693
2074-07-20,0.2578
2074-07-21,0.2451
2074-07-22,0.2325
2074-07-23,0.2325
2074-07-24,0.2325
2074-07-25,0.2233
2074-07-26,0.2912
2074-07-27,0.3487
2074-07-28,0.2958
2074-07-29,0.2728
2074-07-30,0.2521
2074-07-31,0.2382
2074-08-01,0.2302
2074-08-02,0.2244
2074-08-03,0.2049
2074-08-04,0.1991
2074-08-05,0.1957
2074-08-06,0.1876
2074-08-07,0.221
2074-08-08,0.2405
2074-08-09,0.2751
2074-08-10,0.3027
2074-08-11,0.2889
2074-08-12,0.2843
2074-08-13,0.282
2074-08-14,0.2762
2074-08-15,0.32
2074-08-16,0.4143
2074-08-17,0.3372
2074-08-18,0.3395
2074-08-19,0.3257
2074-08-20,0.3073
2074-08-21,0.2923
2074-08-22,0.2854
2074-08-23,0.2601
2074-08-24,0.2428
2074-08-25,0.2325
2074-08-26,0.2244
2074-08-27,0.2095
2074-08-28,0.2037
2074-08-29,0.1968
2074-08-30,0.2164
2074-08-31,0.1922
2074-09-01,0.183
2074-09-02,0.1761
2074-09-03,0.1715
2074-09-04,0.1738
2074-09-05,0.1657
2074-09-06,0.1657
2074-09-07,0.1542
2074-09-08,0.1381
2074-09-09,0.1255
2074-09-10,0.1197
2074-09-11,0.1404
2074-09-12,0.1496
2074-09-13,0.1404
2074-09-14,0.1301
2074-09-15,0.122
2074-09-16,0.1162
2074-09-17,0.1092
2074-09-18,0.1028
2074-09-19,0.0978
2074-09-20,0.0939
2074-09-21,0.0952
2074-09-22,0.1015
2074-09-23,0.0856
2074-09-24,0.0785
2074-09-25,0.0767
2074-09-26,0.092
2074-09-27,0.1427
2074-09-28,0.1255
2074-09-29,0.1162
2074-09-30,0.1077
2074-10-01,0.1012
2074-10-02,0.0978
2074-10-03,0.0951
2074-10-04,0.0928
2074-10-05,0.0844
2074-10-06,0.0818
2074-10-07,0.0777
2074-10-08,0.075
2074-10-09,0.081
2074-10-10,0.0894
2074-10-11,0.1634
2074-10-12,0.3084
2074-10-13,0.2808
2074-10-14,0.2843
2074-10-15,0.3038
2074-10-16,0.3303
2074-10-17,0.3418
2074-10-18,0.3349
2074-10-19,0.3384
2074-10-20,0.3407
2074-10-21,0.3269
2074-10-22,0.3142
2074-10-23,0.3107
2074-10-24,0.2992
2074-10-25,0.2866
2074-10-26,0.2808
2074-10-27,0.2774
2074-10-28,0.305
2074-10-29,0.3372
2074-10-30,0.3499
2074-10-31,0.3614
2074-11-01,0.3764
2074-11-02,0.412
2074-11-03,0.6261
2074-11-04,0.8126
2074-11-05,0.9046
2074-11-06,1.0462
2074-11-07,1.2775
2074-11-08,1.3581
2074-11-09,1.4387
2074-11-10,1.5422
2074-11-11,1.5768
2074-11-12,1.5653
2074-11-13,1.5653
2074-11-14,1.5192
2074-11-15,1.4732
2074-11-16,1.4387
2074-11-17,1.4387
2074-11-18,1.3811
2074-11-19,1.3236
2074-11-20,1.289
2074-11-21,1.243
2074-11-22,1.1739
2074-11-23,1.1083
2074-11-24,1.0807
2074-11-25,1.0289
2074-11-26,0.9944
2074-11-27,0.9817
2074-11-28,1.0335
2074-11-29,1.022
2074-11-30,0.999
2075-07-15,0.8701
2075-07-16,0.8379
2075-07-17,0.8252
2075-07-18,0.7803
2075-07-19,0.7469
2075-07-20,0.7055
2075-07-21,0.6675
2075-07-22,0.6296
2075-07-23,0.5962
2075-07-24,0.5547
2075-07-25,0.5214
2075-07-26,0.4937
2075-07-27,0.4707
2075-07-28,0.4753
2075-07-29,0.4857
2075-07-30,0.465
2075-07-31,0.6399
2075-08-01,0.5363
2075-08-02,0.4535
2075-08-03,0.4258
2075-08-04,0.4097
2075-08-05,0.3729
2075-08-06,0.3556
2075-08-07,0.3407
2075-08-08,0.3499
2075-08-09,0.389
2075-08-10,0.3579
2075-08-11,0.3453
2075-08-12,0.3223
2075-08-13,0.3395
2075-08-14,0.3177
2075-08-15,0.2992
2075-08-16,0.2843
2075-08-17,0.2831
2075-08-18,0.2866
2075-08-19,0.2958
2075-08-20,0.3246
2075-08-21,0.3107
2075-08-22,0.3038
2075-08-23,0.2831
2075-08-24,0.2567
2075-08-25,0.2486
2075-08-26,0.2382
2075-08-27,0.2302
2075-08-28,0.2233
2075-08-29,0.2716
2075-08-30,0.2728
2075-08-31,0.2474
2075-09-01,0.2313
2075-09-02,0.2371
2075-09-03,0.2474
2075-09-04,0.2567
2075-09-05,0.3188
2075-09-06,0.2728
2075-09-07,0.2567
2075-09-08,0.267
2075-09-09,0.2532
2075-09-10,0.2417
2075-09-11,0.2797
2075-09-12,0.2889
2075-09-13,0.2808
2075-09-14,0.2877
2075-09-15,0.2877
2075-09-16,0.2739
2075-09-17,0.2659
2075-09-18,0.2578
2075-09-19,0.2544
2075-09-20,0.2498
2075-09-21,0.2394
2075-09-22,0.2382
2075-09-23,0.2428
2075-09-24,0.2567
2075-09-25,0.282
2075-09-26,0.2946
2075-09-27,0.3671
2075-09-28,0.3499
2075-09-29,0.3441
2075-09-30,0.3326
2075-10-01,0.328
2075-10-02,0.3188
2075-10-03,0.3107
2075-10-04,0.3038
2075-10-05,0.2912
2075-10-06,0.2912
2075-10-07,0.3004
2075-10-08,0.3004
2075-10-09,0.29
2075-10-10,0.2831
2075-10-11,0.2774
2075-10-12,0.2716
2075-10-13,0.2693
2075-10-14,0.2659
2075-10-15,0.2613
2075-10-16,0.2509
2075-10-17,0.2578
2075-10-18,0.2935
2075-10-19,0.2889
2075-10-20,0.2785
2075-10-21,0.2705
2075-10-22,0.2636
2075-10-23,0.5812
2075-10-24,0.8632
2075-10-25,0.8574
2075-10-26,0.9276
2075-10-27,0.9944
2075-10-28,1.1314
2075-10-29,1.2085
2075-10-30,1.243
2075-10-31,1.3466
2075-11-01,3.8671
2075-11-02,3.9016
2075-11-03,3.729
2075-11-04,3.6024
2075-11-05,3.4988
2075-11-06,3.3952
2075-11-07,3.2341
2075-11-08,3.0615
2075-11-09,2.9003
2075-11-10,2.7507
2075-11-11,2.5666
2075-11-12,2.5205
2075-11-13,2.4169
2075-11-14,2.2903
2075-11-15,2.1752
2075-11-16,2.0371
2075-11-17,1.9336
2075-11-18,1.8415
2075-11-19,1.8069
2075-11-20,1.7724
2075-11-21,1.6919
2075-11-22,1.6573
2075-11-23,1.5998
2075-11-24,1.5537
2075-11-25,1.5422
2075-11-26,1.5192
2075-11-27,1.4732
2075-11-28,1.4156
2075-11-29,1.3581
2075-11-30,1.289
2076-07-15,0.2831
2076-07-16,0.2705
2076-07-17,0.2682
2076-07-18,0.2601
2076-07-19,0.2498
2076-07-20,0.259
2076-07-21,0.2371
2076-07-22,0.2267
2076-07-23,0.2221
2076-07-24,0.2106
2076-07-25,0.2026
2076-07-26,0.206
2076-07-27,0.2037
2076-07-28,0.2037
2076-07-29,0.198
2076-07-30,0.1899
2076-07-31,0.1772
2076-08-01,0.1726
2076-08-02,0.168
2076-08-03,0.1738
2076-08-04,0.1623
2076-08-05,0.183
2076-08-06,0.168
2076-08-07,0.1496
2076-08-08,0.1427
2076-08-09,0.1347
2076-08-10,0.1266
2076-08-11,0.1243
2076-08-12,0.1266
2076-08-13,0.1115
2076-08-14,0.1006
2076-08-15,0.0966
2076-08-16,0.0913
2076-08-17,0.0897
2076-08-18,0.104
2076-08-19,0.1162
2076-08-20,0.0996
2076-08-21,0.0969
2076-08-22,0.0928
2076-08-23,0.0861
2076-08-24,0.0814
2076-08-25,0.0955
2076-08-26,0.1108
2076-08-27,0.0862
2076-08-28,0.0754
2076-08-29,0.0781
2076-08-30,0.1542
2076-08-31,0.1439
2076-09-01,0.1289
2076-09-02,0.1289
2076-09-03,0.1278
2076-09-04,0.109
2076-09-05,0.1001
2076-09-06,0.095
2076-09-07,0.0935
2076-09-08,0.0983
2076-09-09,0.0848
2076-09-10,0.1231
2076-09-11,0.1139
2076-09-12,0.1009
2076-09-13,0.0989
2076-09-14,0.0983
2076-09-15,0.0785
2076-09-16,0.0758
2076-09-17,0.0711
2076-09-18,0.061
2076-09-19,0.0548
2076-09-20,0.049
2076-09-21,0.045
2076-09-22,0.0439
2076-09-23,0.0402
2076-09-24,0.0405
2076-09-25,0.0386
2076-09-26,0.0387
2076-09-27,0.0398
2076-09-28,0.0425
2076-09-29,0.0451
2076-09-30,0.0717
2076-10-01,0.0979
2076-10-02,0.0852
2076-10-03,0.1358
2076-10-04,0.1208
2076-10-05,0.1072
2076-10-06,0.1046
2076-10-07,0.1091
2076-10-08,0.1185
2076-10-09,0.1088
2076-10-10,0.122
2076-10-11,0.2521
2076-10-12,0.2083
2076-10-13,0.1922
2076-10-14,0.5007
2076-10-15,0.5168
2076-10-16,0.5432
2076-10-17,0.9173
2076-10-18,1.3466
2076-10-19,1.5077
2076-10-20,1.8645
2076-10-21,2.1292
2076-10-22,2.3594
2076-10-23,2.486
2076-10-24,2.5781
2076-10-25,2.5435
2076-10-26,2.509
2076-10-27,2.532
2076-10-28,2.4975
2076-10-29,2.4169
2076-10-30,2.3134
2076-10-31,2.2213
2076-11-01,2.1407
2076-11-02,2.1062
2076-11-03,2.0486
2076-11-04,1.9681
2076-11-05,1.899
2076-11-06,1.83
2076-11-07,1.7724
2076-11-08,1.7034
2076-11-09,1.6573
2076-11-10,1.5998
2076-11-11,1.5422
2076-11-12,1.4732
2076-11-13,1.4271
2076-11-14,1.3926
2076-11-15,1.3581
2076-11-16,1.4041
2076-11-17,1.3811
2076-11-18,1.3236
2076-11-19,1.289
2076-11-20,1.243
2076-11-21,1.2085
2076-11-22,1.1739
2076-11-23,1.3121
2076-11-24,1.6113
2076-11-25,1.6688
2076-11-26,1.7494
2076-11-27,1.8069
2076-11-28,1.876
2076-11-29,1.899
2076-11-30,1.9336
2077-07-15,0.2705
2077-07-16,0.2613
2077-07-17,0.2451
2077-07-18,0.2371
2077-07-19,0.2325
2077-07-20,0.2175
2077-07-21,0.2118
2077-07-22,0.2187
2077-07-23,0.2187
2077-07-24,0.2187
2077-07-25,0.2175
2077-07-26,0.2152
2077-07-27,0.1991
2077-07-28,0.1841
2077-07-29,0.1749
2077-07-30,0.1726
2077-07-31,0.1611
2077-08-01,0.1554
2077-08-02,0.16
2077-08-03,0.1657
2077-08-04,0.1577
2077-08-05,0.1565
2077-08-06,0.1577
2077-08-07,0.1519
2077-08-08,0.1427
2077-08-09,0.1393
2077-08-10,0.1393
2077-08-11,0.137
2077-08-12,0.1335
2077-08-13,0.1358
2077-08-14,0.1508
2077-08-15,0.1519
2077-08-16,0.137
2077-08-17,0.1324
2077-08-18,0.1289
2077-08-19,0.122
2077-08-20,0.1138
2077-08-21,0.106
2077-08-22,0.1058
2077-08-23,0.1019
2077-08-24,0.1004
2077-08-25,0.0948
2077-08-26,0.0906
2077-08-27,0.0762
2077-08-28,0.0648
2077-08-29,0.0634
2077-08-30,0.0707
2077-08-31,0.0697
2077-09-01,0.0584
2077-09-02,0.0528
2077-09-03,0.0504
2077-09-04,0.0453
2077-09-05,0.044
2077-09-06,0.0658
2077-09-07,0.0787
2077-09-08,0.0809
2077-09-09,0.0807
2077-09-10,0.095
2077-09-11,0.0993
2077-09-12,0.1039
2077-09-13,0.0963
2077-09-14,0.0868
2077-09-15,0.1899
2077-09-16,0.2152
2077-09-17,0.1922
2077-09-18,0.1911
2077-09-19,0.1784
2077-09-20,0.1715
2077-09-21,0.1703
2077-09-22,0.1692
2077-09-23,0.1657
2077-09-24,0.1634
2077-09-25,0.2026
2077-09-26,0.3948
2077-09-27,0.5686
2077-09-28,0.5697
2077-09-29,0.5962
2077-09-30,0.6284
2077-10-01,0.6629
2077-10-02,0.6836
2077-10-03,0.6848
2077-10-04,0.6825
2077-10-05,0.6767
2077-10-06,0.6641
2077-10-07,0.6537
2077-10-08,0.6376
2077-10-09,0.6226
2077-10-10,0.6042
2077-10-11,0.5847
2077-10-12,0.5697
2077-10-13,0.5559
2077-10-14,0.5398
2077-10-15,0.5329
2077-10-16,0.534
2077-10-17,0.6733
2077-10-18,0.7504
2077-10-19,0.7711
2077-10-20,0.7953
2077-10-21,0.8195
2077-10-22,0.8448
2077-10-23,0.8402
2077-10-24,0.8183
2077-10-25,0.8056
2077-10-26,0.7872
2077-10-27,0.7562
2077-10-28,0.732
2077-10-29,0.709
2077-10-30,0.6883
2077-10-31,0.8816
2077-11-01,1.083
2077-11-02,1.1233
2077-11-03,1.1624
2077-11-04,1.1855
2077-11-05,1.1855
2077-11-06,1.1739
2077-11-07,1.1509
2077-11-08,1.1268
2077-11-09,1.0991
2077-11-10,1.0715
2077-11-11,1.037
2077-11-12,1.0358
2077-11-13,1.1337
2077-11-14,1.1406
2077-11-15,1.1624
2077-11-16,1.1739
2077-11-17,1.1624
2077-11-18,1.1855
2077-11-19,1.243
2077-11-20,1.2315
2077-11-21,1.2315
2077-11-22,1.2775
2077-11-23,1.3236
2077-11-24,1.3005
2077-11-25,1.3121
2077-11-26,1.3351
2077-11-27,1.3696
2077-11-28,1.3351
2077-11-29,1.3005
2077-11-30,1.266
2078-07-15,1.2775
2078-07-16,1.2085
2078-07-17,1.1371
2078-07-18,1.0807
2078-07-19,1.1739
2078-07-20,1.22
2078-07-21,1.2315
2078-07-22,1.3696
2078-07-23,1.3351
2078-07-24,1.3236
2078-07-25,1.5998
2078-07-26,1.5537
2078-07-27,1.5077
2078-07-28,1.4732
2078-07-29,1.4271
2078-07-30,1.3466
2078-07-31,1.2545
2078-08-01,1.1855
2078-08-02,1.1245
2078-08-03,1.0531
2078-08-04,0.999
2078-08-05,0.9322
2078-08-06,0.8805
2078-08-07,0.839
2078-08-08,0.801
2078-08-09,0.9932
2078-08-10,0.953
2078-08-11,0.9691
2078-08-12,1.0036
2078-08-13,0.9679
2078-08-14,0.9345
2078-08-15,0.9012
2078-08-16,0.8563
2078-08-17,0.8091
2078-08-18,0.9196
2078-08-19,0.9449
2078-08-20,0.9196
2078-08-21,0.8977
2078-08-22,0.9276
2078-08-23,0.8862
2078-08-24,0.8528
2078-08-25,0.8079
2078-08-26,0.7746
2078-08-27,0.7631
2078-08-28,0.7331
2078-08-29,0.7067
2078-08-30,0.6906
2078-08-31,0.6929
2078-09-01,0.6756
2078-09-02,0.6434
2078-09-03,0.6388
2078-09-04,0.6215
2078-09-05,0.6019
2078-09-06,0.5835
2078-09-07,0.5651
2078-09-08,0.5455
2078-09-09,0.5306
2078-09-10,0.5145
2078-09-11,0.496
2078-09-12,0.4788
2078-09-13,0.4661
2078-09-14,0.4569
2078-09-15,0.4063
2078-09-16,0.3729
2078-09-17,0.3545
2078-09-18,0.3384
2078-09-19,0.32
2078-09-20,0.3107
2078-09-21,0.3038
2078-09-22,0.3395
2078-09-23,0.343
2078-09-24,0.3038
2078-09-25,0.3061
2078-09-26,0.3131
2078-09-27,0.4155
2078-09-28,0.4155
2078-09-29,0.4074
2078-09-30,0.4051
