date,prcp_mm,tmax_c,tmin_c,srad_wm2,vp_pa,dayl_s
2036-10-01,2.64,10.09,1.44,189.6,677.6,40798.9
2036-10-02,5.06,18.95,4.76,242.7,857.7,40591.5
2036-10-03,16.26,15.17,7.81,156.9,1058.2,40384.6
2036-10-04,14.6,7.09,3.57,85.0,788.5,40178.0
2036-10-05,0.0,7.63,1.88,179.2,699.6,39971.9
2036-10-06,0.0,8.01,2.82,162.7,748.1,39766.2
2036-10-07,0.0,10.92,3.68,215.6,795.0,39561.1
2036-10-08,4.84,12.97,3.93,187.8,809.1,39356.6
2036-10-09,0.0,7.77,1.05,205.4,659.1,39152.6
2036-10-10,0.0,8.12,0.21,231.2,620.0,38949.3
2036-10-11,14.86,7.11,-4.93,222.0,423.6,38746.6
2036-10-12,3.49,10.13,1.42,179.6,676.8,38544.7
2036-10-13,0.71,7.22,2.01,161.2,705.7,38343.5
2036-10-14,0.0,3.06,-0.75,122.0,578.2,38143.1
2036-10-15,0.0,4.73,-1.76,194.7,536.9,37943.5
2036-10-16,0.0,9.57,-7.08,310.9,359.2,37744.9
2036-10-17,0.0,12.06,-4.61,304.5,434.0,37547.1
2036-10-18,3.82,15.52,1.89,209.5,700.0,37350.4
2036-10-19,1.3,12.79,4.66,210.0,851.5,37154.6
2036-10-20,2.26,7.35,0.23,146.7,621.0,36959.9
2036-10-21,0.0,4.68,-1.79,181.2,535.6,36766.4
2036-10-22,0.0,5.0,-2.34,196.9,514.2,36574.0
2036-10-23,0.0,5.08,-3.06,210.2,487.4,36382.9
2036-10-24,0.0,7.88,-1.46,225.5,548.7,36193.1
2036-10-25,12.55,9.72,-5.96,206.2,391.5,36004.6
2036-10-26,5.67,9.69,-1.47,180.1,548.4,35817.5
2036-10-27,0.0,2.29,-1.3,100.0,555.4,35631.9
2036-10-28,0.0,3.76,-5.13,210.0,417.3,35447.8
2036-10-29,0.0,2.47,-5.2,190.7,414.9,35265.2
2036-10-30,0.0,4.17,-2.37,167.1,513.3,35084.4
2036-10-31,1.8,5.27,-1.06,160.4,565.4,34905.2
2036-11-01,0.0,4.07,-0.66,127.1,582.0,34727.8
2036-11-02,0.0,0.88,-4.45,141.8,439.0,34552.3
2036-11-03,0.0,1.81,-9.63,226.9,294.3,34378.7
2036-11-04,2.49,8.74,-4.06,171.0,452.4,34207.0
2036-11-05,0.0,8.09,-0.99,189.4,568.2,34037.5
2036-11-06,0.98,-0.08,-6.05,157.4,388.7,33870.0
2036-11-07,6.99,2.4,-4.16,125.7,448.7,33704.8
2036-11-08,2.2,-0.15,-3.82,67.8,460.4,33541.9
2036-11-09,2.23,-0.08,-10.03,163.2,285.1,33381.3
2036-11-10,2.08,1.14,-4.83,152.0,426.7,33223.1
2036-11-11,1.38,2.53,-2.61,132.4,504.0,33067.5
2036-11-12,0.0,3.39,-0.95,101.1,569.8,32914.4
2036-11-13,1.71,1.64,-2.31,92.0,515.4,32764.0
2036-11-14,0.0,0.91,-3.03,91.7,488.5,32616.4
2036-11-15,0.0,-0.26,-5.25,116.2,413.3,32471.6
2036-11-16,0.0,-2.74,-7.99,124.2,334.9,32329.7
2036-11-17,0.0,-1.4,-8.83,160.5,313.6,32190.8
2036-11-18,3.99,-2.53,-7.07,91.9,359.5,32055.0
2036-11-19,0.0,-2.38,-6.23,104.9,383.7,31922.3
2036-11-20,0.0,0.47,-12.41,216.7,235.8,31792.9
2036-11-21,0.0,2.82,-7.45,198.1,349.2,31666.8
2036-11-22,0.0,3.33,-6.48,191.5,376.3,31544.1
2036-11-23,0.0,5.0,-8.61,209.0,318.9,31424.9
2036-11-24,16.58,4.1,-4.14,129.2,449.5,31309.3
2036-11-25,12.94,3.59,0.17,64.7,618.1,31197.3
2036-11-26,0.0,-1.29,-4.88,81.7,425.2,31089.0
2036-11-27,0.0,-4.06,-10.36,131.2,277.9,30984.5
2036-11-28,11.6,0.07,-9.77,139.2,291.2,30883.9
2036-11-29,0.0,2.14,-5.74,163.0,398.1,30787.2
2036-11-30,1.23,-0.28,-4.47,101.0,438.5,30694.6
2036-12-01,0.0,0.85,-9.99,185.3,286.2,30606.0
2036-12-02,8.58,1.78,-8.67,136.0,317.6,30521.6
2036-12-03,16.7,3.07,-5.09,119.4,418.5,30441.4
2036-12-04,5.91,-7.03,-9.76,51.5,291.4,30365.6
2036-12-05,0.0,-4.8,-10.86,135.9,267.0,30294.0
2036-12-06,0.0,-3.24,-9.13,131.6,306.2,30226.9
2036-12-07,1.22,-2.72,-7.57,112.6,345.9,30164.2
2036-12-08,11.25,1.79,-7.82,129.1,339.3,30106.1
2036-12-09,0.0,-1.82,-7.93,133.0,336.4,30052.5
2036-12-10,2.72,-5.85,-15.61,130.5,181.4,30003.5
2036-12-11,0.0,-15.95,-22.52,140.6,100.1,29959.2
2036-12-12,2.41,-13.57,-30.06,146.0,50.1,29919.5
2036-12-13,1.14,-8.65,-24.94,192.1,80.6,29884.6
2036-12-14,0.0,-13.17,-24.5,176.2,83.9,29854.4
2036-12-15,0.0,-20.32,-26.93,130.2,67.2,29829.0
2036-12-16,14.94,-12.52,-30.83,146.7,46.6,29808.5
2036-12-17,0.0,-11.01,-22.47,173.4,100.6,29792.7
2036-12-18,0.0,-9.19,-24.88,188.0,81.1,29781.8
2036-12-19,0.0,-9.53,-24.77,185.5,81.9,29775.7
2036-12-20,0.0,-17.81,-27.25,153.8,65.2,29774.4
2036-12-21,0.0,-21.06,-30.22,151.7,49.3,29778.1
2036-12-22,1.13,-15.65,-34.75,193.1,31.7,29786.5
2036-12-23,1.98,-8.48,-29.56,194.5,52.6,29799.8
2036-12-24,5.76,-4.32,-15.18,121.2,187.9,29818.0
2036-12-25,0.0,-22.2,-29.1,119.6,54.9,29840.9
2036-12-26,0.0,-17.17,-31.92,183.2,41.9,29868.6
2036-12-27,0.0,-13.08,-26.93,177.9,67.2,29901.2
2036-12-28,0.0,-1.38,-28.63,199.0,57.4,29938.4
2036-12-29,0.0,-0.26,-14.59,174.4,197.3,29980.4
2036-12-30,0.0,-7.61,-12.26,75.9,238.7,30027.0
2036-12-31,0.0,-9.98,-18.4,115.6,161.1,30052.7
2037-01-01,0.0,-12.34,-24.54,155.2,83.6,30078.5
2037-01-02,9.62,-9.97,-23.9,127.2,88.5,30134.3
2037-01-03,0.0,-23.85,-30.31,97.8,48.9,30194.7
2037-01-04,0.92,-19.5,-34.34,177.7,33.1,30259.6
2037-01-05,0.0,-11.84,-31.2,195.7,44.9,30328.9
2037-01-06,4.06,-7.61,-22.38,134.9,101.4,30402.6
2037-01-07,8.67,-2.64,-18.14,139.0,146.5,30480.7
2037-01-08,0.0,-13.01,-17.3,70.4,157.3,30562.9
2037-01-09,0.0,-14.05,-24.97,157.0,80.4,30649.4
2037-01-10,7.44,-11.08,-26.16,143.3,72.1,30740.0
2037-01-11,1.02,-13.13,-22.64,145.5,99.1,30834.6
2037-01-12,0.0,-17.09,-24.9,125.7,80.9,30933.3
2037-01-13,5.97,-16.78,-30.39,141.4,48.6,31035.8
2037-01-14,0.0,-11.95,-22.08,157.8,104.1,31142.2
2037-01-15,0.0,-12.43,-29.35,210.6,53.6,31252.3
2037-01-16,0.0,-11.67,-30.17,218.4,49.6,31366.2
2037-01-17,0.0,-12.93,-26.32,194.5,71.0,31483.6
2037-01-18,0.0,-9.79,-27.41,220.3,64.3,31604.5
2037-01-19,0.0,-5.35,-18.07,191.7,147.4,31728.9
2037-01-20,0.0,-10.69,-18.91,143.1,137.2,31856.7
2037-01-21,2.81,-10.38,-22.85,147.4,97.2,31987.7
2037-01-22,6.05,-7.41,-21.89,161.8,105.9,32121.9
2037-01-23,3.13,-6.27,-13.39,99.1,217.7,32259.3
2037-01-24,1.03,-5.53,-11.97,122.4,244.3,32399.7
2037-01-25,0.0,-5.34,-18.1,209.5,147.0,32543.0
2037-01-26,1.31,2.08,-13.85,234.2,209.7,32689.2
2037-01-27,0.0,2.88,-4.82,145.8,427.1,32838.2
2037-01-28,0.0,-7.69,-19.54,209.0,129.9,32989.9
2037-01-29,0.0,-10.74,-28.59,256.8,57.6,33144.3
2037-01-30,0.0,-12.7,-25.01,220.5,80.1,33301.2
2037-01-31,0.0,-3.98,-24.23,270.4,86.0,33460.6
2037-02-01,3.41,2.75,-20.59,210.9,118.6,33622.3
2037-02-02,20.83,6.82,-9.51,192.1,297.3,33786.4
2037-02-03,0.0,-5.46,-13.13,158.7,222.4,33952.8
2037-02-04,0.0,-13.87,-25.09,222.5,79.5,34121.3
2037-02-05,0.0,-11.58,-27.11,270.0,66.1,34291.9
2037-02-06,0.0,-7.78,-24.18,279.5,86.3,34464.5
2037-02-07,0.4,-3.63,-18.07,263.1,147.4,34639.0
2037-02-08,11.07,-1.61,-14.36,186.8,201.0,34815.5
2037-02-09,0.0,-1.05,-7.28,143.8,353.7,34993.8
2037-02-10,0.57,-0.35,-17.79,299.6,151.0,35173.8
2037-02-11,15.02,10.07,-10.87,239.2,266.9,35355.5
2037-02-12,0.0,-4.82,-12.96,187.8,225.4,35538.8
2037-02-13,0.0,-9.19,-23.86,289.7,88.8,35723.7
2037-02-14,0.0,-5.52,-19.92,290.9,125.8,35910.0
2037-02-15,0.0,-4.13,-21.67,323.1,107.9,36097.8
2037-02-16,0.0,8.57,-13.16,343.6,221.8,36287.0
2037-02-17,0.0,7.16,-0.6,186.2,584.5,36477.5
2037-02-18,0.0,9.15,1.38,188.6,674.7,36669.2
2037-02-19,1.36,10.7,-0.74,259.1,578.7,36862.2
2037-02-20,2.37,6.33,1.74,90.9,692.6,37056.3
2037-02-21,2.64,7.44,2.85,93.5,749.4,37251.5
2037-02-22,0.0,9.6,2.14,195.0,712.7,37447.8
2037-02-23,0.0,12.34,-2.35,319.8,514.0,37645.0
2037-02-24,0.0,9.19,-3.39,298.4,475.4,37843.2
2037-02-25,0.0,5.93,-0.73,185.8,578.8,38042.3
2037-02-26,7.75,1.95,-2.17,92.5,520.8,38242.3
2037-02-27,0.0,2.09,-2.65,143.8,502.7,38443.1
2037-02-28,3.6,3.3,-8.99,244.1,309.6,38644.7
2037-03-01,1.62,1.08,-4.54,178.2,436.2,38847.0
2037-03-02,0.0,-0.23,-8.11,251.1,331.8,39050.0
2037-03-03,0.0,-0.55,-14.49,375.7,199.0,39253.6
2037-03-04,0.0,-4.13,-11.86,264.9,246.4,39457.9
2037-03-05,1.79,0.56,-10.12,335.0,283.2,39662.7
2037-03-06,0.0,2.64,-5.17,269.8,415.8,39868.1
2037-03-07,0.0,1.99,-1.69,143.1,539.6,40074.0
2037-03-08,0.0,0.96,-3.3,170.7,479.0,40280.3
2037-03-09,0.0,0.57,-2.48,131.4,509.0,40487.1
2037-03-10,0.0,-0.27,-3.9,159.8,457.6,40694.3
2037-03-11,0.0,0.58,-11.96,412.3,244.5,40901.8
2037-03-12,0.0,1.82,-12.12,434.7,241.3,41109.7
2037-03-13,0.0,1.26,-7.77,361.0,340.6,41317.8
2037-03-14,3.61,0.4,-7.25,245.2,354.6,41526.3
2037-03-15,0.0,-3.14,-13.99,415.8,207.4,41734.9
2037-03-16,0.0,-3.64,-14.07,414.3,206.0,41943.8
2037-03-17,25.91,-7.4,-15.94,290.7,176.4,42152.9
2037-03-18,6.41,-2.73,-11.45,304.2,254.6,42362.1
2037-03-19,2.46,1.69,-8.14,324.6,330.8,42571.4
2037-03-20,0.0,2.06,-3.47,291.9,472.6,42780.8
2037-03-21,0.0,2.12,-2.6,261.0,504.3,42990.3
2037-03-22,0.0,4.06,-10.56,509.4,273.4,43199.8
2037-03-23,0.0,7.12,-13.27,533.6,219.9,43409.3
2037-03-24,0.0,6.11,-11.97,529.8,244.2,43618.7
2037-03-25,0.0,4.74,-13.08,533.7,223.3,43828.1
2037-03-26,0.0,9.47,-13.79,549.0,210.7,44037.5
2037-03-27,0.0,4.53,-6.02,444.2,389.6,44246.7
2037-03-28,1.46,8.31,-11.65,547.7,250.6,44455.7
2037-03-29,0.0,10.11,-2.7,475.6,500.8,44664.6
2037-03-30,28.2,3.44,-0.35,141.3,595.2,44873.3
2037-03-31,0.0,3.84,-0.56,218.0,586.3,45081.7
2037-04-01,5.98,5.49,-5.96,350.5,391.5,45289.9
2037-04-02,5.43,6.0,-0.04,222.2,608.8,45497.8
2037-04-03,0.0,11.57,-1.82,503.0,534.5,45705.3
2037-04-04,3.39,14.76,1.68,369.5,689.5,45912.5
2037-04-05,4.1,11.28,5.72,200.6,916.9,46119.2
2037-04-06,2.06,5.3,-0.13,268.9,605.1,46325.6
2037-04-07,0.0,6.85,-4.51,472.4,437.1,46531.4
2037-04-08,3.46,12.84,-1.09,382.7,564.0,46736.8
2037-04-09,5.24,16.81,3.72,362.0,797.3,46941.7
2037-04-10,0.0,10.95,2.97,355.4,755.8,47145.9
2037-04-11,0.0,14.05,-2.14,542.5,515.1,47349.6
2037-04-12,0.0,4.44,-2.55,328.1,506.3,47552.6
2037-04-13,0.0,8.19,-7.42,546.1,350.0,47754.9
2037-04-14,8.19,9.11,-3.95,377.6,456.0,47956.4
2037-04-15,0.0,-3.57,-9.3,281.0,302.2,48157.2
2037-04-16,0.0,3.4,-11.65,549.2,250.7,48357.2
2037-04-17,0.49,10.94,-4.68,547.6,431.5,48556.4
2037-04-18,4.82,6.25,0.43,206.1,630.0,48754.6
2037-04-19,0.0,5.68,-3.61,410.0,467.7,48951.8
2037-04-20,0.0,4.06,-2.99,326.7,490.2,49148.1
2037-04-21,0.0,1.2,-7.49,399.6,348.0,49343.3
2037-04-22,0.0,4.72,-8.71,535.2,316.4,49537.4
2037-04-23,0.0,12.44,-3.43,568.8,456.8,49730.4
2037-04-24,8.54,6.89,-0.66,277.0,581.8,49922.1
2037-04-25,0.0,9.09,-1.6,487.2,543.2,50112.6
2037-04-26,0.0,11.38,1.41,462.8,676.2,50301.8
2037-04-27,0.0,11.13,2.07,443.0,709.0,50489.6
2037-04-28,0.0,12.85,-2.95,588.5,464.8,50675.9
2037-04-29,17.0,7.89,-1.94,351.2,529.9,50860.8
2037-04-30,0.0,11.07,0.36,485.5,627.1,51044.1
2037-05-01,2.96,14.18,-3.21,448.3,481.8,51225.8
2037-05-02,0.24,13.69,2.41,489.2,726.2,51405.8
2037-05-03,0.0,16.4,-0.23,584.6,565.1,51584.1
2037-05-04,0.0,18.46,-0.88,607.6,498.2,51760.6
2037-05-05,0.0,22.78,5.14,577.9,749.4,51935.1
2037-05-06,5.55,21.66,4.24,425.6,805.0,52107.8
2037-05-07,0.0,9.12,-1.09,441.0,563.9,52278.4
2037-05-08,0.0,20.01,-3.02,621.2,420.9,52446.9
2037-05-09,0.0,21.29,3.27,575.6,672.4,52613.2
2037-05-10,0.0,17.02,4.13,489.1,766.9,52777.3
2037-05-11,11.6,15.61,6.13,296.4,942.9,52939.1
2037-05-12,23.85,18.39,7.37,325.1,1027.4,53098.5
2037-05-13,12.85,15.56,8.07,242.8,1077.7,53255.4
2037-05-14,1.05,12.33,4.98,327.6,870.9,53409.7
2037-05-15,0.0,19.69,2.14,566.4,659.1,53561.4
2037-05-16,26.82,16.86,9.73,229.8,1205.4,53710.5
2037-05-17,0.22,7.73,0.63,326.0,639.2,53856.7
2037-05-18,0.0,4.65,-2.85,344.6,495.2,54000.0
2037-05-19,0.0,8.7,-1.22,427.5,558.7,54140.4
2037-05-20,0.0,14.13,2.1,475.4,710.7,54277.8
2037-05-21,1.35,20.21,-1.89,603.5,501.0,54412.0
2037-05-22,0.0,15.65,5.22,418.7,885.3,54543.1
2037-05-23,0.0,18.06,1.54,549.2,665.4,54670.8
2037-05-24,0.0,23.67,1.81,530.5,664.8,54795.2
2037-05-25,7.89,25.37,4.36,387.0,833.6,54916.2
2037-05-26,2.22,21.66,10.7,271.0,1286.4,55033.6
2037-05-27,9.69,22.48,11.51,268.8,1357.6,55147.4
2037-05-28,4.46,20.14,13.14,186.7,1510.9,55257.6
2037-05-29,11.03,21.09,12.95,214.2,1492.4,55364.0
2037-05-30,3.66,21.0,13.26,206.2,1522.4,55466.5
2037-05-31,0.0,16.92,7.92,329.8,1066.5,55565.2
2037-06-01,0.0,17.64,-0.14,509.0,604.4,55659.8
2037-06-02,0.0,21.97,1.33,527.6,670.0,55750.4
2037-06-03,5.17,23.89,8.77,342.3,1129.7,55836.9
2037-06-04,0.0,23.52,12.46,374.1,1445.0,55919.2
2037-06-05,0.0,28.3,9.69,496.2,1177.1,55997.2
2037-06-06,5.63,22.02,12.4,253.4,1439.0,56070.9
2037-06-07,0.0,17.44,7.28,373.8,1020.6,56140.2
2037-06-08,4.26,19.61,3.59,369.9,789.7,56205.1
2037-06-09,8.03,14.28,8.65,172.5,1120.7,56265.6
2037-06-10,1.42,15.49,7.29,323.6,1021.6,56321.4
2037-06-11,0.0,19.27,3.82,488.8,802.8,56372.7
2037-06-12,0.0,20.59,4.57,490.2,846.2,56419.4
2037-06-13,0.0,24.69,6.15,506.9,944.7,56461.3
2037-06-14,0.0,23.66,9.27,451.3,1168.4,56498.6
2037-06-15,0.0,20.45,14.34,228.3,1632.9,56531.2
2037-06-16,19.72,20.29,14.55,161.7,1655.9,56558.9
2037-06-17,1.31,23.2,14.53,309.0,1653.0,56581.9
2037-06-18,0.0,24.27,8.56,470.1,1114.0,56600.1
2037-06-19,2.8,26.14,11.58,331.8,1363.3,56613.4
2037-06-20,5.58,23.69,14.8,237.7,1683.1,56621.9
2037-06-21,0.0,21.42,10.43,384.8,1262.8,56625.6
2037-06-22,20.78,17.52,10.46,207.1,1265.3,56624.3
2037-06-23,0.0,18.16,11.32,276.2,1339.8,56618.3
2037-06-24,2.15,20.55,4.74,375.0,856.3,56607.4
2037-06-25,24.92,14.88,8.49,202.9,1108.9,56591.7
2037-06-26,0.0,15.73,9.72,257.7,1204.1,56571.1
2037-06-27,0.0,22.14,7.31,482.8,1022.8,56545.8
2037-06-28,0.0,25.93,7.08,516.8,1007.2,56515.6
2037-06-29,0.0,28.22,9.46,504.7,1184.0,56480.7
2037-06-30,0.0,27.65,13.81,432.1,1578.6,56441.1
2037-07-01,0.0,24.4,13.76,373.1,1573.0,56396.8
2037-07-02,0.0,29.09,12.51,477.2,1449.9,56347.9
2037-07-03,0.0,29.83,15.39,440.3,1747.9,56294.3
2037-07-04,0.0,28.72,17.95,363.0,2057.0,56236.2
2037-07-05,13.49,27.2,16.8,272.8,1912.9,56173.5
2037-07-06,14.67,28.56,17.5,281.1,1999.3,56106.4
2037-07-07,8.82,24.29,14.75,261.6,1677.3,56034.9
2037-07-08,0.0,28.27,13.11,461.9,1507.3,55959.1
2037-07-09,2.19,25.23,11.76,328.6,1379.7,55878.9
2037-07-10,0.0,26.87,13.75,422.5,1571.6,55794.5
2037-07-11,0.0,24.39,11.96,417.7,1397.8,55706.0
2037-07-12,0.0,23.93,11.15,428.4,1325.1,55613.4
2037-07-13,14.12,25.64,11.93,332.5,1395.0,55516.8
2037-07-14,2.59,20.71,13.67,208.9,1563.6,55416.2
2037-07-15,0.0,19.07,10.8,324.0,1295.0,55311.7
2037-07-16,0.0,24.48,8.99,473.9,1147.0,55203.4
2037-07-17,0.0,27.68,8.31,505.6,1095.2,55091.5
2037-07-18,0.0,27.52,11.24,469.2,1332.8,54975.8
2037-07-19,0.0,26.95,13.13,430.0,1510.2,54856.7
2037-07-20,1.6,25.6,14.34,375.9,1632.9,54734.0
2037-07-21,7.05,21.4,15.87,156.6,1802.5,54607.9
2037-07-22,0.0,20.98,12.55,309.7,1453.8,54478.5
2037-07-23,0.0,20.42,7.04,436.3,1003.9,54345.9
2037-07-24,0.0,25.45,7.44,491.5,1032.1,54210.1
2037-07-25,0.0,27.16,9.24,480.0,1166.5,54071.2
2037-07-26,12.68,26.21,12.52,308.4,1450.6,53929.4
2037-07-27,0.0,20.98,12.17,305.8,1417.2,53784.6
2037-07-28,0.0,20.31,5.57,451.5,907.2,53637.0
2037-07-29,0.0,20.82,10.22,364.2,1245.5,53486.6
2037-07-30,0.0,24.05,10.77,417.5,1291.8,53333.6
2037-07-31,0.0,28.6,10.96,467.9,1308.1,53177.9
2037-08-01,0.0,28.52,13.94,422.1,1591.9,53019.8
2037-08-02,0.89,28.81,16.17,382.5,1837.4,52859.2
2037-08-03,6.16,28.18,14.48,303.1,1648.5,52696.3
2037-08-04,0.0,26.84,15.56,354.4,1766.5,52531.0
2037-08-05,58.11,25.1,13.05,282.8,1501.7,52363.6
2037-08-06,64.37,14.83,12.53,73.0,1451.4,52194.1
2037-08-07,7.85,16.88,11.27,159.1,1335.6,52022.5
2037-08-08,6.1,19.33,12.05,201.4,1406.7,51848.9
2037-08-09,4.13,18.91,13.22,162.7,1518.2,51673.3
2037-08-10,0.0,24.1,15.26,311.4,1732.9,51496.0
2037-08-11,12.13,27.04,13.3,312.0,1526.9,51316.8
2037-08-12,0.0,25.98,15.61,347.1,1772.5,51136.0
2037-08-13,0.0,22.45,13.05,329.4,1501.6,50953.4
2037-08-14,0.0,19.52,5.87,430.1,926.1,50769.4
2037-08-15,22.79,22.24,5.45,349.6,899.4,50583.7
2037-08-16,14.16,19.44,11.4,221.4,1347.7,50396.6
2037-08-17,40.76,15.63,12.24,105.1,1424.3,50208.2
2037-08-18,0.0,19.8,6.85,423.4,991.5,50018.3
2037-08-19,0.0,23.69,7.74,453.6,1053.4,49827.2
2037-08-20,0.0,25.06,6.99,465.7,1000.4,49634.9
2037-08-21,0.0,27.11,8.65,458.5,1120.4,49441.3
2037-08-22,0.0,27.36,10.39,439.0,1260.1,49246.7
2037-08-23,6.69,25.08,13.83,263.7,1579.8,49050.9
2037-08-24,0.0,18.13,10.48,276.2,1267.7,48854.2
2037-08-25,0.0,19.38,2.62,455.8,737.3,48656.4
2037-08-26,0.0,24.36,3.78,470.7,800.7,48457.8
2037-08-27,0.0,20.21,9.9,336.0,1219.1,48258.2
2037-08-28,0.0,21.87,3.18,456.7,767.4,48057.8
2037-08-29,0.49,25.57,4.52,461.3,843.3,47856.6
2037-08-30,0.0,25.49,10.85,394.3,1299.4,47654.7
2037-08-31,0.0,24.66,14.08,318.4,1606.5,47452.0
2037-09-01,0.0,22.75,12.68,311.1,1466.1,47248.7
2037-09-02,0.0,24.08,11.67,357.4,1371.8,47044.8
2037-09-03,0.0,25.78,12.92,357.8,1489.0,46840.2
2037-09-04,0.0,25.44,9.84,397.2,1214.3,46635.1
2037-09-05,0.0,24.71,10.33,374.5,1254.8,46429.5
2037-09-06,0.0,23.0,9.97,350.5,1225.3,46223.4
2037-09-07,0.0,23.17,8.97,364.3,1145.0,46016.8
2037-09-08,3.77,23.12,9.47,262.2,1184.1,45809.8
2037-09-09,12.73,16.35,10.14,140.6,1239.1,45602.5
2037-09-10,0.32,14.95,4.34,304.1,832.4,45394.8
2037-09-11,0.0,15.65,7.54,240.9,1039.0,45186.7
2037-09-12,0.0,18.84,5.48,345.6,901.6,44978.4
2037-09-13,0.0,21.65,8.32,336.9,1096.0,44769.9
2037-09-14,1.87,16.49,5.8,297.0,921.7,44561.1
2037-09-15,1.39,19.29,7.6,308.4,1043.0,44352.1
2037-09-16,0.0,16.14,5.8,280.4,921.6,44143.0
2037-09-17,0.0,16.74,1.52,360.3,681.4,43933.7
2037-09-18,2.54,14.15,1.58,241.8,684.5,43724.4
2037-09-19,10.6,13.35,4.18,192.0,823.4,43514.9
2037-09-20,1.83,12.4,7.6,145.0,1043.4,43305.4
2037-09-21,0.0,14.57,3.56,298.9,788.0,43095.9
2037-09-22,0.0,11.94,2.85,259.7,749.5,42886.4
2037-09-23,9.73,10.65,5.37,119.9,894.7,42677.0
2037-09-24,1.56,12.57,5.74,203.6,917.9,42467.6
2037-09-25,0.0,16.76,1.33,356.9,672.3,42258.4
2037-09-26,0.0,16.28,2.44,334.6,728.0,42049.2
2037-09-27,8.06,14.75,1.61,245.2,686.2,41840.3
2037-09-28,2.79,16.48,7.27,193.1,1020.0,41631.5
2037-09-29,3.53,6.59,1.75,117.0,692.7,41422.9
2037-09-30,3.58,7.31,1.39,140.4,675.4,41214.6
2037-10-01,2.23,9.48,2.74,155.7,743.7,41006.6
2037-10-02,10.95,7.58,3.44,101.6,781.6,40798.9
2037-10-03,9.8,7.31,3.62,92.7,791.5,40591.5
2037-10-04,1.79,9.25,4.27,164.4,828.8,40384.6
2037-10-05,0.0,14.17,4.36,278.0,834.0,40178.0
2037-10-06,5.78,13.73,-0.02,245.7,609.8,39971.9
2037-10-07,27.8,7.37,2.75,116.5,744.0,39766.2
2037-10-08,2.95,6.28,1.65,118.8,688.2,39561.1
2037-10-09,0.0,7.28,2.4,164.2,725.9,39356.6
2037-10-10,0.0,6.17,-1.29,235.2,555.8,39152.6
2037-10-11,0.0,6.5,0.11,206.4,615.5,38949.3
2037-10-12,0.0,11.93,-4.29,327.6,444.6,38746.6
2037-10-13,0.0,15.41,-3.97,329.7,455.4,38544.7
2037-10-14,0.0,18.48,-2.74,325.5,499.2,38343.5
2037-10-15,1.75,17.54,-0.65,313.9,582.3,38143.1
2037-10-16,2.28,9.56,3.04,138.6,759.7,37943.5
2037-10-17,0.0,8.43,-0.66,239.1,581.8,37744.9
2037-10-18,20.26,10.56,-5.27,226.0,412.6,37547.1
2037-10-19,2.73,10.3,1.44,169.7,677.6,37350.4
2037-10-20,0.0,7.32,-1.41,221.9,550.7,37154.6
2037-10-21,3.07,10.9,0.1,185.4,615.3,36959.9
2037-10-22,4.91,6.35,-1.96,157.7,528.8,36766.4
2037-10-23,32.79,12.41,0.02,191.0,611.5,36574.0
2037-10-24,0.0,4.87,-0.78,147.8,576.8,36382.9
2037-10-25,0.0,5.62,-4.6,231.4,434.1,36193.1
2037-10-26,7.59,5.32,-3.24,154.8,481.0,36004.6
2037-10-27,20.48,9.94,1.7,147.4,690.5,35817.5
2037-10-28,1.64,5.95,1.56,117.2,683.4,35631.9
2037-10-29,0.0,5.21,-6.32,236.8,380.8,35447.8
2037-10-30,0.0,6.23,-5.8,235.6,396.4,35265.2
2037-10-31,0.0,8.66,-6.77,251.1,367.8,35084.4
2037-11-01,0.0,7.92,-2.65,208.2,502.4,34905.2
2037-11-02,0.0,12.02,1.96,193.7,703.4,34727.8
2037-11-03,0.0,5.71,-0.41,132.8,592.8,34552.3
2037-11-04,0.0,5.32,-1.92,152.5,530.6,34378.7
2037-11-05,0.0,8.31,-3.48,208.4,472.2,34207.0
2037-11-06,8.55,9.84,2.56,109.6,734.1,34037.5
2037-11-07,1.97,7.06,3.51,76.4,785.2,33870.0
2037-11-08,0.0,4.33,-0.63,103.8,583.5,33704.8
2037-11-09,0.0,4.86,-4.17,168.1,448.7,33541.9
2037-11-10,0.0,-0.13,-9.17,167.7,305.1,33381.3
2037-11-11,2.08,1.42,-6.65,171.6,371.4,33223.1
2037-11-12,0.0,-1.71,-7.4,132.1,350.6,33067.5
2037-11-13,0.0,2.11,-9.13,214.1,306.2,32914.4
2037-11-14,0.0,8.24,-5.76,227.5,397.6,32764.0
2037-11-15,0.0,8.29,-5.4,221.6,408.8,32616.4
2037-11-16,0.0,7.78,-2.53,191.8,507.2,32471.6
2037-11-17,4.71,4.2,-0.95,78.4,570.0,32329.7
2037-11-18,10.1,2.6,-0.3,46.9,597.4,32190.8
2037-11-19,0.0,1.08,-1.89,64.3,531.8,32055.0
2037-11-20,11.86,2.37,-2.18,71.3,520.3,31922.3
2037-11-21,6.22,4.65,-1.01,85.3,567.2,31792.9
2037-11-22,0.0,1.44,-1.67,67.8,540.4,31666.8
2037-11-23,0.0,-1.07,-4.14,67.6,449.5,31544.1
2037-11-24,0.0,-1.69,-7.55,120.3,346.4,31424.9
2037-11-25,0.0,-1.72,-6.24,96.4,383.2,31309.3
2037-11-26,0.0,-2.3,-5.83,77.5,395.6,31197.3
2037-11-27,9.85,-2.25,-6.34,73.8,380.2,31089.0
2037-11-28,0.0,-0.59,-5.48,115.1,406.0,30984.5
2037-11-29,0.0,-3.27,-6.29,76.5,381.7,30883.9
2037-11-30,0.0,-4.33,-8.87,113.4,312.5,30787.2
2037-12-01,0.0,-0.77,-11.71,190.8,249.4,30694.6
2037-12-02,2.27,2.26,-9.59,144.7,295.2,30606.0
2037-12-03,7.31,2.6,-1.13,68.0,562.1,30521.6
2037-12-04,0.0,3.44,-0.77,100.0,577.6,30441.4
2037-12-05,3.01,2.35,-3.55,100.6,470.0,30365.6
2037-12-06,12.94,4.1,-2.54,107.6,506.7,30294.0
2037-12-07,2.87,3.32,-0.38,66.7,593.9,30226.9
2037-12-08,0.0,-0.09,-2.48,60.6,508.8,30164.2
2037-12-09,2.43,-1.09,-3.77,46.1,462.2,30106.1
2037-12-10,1.09,1.75,-4.14,119.0,449.6,30052.5
2037-12-11,0.0,0.13,-2.75,65.9,499.0,30003.5
2037-12-12,0.0,-2.96,-6.25,75.6,383.0,29959.2
2037-12-13,0.0,-2.82,-12.27,154.9,238.5,29919.5
2037-12-14,0.0,-0.71,-12.81,163.6,228.2,29884.6
2037-12-15,5.49,-0.87,-8.76,121.3,315.2,29854.4
2037-12-16,10.65,0.01,-4.26,81.6,445.7,29829.0
2037-12-17,0.33,-3.68,-6.84,85.0,366.0,29808.5
2037-12-18,1.18,-6.76,-14.61,162.4,197.0,29792.7
2037-12-19,14.63,-5.26,-14.18,128.7,204.0,29781.8
2037-12-20,0.0,-8.23,-11.77,93.2,248.1,29775.7
2037-12-21,0.0,-4.32,-19.75,188.0,127.6,29774.4
2037-12-22,0.0,-2.21,-13.0,177.1,224.8,29778.1
2037-12-23,6.04,-2.34,-10.46,119.7,275.8,29786.5
2037-12-24,0.0,-0.83,-8.08,148.8,332.4,29799.8
2037-12-25,0.0,-3.4,-7.96,107.8,335.6,29818.0
2037-12-26,0.0,-7.81,-19.66,182.8,128.6,29840.9
2037-12-27,2.31,-9.33,-25.39,144.0,77.4,29868.6
2037-12-28,4.44,-3.05,-20.12,144.3,123.6,29901.2
2037-12-29,4.24,-0.97,-7.12,94.7,358.1,29938.4
2037-12-30,0.0,-6.86,-12.82,124.6,228.1,29980.4
2037-12-31,0.0,-8.21,-21.16,187.0,112.9,30027.0
2038-01-01,20.17,-4.85,-19.94,133.8,125.6,30078.5
2038-01-02,0.0,-9.1,-15.16,93.2,188.2,30134.3
2038-01-03,0.0,-7.42,-21.5,175.2,109.5,30194.7
2038-01-04,13.12,3.52,-14.64,146.0,196.5,30259.6
2038-01-05,0.0,1.81,-8.88,149.9,312.2,30328.9
2038-01-06,1.76,-7.93,-19.75,164.2,127.6,30402.6
2038-01-07,0.0,-4.09,-14.17,147.9,204.2,30480.7
2038-01-08,0.0,-13.87,-21.93,127.3,105.5,30562.9
2038-01-09,0.0,-15.92,-27.73,170.0,62.4,30649.4
2038-01-10,0.0,-18.93,-33.52,192.1,35.8,30740.0
2038-01-11,0.0,-18.49,-32.4,189.4,40.0,30834.6
2038-01-12,0.0,-14.19,-32.38,211.3,40.1,30933.3
2038-01-13,0.36,-14.6,-25.36,166.0,77.6,31035.8
2038-01-14,7.68,-8.97,-22.28,143.9,102.3,31142.2
2038-01-15,2.77,-8.26,-14.62,83.5,196.8,31252.3
2038-01-16,0.41,-7.72,-17.81,163.8,150.7,31366.2
2038-01-17,0.0,-20.02,-25.77,105.3,74.8,31483.6
2038-01-18,0.0,-22.04,-33.93,189.1,34.4,31604.5
2038-01-19,0.0,-17.14,-28.18,182.0,59.8,31728.9
2038-01-20,0.0,-11.9,-25.05,203.8,79.8,31856.7
2038-01-21,0.0,-18.16,-24.7,123.4,82.4,31987.7
2038-01-22,0.0,-18.98,-26.29,137.9,71.2,32121.9
2038-01-23,11.03,-11.05,-30.23,185.8,49.3,32259.3
2038-01-24,0.0,-6.97,-22.27,232.0,102.4,32399.7
2038-01-25,0.0,-16.13,-21.44,108.5,110.2,32543.0
2038-01-26,0.0,-17.69,-30.98,223.9,45.9,32689.2
2038-01-27,0.0,-15.16,-29.68,236.8,52.0,32838.2
2038-01-28,1.09,-4.93,-26.79,270.2,68.1,32989.9
2038-01-29,0.0,-8.53,-19.72,209.0,128.0,33144.3
2038-01-30,4.35,-6.05,-26.2,206.5,71.8,33301.2
2038-01-31,11.62,-9.76,-19.53,150.1,130.1,33460.6
2038-02-01,10.25,-7.94,-16.89,142.5,162.9,33622.3
2038-02-02,0.0,-4.82,-24.05,286.2,87.4,33786.4
2038-02-03,12.35,-0.99,-12.3,173.4,237.8,33952.8
2038-02-04,0.0,-1.74,-9.03,168.1,308.5,34121.3
2038-02-05,7.46,-11.5,-27.35,215.6,64.6,34291.9
2038-02-06,0.0,-7.39,-20.36,263.2,121.1,34464.5
2038-02-07,0.84,-9.43,-23.0,272.0,95.9,34639.0
2038-02-08,0.0,-7.73,-18.54,239.9,141.6,34815.5
2038-02-09,3.89,-9.48,-26.77,233.4,68.2,34993.8
2038-02-10,0.0,-9.26,-19.42,237.8,131.3,35173.8
2038-02-11,0.0,-9.16,-22.84,291.6,97.4,35355.5
2038-02-12,0.0,-8.39,-20.99,282.0,114.5,35538.8
2038-02-13,0.0,-8.7,-27.87,337.6,61.6,35723.7
2038-02-14,0.0,-9.11,-20.83,272.4,116.2,35910.0
2038-02-15,1.05,-2.0,-26.04,358.7,73.0,36097.8
2038-02-16,0.0,-5.03,-12.96,200.7,225.5,36287.0
2038-02-17,0.0,-10.37,-18.29,206.1,144.6,36477.5
2038-02-18,0.0,-7.05,-27.67,361.7,62.7,36669.2
2038-02-19,0.96,-4.57,-23.11,353.4,95.0,36862.2
2038-02-20,0.0,1.15,-14.67,330.2,195.9,37056.3
2038-02-21,10.98,-2.52,-12.54,187.9,233.3,37251.5
2038-02-22,2.3,-4.18,-10.04,122.6,285.0,37447.8
2038-02-23,3.52,-4.17,-11.04,146.4,263.3,37645.0
2038-02-24,0.0,-9.93,-17.48,215.6,155.0,37843.2
2038-02-25,0.0,-15.54,-22.9,217.2,96.8,38042.3
2038-02-26,0.0,-14.68,-21.91,219.8,105.7,38242.3
2038-02-27,0.0,-12.32,-24.6,338.2,83.1,38443.1
2038-02-28,0.0,-15.31,-29.73,372.4,51.7,38644.7
2038-03-01,2.53,-10.72,-33.64,326.4,35.4,38847.0
2038-03-02,2.52,-4.02,-24.45,320.7,84.3,39050.0
2038-03-03,0.0,-10.26,-15.61,176.0,181.3,39253.6
2038-03-04,5.35,-4.01,-24.22,328.8,86.1,39457.9
2038-03-05,3.37,1.31,-14.74,304.9,194.8,39662.7
2038-03-06,3.73,1.02,-13.36,290.6,218.3,39868.1
2038-03-07,17.31,0.05,-8.92,216.3,311.3,40074.0
2038-03-08,0.0,-0.2,-7.04,232.9,360.4,40280.3
2038-03-09,0.0,-10.37,-24.33,408.8,85.2,40487.1
2038-03-10,0.0,-1.68,-23.79,481.8,89.4,40694.3
2038-03-11,2.26,3.6,-11.82,321.7,247.2,40901.8
2038-03-12,0.0,4.49,-1.32,204.0,554.6,41109.7
2038-03-13,5.32,5.58,-0.8,170.6,575.9,41317.8
2038-03-14,0.0,3.46,-3.46,251.7,473.1,41526.3
2038-03-15,0.0,-4.42,-10.3,230.1,279.1,41734.9
2038-03-16,0.0,0.78,-11.64,416.2,250.9,41943.8
2038-03-17,0.0,3.94,-11.29,469.1,258.0,42152.9
2038-03-18,0.0,4.26,-10.3,460.6,279.2,42362.1
2038-03-19,0.0,5.12,-11.93,491.7,245.0,42571.4
2038-03-20,0.0,2.75,-8.8,412.8,314.2,42780.8
2038-03-21,4.28,1.67,-13.46,365.4,216.5,42990.3
2038-03-22,4.01,-0.68,-7.14,206.6,357.5,43199.8
2038-03-23,0.0,1.04,-6.83,330.1,366.2,43409.3
2038-03-24,0.0,5.66,-14.49,545.7,199.0,43618.7
2038-03-25,0.0,10.3,-5.47,499.5,406.4,43828.1
2038-03-26,8.11,7.53,-0.48,240.0,589.8,44037.5
2038-03-27,0.87,-6.66,-12.99,271.6,224.9,44246.7
2038-03-28,0.0,-7.92,-21.07,476.8,113.8,44455.7
2038-03-29,0.0,3.17,-19.43,576.4,131.2,44664.6
2038-03-30,0.0,7.02,-4.87,439.0,425.5,44873.3
2038-03-31,9.25,6.09,-4.98,322.8,421.9,45081.7
2038-04-01,2.76,4.98,0.66,149.0,640.6,45289.9
2038-04-02,0.0,-1.03,-10.21,393.9,281.2,45497.8
2038-04-03,10.61,0.71,-11.58,369.6,252.1,45705.3
2038-04-04,7.63,2.69,-4.63,257.0,433.1,45912.5
2038-04-05,0.0,-4.12,-8.66,232.6,317.7,46119.2
2038-04-06,7.62,-4.39,-16.42,385.4,169.4,46325.6
2038-04-07,14.71,-5.7,-11.18,213.1,260.2,46531.4
2038-04-08,3.54,-4.56,-9.73,207.7,292.0,46736.8
2038-04-09,0.0,-2.94,-10.34,394.2,278.3,46941.7
2038-04-10,0.0,2.0,-12.07,587.8,242.2,47145.9
2038-04-11,0.0,6.83,-9.14,607.2,306.0,47349.6
2038-04-12,0.0,4.8,-7.09,535.1,359.1,47552.6
2038-04-13,5.16,5.92,-10.44,460.9,276.1,47754.9
2038-04-14,0.0,4.82,-2.35,366.7,514.0,47956.4
2038-04-15,0.0,8.36,-6.85,598.8,365.7,48157.2
2038-04-16,0.0,14.81,-0.22,588.1,578.2,48357.2
2038-04-17,3.98,16.96,1.39,444.0,675.1,48556.4
2038-04-18,2.37,7.51,1.65,235.1,687.9,48754.6
2038-04-19,0.0,6.29,-3.82,495.9,460.4,48951.8
2038-04-20,8.01,5.68,-3.65,357.1,466.6,49148.1
2038-04-21,3.16,6.68,0.02,271.6,611.5,49343.3
2038-04-22,0.0,3.47,-2.88,353.5,494.1,49537.4
2038-04-23,0.0,8.03,-4.15,573.3,449.3,49730.4
2038-04-24,0.0,9.33,-3.38,587.6,476.1,49922.1
2038-04-25,0.0,20.77,-2.06,674.7,457.0,50112.6
2038-04-26,4.55,20.06,5.73,436.7,917.4,50301.8
2038-04-27,1.55,15.47,5.37,486.7,894.9,50489.6
2038-04-28,0.0,8.24,-1.5,501.6,547.2,50675.9
2038-04-29,0.0,7.4,-2.59,515.0,504.7,50860.8
2038-04-30,3.39,3.34,-2.31,250.1,515.4,51044.1
2038-05-01,2.29,5.83,-0.89,288.2,572.2,51225.8
2038-05-02,0.0,13.07,-2.43,637.4,474.6,51405.8
2038-05-03,0.0,11.08,1.33,502.7,671.7,51584.1
2038-05-04,0.0,13.72,-1.86,636.9,479.5,51760.6
2038-05-05,0.0,16.62,-2.91,671.7,408.3,51935.1
2038-05-06,0.0,21.77,-1.8,687.2,414.6,52107.8
2038-05-07,0.0,25.57,5.75,650.2,682.1,52278.4
2038-05-08,0.0,27.41,7.77,637.3,778.8,52446.9
2038-05-09,2.87,14.25,8.65,201.6,1120.9,52613.2
2038-05-10,2.98,6.77,3.81,121.2,802.0,52777.3
2038-05-11,0.0,8.43,2.66,299.3,739.6,52939.1
2038-05-12,0.0,12.78,1.28,524.0,620.4,53098.5
2038-05-13,0.0,12.59,1.87,504.4,656.3,53255.4
2038-05-14,0.0,11.83,2.8,441.6,737.9,53409.7
2038-05-15,0.0,16.84,3.59,568.8,675.3,53561.4
2038-05-16,1.62,20.26,3.31,629.5,608.8,53710.5
2038-05-17,0.0,13.27,3.2,482.4,725.7,53856.7
2038-05-18,0.0,15.73,-2.74,652.4,407.4,54000.0
2038-05-19,4.73,21.86,-1.15,503.5,493.2,54140.4
2038-05-20,5.77,20.1,6.36,410.0,921.6,54277.8
2038-05-21,0.0,11.63,0.82,480.2,634.0,54412.0
2038-05-22,0.0,13.35,-3.24,611.8,424.9,54543.1
2038-05-23,0.0,19.08,-3.51,668.5,362.8,54670.8
2038-05-24,0.0,19.73,2.04,611.6,557.5,54795.2
2038-05-25,0.0,24.56,6.95,602.2,743.3,54916.2
2038-05-26,0.0,26.42,9.82,577.0,909.0,55033.6
2038-05-27,0.0,21.25,6.12,555.5,755.6,55147.4
2038-05-28,0.0,28.47,8.25,615.1,772.2,55257.6
2038-05-29,0.0,29.03,10.95,576.6,957.6,55364.0
2038-05-30,0.0,26.84,9.73,557.2,916.1,55466.5
2038-05-31,0.0,26.05,14.69,408.6,1475.5,55565.2
2038-06-01,0.0,26.23,12.84,467.7,1218.1,55659.8
2038-06-02,22.51,17.26,12.7,138.6,1467.6,55750.4
2038-06-03,0.0,14.39,5.45,357.7,900.0,55836.9
2038-06-04,0.0,21.47,-0.47,623.6,457.6,55919.2
2038-06-05,0.0,25.01,7.87,555.8,831.6,55997.2
2038-06-06,0.0,23.68,8.48,524.2,850.2,56070.9
2038-06-07,0.0,23.13,4.74,580.6,623.3,56140.2
2038-06-08,0.0,25.31,6.01,580.6,665.6,56205.1
2038-06-09,0.0,27.37,8.25,564.1,774.7,56265.6
2038-06-10,0.0,26.48,8.62,538.4,816.1,56321.4
2038-06-11,0.0,22.43,7.59,482.9,838.4,56372.7
2038-06-12,0.0,21.53,10.38,384.3,1114.3,56419.4
2038-06-13,5.41,18.94,8.29,276.3,1093.8,56461.3
2038-06-14,2.3,13.24,5.94,203.3,930.5,56498.6
2038-06-15,9.25,21.25,7.91,330.4,1027.7,56531.2
2038-06-16,18.12,19.49,11.63,189.5,1367.9,56558.9
2038-06-17,3.16,20.02,6.92,297.1,996.1,56581.9
2038-06-18,0.0,21.53,6.18,446.0,872.4,56600.1
2038-06-19,4.98,20.16,4.83,333.6,861.6,56613.4
2038-06-20,5.31,20.01,10.19,237.2,1242.7,56621.9
2038-06-21,11.79,20.12,7.9,286.4,1064.6,56625.6
2038-06-22,3.23,21.64,10.37,270.4,1258.3,56624.3
2038-06-23,24.81,16.41,9.65,180.8,1198.4,56618.3
2038-06-24,1.27,18.14,8.93,321.7,1142.2,56607.4
2038-06-25,0.0,22.03,6.52,463.8,936.7,56591.7
2038-06-26,0.0,21.07,9.65,380.2,1198.6,56571.1
2038-06-27,0.0,21.83,4.29,498.2,783.8,56545.8
2038-06-28,6.12,24.02,8.92,340.7,1141.5,56515.6
2038-06-29,12.86,17.38,11.94,155.1,1396.2,56480.7
2038-06-30,2.18,19.83,12.69,198.7,1467.1,56441.1
2038-07-01,1.51,17.0,6.3,385.2,954.2,56396.8
2038-07-02,6.39,21.41,8.02,325.0,1073.8,56347.9
2038-07-03,0.67,16.91,6.55,369.0,970.8,56294.3
2038-07-04,0.0,19.06,2.86,491.4,726.4,56236.2
2038-07-05,0.0,22.1,3.98,509.7,760.6,56173.5
2038-07-06,0.0,26.23,9.64,479.5,1100.2,56106.4
2038-07-07,0.0,31.6,14.85,466.1,1477.1,56034.9
2038-07-08,0.0,30.1,19.45,345.0,2206.4,55959.1
2038-07-09,0.0,25.15,15.22,348.2,1721.4,55878.9
2038-07-10,0.0,24.06,9.36,466.5,1067.2,55794.5
2038-07-11,0.0,27.67,5.96,533.5,783.9,55706.0
2038-07-12,0.0,26.84,14.15,411.8,1510.2,55613.4
2038-07-13,0.0,23.4,15.61,283.8,1772.1,55516.8
2038-07-14,0.0,26.51,11.18,462.1,1181.2,55416.2
2038-07-15,2.27,28.26,10.15,366.1,1201.3,55311.7
2038-07-16,0.0,27.61,13.62,426.3,1432.0,55203.4
2038-07-17,0.0,29.24,13.07,458.9,1319.2,55091.5
2038-07-18,4.74,31.61,18.11,294.8,2077.3,54975.8
2038-07-19,0.72,29.58,19.71,315.9,2295.5,54856.7
2038-07-20,0.0,22.74,12.29,355.5,1413.5,54734.0
2038-07-21,0.0,24.75,9.52,456.6,1057.7,54607.9
2038-07-22,21.31,18.7,11.59,195.6,1364.2,54478.5
2038-07-23,0.0,23.61,12.02,378.6,1401.2,54345.9
2038-07-24,5.9,23.8,8.07,342.6,1077.4,54210.1
2038-07-25,7.59,21.25,12.18,235.7,1418.5,54071.2
2038-07-26,3.71,21.17,12.17,234.9,1417.9,53929.4
2038-07-27,0.0,26.69,9.53,473.6,1112.6,53784.6
2038-07-28,25.23,23.75,9.02,331.4,1148.7,53637.0
2038-07-29,5.41,18.15,11.5,181.1,1356.4,53486.6
2038-07-30,0.0,25.94,9.72,453.2,1200.7,53333.6
2038-07-31,4.4,26.38,9.47,343.2,1184.4,53177.9
2038-08-01,4.7,25.82,13.75,277.2,1571.9,53019.8
2038-08-02,0.0,19.52,6.02,415.5,936.1,52859.2
2038-08-03,0.0,17.88,3.99,426.8,812.6,52696.3
2038-08-04,5.01,22.03,3.45,363.9,782.1,52531.0
2038-08-05,4.19,15.85,8.78,189.7,1130.3,52363.6
2038-08-06,0.74,21.02,6.4,435.8,960.6,52194.1
2038-08-07,4.09,18.31,7.27,273.8,1020.2,52022.5
2038-08-08,2.27,21.78,9.2,292.7,1163.1,51848.9
2038-08-09,17.37,17.96,12.1,157.2,1410.8,51673.3
2038-08-10,2.26,23.49,13.79,243.2,1575.7,51496.0
2038-08-11,0.0,21.07,11.66,323.8,1370.6,51316.8
2038-08-12,0.0,20.63,8.42,391.6,1103.5,51136.0
2038-08-13,8.12,17.82,9.17,230.8,1161.0,50953.4
2038-08-14,3.37,19.54,11.3,222.5,1338.0,50769.4
2038-08-15,0.0,23.95,12.54,371.8,1452.6,50583.7
2038-08-16,3.53,28.22,11.16,337.9,1326.0,50396.6
2038-08-17,1.99,23.7,14.02,327.8,1599.8,50208.2
2038-08-18,0.0,21.23,6.29,439.5,953.8,50018.3
2038-08-19,3.29,22.73,8.9,311.0,1139.6,49827.2
2038-08-20,0.0,21.97,11.61,344.4,1366.6,49634.9
2038-08-21,0.0,16.21,4.36,388.2,833.8,49441.3
2038-08-22,0.0,17.03,4.19,404.3,823.9,49246.7
2038-08-23,15.92,16.0,5.67,264.2,913.8,49050.9
2038-08-24,6.49,18.96,10.17,227.4,1241.3,48854.2
2038-08-25,35.06,18.54,8.33,255.2,1096.4,48656.4
2038-08-26,0.0,21.34,9.82,366.0,1212.6,48457.8
2038-08-27,7.62,25.21,6.57,340.2,972.0,48258.2
2038-08-28,0.0,14.34,2.73,373.8,742.9,48057.8
2038-08-29,0.0,14.13,1.98,385.5,704.2,47856.6
2038-08-30,2.33,17.06,0.97,329.2,655.2,47654.7
2038-08-31,1.09,18.74,7.59,352.7,1042.7,47452.0
2038-09-01,23.07,17.16,3.73,298.3,797.7,47248.7
2038-09-02,11.14,13.68,7.79,160.1,1057.1,47044.8
2038-09-03,4.35,20.51,9.65,259.0,1198.5,46840.2
2038-09-04,2.27,17.54,10.2,191.7,1243.9,46635.1
2038-09-05,3.61,22.65,6.22,316.0,949.2,46429.5
2038-09-06,9.85,13.86,9.52,120.6,1188.7,46223.4
2038-09-07,0.0,14.98,3.52,363.2,786.1,46016.8
2038-09-08,0.0,16.38,-0.02,423.8,610.0,45809.8
2038-09-09,0.0,18.39,4.0,392.5,812.9,45602.5
2038-09-10,0.0,23.02,9.54,364.2,1189.8,45394.8
2038-09-11,0.0,22.15,10.65,329.3,1281.8,45186.7
2038-09-12,0.0,27.71,11.01,384.7,1312.6,44978.4
2038-09-13,0.0,27.59,11.72,370.0,1375.9,44769.9
2038-09-14,8.41,26.87,13.14,254.4,1511.1,44561.1
2038-09-15,0.0,13.07,8.56,148.9,1113.8,44352.1
2038-09-16,18.07,10.47,6.28,106.5,953.0,44143.0
2038-09-17,1.49,12.71,7.17,184.4,1013.1,43933.7
2038-09-18,2.61,12.78,7.24,140.0,1017.8,43724.4
2038-09-19,0.0,15.15,6.6,268.6,974.5,43514.9
2038-09-20,0.0,16.76,1.59,376.7,684.8,43305.4
2038-09-21,0.0,18.53,3.67,366.2,794.5,43095.9
2038-09-22,0.0,15.22,3.48,324.7,783.6,42886.4
2038-09-23,2.88,13.44,5.11,189.9,878.6,42677.0
2038-09-24,1.04,20.19,8.22,313.2,1088.6,42467.6
2038-09-25,2.45,13.74,7.12,153.6,1009.6,42258.4
2038-09-26,0.0,18.57,6.88,311.3,993.1,42049.2
2038-09-27,17.88,14.89,8.95,139.8,1143.2,41840.3
2038-09-28,0.0,13.28,7.97,170.7,1069.9,41631.5
2038-09-29,0.0,14.49,-1.34,361.0,553.6,41422.9
2038-09-30,4.75,20.72,3.99,265.1,812.4,41214.6
2038-10-01,7.43,17.97,8.83,192.0,1134.6,41006.6
2038-10-02,0.0,13.3,5.85,220.7,924.9,40798.9
2038-10-03,1.66,16.41,-0.63,349.9,583.1,40591.5
2038-10-04,0.0,14.6,5.16,254.4,881.8,40384.6
2038-10-05,0.98,16.3,-1.51,346.2,546.9,40178.0
2038-10-06,0.0,17.5,3.7,305.6,795.9,39971.9
2038-10-07,0.0,12.13,-2.44,315.9,510.4,39766.2
2038-10-08,8.64,6.21,1.03,112.8,657.9,39561.1
2038-10-09,0.0,8.97,1.31,211.5,671.4,39356.6
2038-10-10,0.0,9.89,-5.12,316.4,417.4,39152.6
2038-10-11,0.0,14.72,-5.12,332.9,417.3,38949.3
2038-10-12,0.0,13.21,-4.44,320.7,439.5,38746.6
2038-10-13,4.45,9.14,-0.26,176.1,599.3,38544.7
2038-10-14,5.84,11.47,4.23,141.6,826.2,38343.5
2038-10-15,2.85,10.46,5.09,107.3,877.6,38143.1
2038-10-16,0.94,9.09,1.33,195.5,672.4,37943.5
2038-10-17,0.0,8.14,0.71,186.0,642.8,37744.9
2038-10-18,0.0,9.57,1.01,203.5,657.3,37547.1
2038-10-19,0.0,16.47,0.71,278.6,643.2,37350.4
2038-10-20,2.05,19.23,3.54,270.9,786.9,37154.6
2038-10-21,0.0,11.44,5.0,152.7,871.8,36959.9
2038-10-22,0.0,5.44,-1.24,161.9,557.8,36766.4
2038-10-23,0.0,6.13,-6.64,251.4,371.8,36574.0
2038-10-24,0.0,6.77,-4.95,236.6,422.9,36382.9
2038-10-25,0.0,12.55,-3.96,265.7,455.5,36193.1
2038-10-26,0.0,10.28,-3.75,246.7,462.8,36004.6
2038-10-27,0.0,11.85,-5.99,263.0,390.8,35817.5
2038-10-28,0.0,16.84,-0.01,247.9,610.4,35631.9
2038-10-29,0.0,14.35,3.15,199.0,765.4,35447.8
2038-10-30,0.0,17.23,4.76,208.4,857.4,35265.2
2038-10-31,0.0,16.44,4.83,196.6,861.7,35084.4
2038-11-01,0.0,13.38,3.04,180.6,759.6,34905.2
2038-11-02,4.71,7.46,-1.96,130.0,528.8,34727.8
2038-11-03,4.26,12.46,1.96,135.8,703.4,34552.3
2038-11-04,18.01,17.61,8.36,119.6,1098.9,34378.7
2038-11-05,24.32,13.85,5.13,116.7,880.1,34207.0
2038-11-06,4.94,5.4,-0.18,83.0,602.9,34037.5
2038-11-07,0.0,3.85,0.38,71.1,628.0,33870.0
2038-11-08,1.34,6.03,-0.94,131.8,570.0,33704.8
2038-11-09,0.0,2.66,-2.72,106.7,499.8,33541.9
2038-11-10,0.0,2.46,-2.72,105.6,500.1,33381.3
2038-11-11,5.66,6.33,-7.02,172.0,360.8,33223.1
2038-11-12,9.15,13.8,-1.34,172.2,553.7,33067.5
2038-11-13,10.84,9.13,0.6,125.4,637.8,32914.4
2038-11-14,5.19,-0.88,-7.27,101.5,354.0,32764.0
2038-11-15,14.62,-0.59,-6.04,88.4,389.1,32616.4
2038-11-16,0.0,0.37,-8.41,171.2,324.0,32471.6
2038-11-17,0.0,3.37,-8.41,200.4,324.1,32329.7
2038-11-18,0.0,-0.15,-10.88,190.8,266.6,32190.8
2038-11-19,0.0,1.79,-13.13,217.9,222.3,32055.0
2038-11-20,0.0,3.26,-11.14,210.1,261.1,31922.3
2038-11-21,3.86,6.91,-4.64,138.6,432.7,31792.9
2038-11-22,2.04,9.6,1.8,138.0,695.4,31666.8
2038-11-23,7.23,7.42,0.89,90.2,651.2,31544.1
2038-11-24,3.31,8.78,-1.87,129.4,532.4,31424.9
2038-11-25,0.0,-1.92,-10.69,156.5,270.6,31309.3
2038-11-26,5.9,-2.82,-11.05,114.4,263.1,31197.3
2038-11-27,0.0,-8.49,-15.88,143.2,177.3,31089.0
2038-11-28,0.0,-6.31,-18.27,188.0,144.9,30984.5
2038-11-29,4.46,-2.47,-11.18,118.3,260.2,30883.9
2038-11-30,0.0,-0.63,-6.63,118.4,372.0,30787.2
2038-12-01,2.15,0.01,-9.18,121.3,305.1,30694.6
2038-12-02,0.0,2.04,-2.99,100.3,490.1,30606.0
2038-12-03,12.21,9.6,-0.39,121.4,593.6,30521.6
2038-12-04,0.0,11.62,1.28,160.5,669.8,30441.4
2038-12-05,4.18,4.45,-3.72,107.2,464.1,30365.6
2038-12-06,1.48,11.77,-2.12,177.9,522.6,30294.0
2038-12-07,0.72,6.28,-1.82,134.4,534.3,30226.9
2038-12-08,1.19,-4.66,-10.02,99.6,285.4,30164.2
2038-12-09,0.0,-11.49,-17.32,107.4,157.1,30106.1
2038-12-10,0.0,-7.56,-22.78,183.2,97.8,30052.5
2038-12-11,0.0,-1.35,-17.18,182.2,158.9,30003.5
2038-12-12,0.0,-16.01,-22.61,116.5,99.4,29959.2
2038-12-13,0.0,-16.07,-24.98,144.3,80.4,29919.5
2038-12-14,3.32,-6.6,-22.96,138.1,96.3,29884.6
2038-12-15,7.91,-0.94,-12.2,119.2,239.8,29854.4
2038-12-16,19.92,3.3,-5.14,98.2,416.7,29829.0
2038-12-17,0.0,-10.4,-15.98,97.8,175.8,29808.5
2038-12-18,0.0,-10.98,-20.23,144.5,122.4,29792.7
2038-12-19,1.04,-6.37,-18.74,168.0,139.2,29781.8
2038-12-20,4.0,-4.3,-12.57,101.8,232.8,29775.7
2038-12-21,0.0,-3.46,-8.27,88.2,327.5,29774.4
2038-12-22,0.0,-6.23,-10.29,76.9,279.5,29778.1
2038-12-23,0.0,-8.11,-17.35,148.6,156.6,29786.5
2038-12-24,6.6,-2.1,-21.08,142.2,113.7,29799.8
2038-12-25,15.31,5.39,-7.69,129.7,342.6,29818.0
2038-12-26,1.42,5.85,-3.77,146.9,462.1,29840.9
2038-12-27,0.0,-1.54,-10.61,144.5,272.3,29868.6
2038-12-28,4.81,8.65,-11.67,143.8,250.2,29901.2
2038-12-29,0.0,5.14,-4.46,145.6,438.8,29938.4
2038-12-30,0.0,-4.55,-12.25,128.0,238.9,29980.4
2038-12-31,0.0,-3.49,-13.29,151.8,219.4,30027.0
2039-01-01,0.81,-0.51,-8.91,139.0,311.6,30078.5
2039-01-02,0.0,-10.49,-15.8,97.1,178.4,30134.3
2039-01-03,0.0,-14.05,-19.9,107.2,126.0,30194.7
2039-01-04,0.0,-14.39,-24.97,170.0,80.4,30259.6
2039-01-05,0.0,-2.12,-21.75,213.2,107.2,30328.9
2039-01-06,0.0,-0.5,-9.74,154.7,291.9,30402.6
2039-01-07,6.92,-2.78,-10.59,104.4,272.7,30480.7
2039-01-08,0.0,-3.8,-11.57,140.1,252.2,30562.9
2039-01-09,0.0,-11.09,-21.3,173.8,111.5,30649.4
2039-01-10,2.67,2.23,-25.32,173.4,77.9,30740.0
2039-01-11,21.8,8.75,-7.79,163.0,340.0,30834.6
2039-01-12,0.0,3.47,-4.77,151.4,428.5,30933.3
2039-01-13,0.0,-8.0,-12.04,84.5,242.9,31035.8
2039-01-14,0.0,-6.11,-16.01,180.8,175.3,31142.2
2039-01-15,3.84,-6.02,-14.82,127.0,193.6,31252.3
2039-01-16,19.61,-6.58,-11.99,86.5,243.9,31366.2
2039-01-17,2.99,-8.85,-12.54,62.2,233.3,31483.6
2039-01-18,0.0,-14.53,-18.56,91.5,141.4,31604.5
2039-01-19,0.0,-14.71,-21.63,149.8,108.3,31728.9
2039-01-20,0.0,-13.6,-20.27,146.9,122.0,31856.7
2039-01-21,0.0,-11.06,-24.29,234.4,85.5,31987.7
2039-01-22,0.0,-3.91,-21.78,259.8,106.9,32121.9
2039-01-23,12.25,-0.54,-16.77,194.0,164.5,32259.3
2039-01-24,8.24,1.47,-9.51,166.2,297.1,32399.7
2039-01-25,5.25,1.45,-3.22,84.0,481.5,32543.0
2039-01-26,0.0,-9.1,-15.53,154.6,182.6,32689.2
2039-01-27,0.0,-10.34,-25.93,272.6,73.6,32838.2
2039-01-28,0.0,-7.14,-25.35,286.3,77.6,32989.9
2039-01-29,0.0,-2.68,-22.17,292.4,103.3,33144.3
2039-01-30,1.7,-3.0,-15.57,258.9,181.8,33301.2
2039-01-31,5.44,-1.61,-8.92,137.5,311.3,33460.6
2039-02-01,0.0,-1.66,-6.86,137.7,365.5,33622.3
2039-02-02,2.99,1.32,-15.74,225.3,179.3,33786.4
2039-02-03,6.26,7.58,-8.42,221.1,323.9,33952.8
2039-02-04,1.24,3.35,-4.06,192.0,452.3,34121.3
2039-02-05,0.0,-12.36,-16.75,128.0,164.8,34291.9
2039-02-06,0.0,-13.2,-20.92,213.1,115.3,34464.5
2039-02-07,16.89,-8.54,-22.7,233.5,98.6,34639.0
2039-02-08,7.63,-5.14,-15.56,202.1,182.0,34815.5
2039-02-09,0.0,-8.73,-12.76,131.9,229.2,34993.8
2039-02-10,0.0,-15.94,-22.02,200.8,104.6,35173.8
2039-02-11,0.0,-13.27,-24.06,303.7,87.3,35355.5
2039-02-12,0.0,-9.88,-26.66,357.5,68.9,35538.8
2039-02-13,0.0,-3.85,-25.41,373.6,77.3,35723.7
2039-02-14,0.0,1.79,-16.53,366.0,167.9,35910.0
2039-02-15,0.0,-0.65,-8.22,229.9,328.9,36097.8
2039-02-16,0.0,-3.25,-23.55,381.9,91.4,36287.0
2039-02-17,2.04,-2.77,-22.02,380.1,104.6,36477.5
2039-02-18,0.0,-4.15,-13.8,271.8,210.6,36669.2
2039-02-19,0.0,-2.65,-22.96,391.5,96.3,36862.2
2039-02-20,2.25,0.22,-17.55,285.9,154.0,37056.3
2039-02-21,1.37,-1.66,-13.99,326.6,207.3,37251.5
2039-02-22,0.0,-4.51,-10.6,193.9,272.6,37447.8
2039-02-23,8.82,-9.19,-21.64,260.2,108.2,37645.0
2039-02-24,0.86,-4.4,-13.68,283.0,212.7,37843.2
2039-02-25,0.0,-4.05,-20.22,395.8,122.6,38042.3
2039-02-26,0.0,-4.73,-20.79,399.6,116.6,38242.3
2039-02-27,0.0,-1.0,-21.45,435.7,110.0,38443.1
2039-02-28,4.58,1.49,-7.93,223.0,336.4,38644.7
2039-03-01,0.0,2.11,-3.49,193.3,471.9,38847.0
2039-03-02,10.86,-1.04,-6.48,145.7,376.4,39050.0
2039-03-03,0.0,0.11,-6.35,228.8,379.9,39253.6
2039-03-04,0.0,-4.89,-10.3,204.1,279.3,39457.9
2039-03-05,0.0,-1.55,-15.76,426.1,179.0,39662.7
2039-03-06,0.0,2.29,-19.33,484.6,132.4,39868.1
2039-03-07,0.0,-1.73,-18.11,451.2,146.8,40074.0
2039-03-08,0.0,-0.41,-18.68,469.9,139.9,40280.3
2039-03-09,0.0,4.89,-7.12,382.3,358.2,40487.1
2039-03-10,0.0,6.91,-2.58,323.4,505.4,40694.3
2039-03-11,0.0,1.3,-2.97,162.3,490.6,40901.8
2039-03-12,18.38,1.08,-2.18,97.8,520.3,41109.7
2039-03-13,0.0,1.43,-1.62,126.1,542.4,41317.8
2039-03-14,0.0,1.1,-3.94,204.1,456.5,41526.3
2039-03-15,2.35,2.48,-1.88,140.2,531.9,41734.9
2039-03-16,0.0,1.08,-1.73,133.4,538.0,41943.8
2039-03-17,0.0,5.97,-2.2,341.0,519.5,42152.9
2039-03-18,0.0,6.11,-1.33,327.8,554.0,42362.1
2039-03-19,9.77,5.11,-0.82,210.7,575.2,42571.4
2039-03-20,2.64,7.22,1.85,194.5,698.2,42780.8
2039-03-21,17.73,2.28,-5.79,289.6,396.8,42990.3
2039-03-22,9.67,3.42,-2.99,249.1,489.9,43199.8
2039-03-23,5.9,-3.37,-8.28,207.2,327.2,43409.3
2039-03-24,0.0,-9.36,-15.25,329.9,186.8,43618.7
2039-03-25,0.0,-7.96,-17.71,480.7,152.0,43828.1
2039-03-26,0.0,-5.27,-16.61,520.2,166.7,44037.5
2039-03-27,3.31,5.06,-16.72,451.0,165.2,44246.7
2039-03-28,14.69,1.51,-4.14,245.6,449.4,44455.7
2039-03-29,5.51,-0.67,-6.33,259.6,380.7,44664.6
2039-03-30,0.0,-3.75,-10.71,416.7,270.2,44873.3
2039-03-31,0.0,1.57,-11.61,578.4,251.4,45081.7
2039-04-01,0.0,2.59,-12.23,596.1,239.3,45289.9
2039-04-02,0.0,3.0,-6.32,491.1,380.9,45497.8
2039-04-03,4.9,4.93,-4.41,367.1,440.5,45705.3
2039-04-04,6.34,2.61,-1.53,196.2,546.2,45912.5
2039-04-05,1.66,3.75,-1.15,320.6,561.3,46119.2
2039-04-06,0.0,6.66,-0.5,444.8,588.7,46325.6
2039-04-07,2.54,9.61,-4.28,459.4,445.0,46531.4
2039-04-08,0.65,8.03,1.11,445.5,661.8,46736.8
2039-04-09,0.0,8.86,-1.07,554.1,564.7,46941.7
2039-04-10,15.03,9.01,-5.73,471.4,398.6,47145.9
2039-04-11,11.46,3.27,-1.89,263.8,531.8,47349.6
2039-04-12,0.0,3.07,-1.32,304.5,554.6,47552.6
2039-04-13,0.0,5.69,-2.0,477.9,527.4,47754.9
2039-04-14,0.0,6.88,-5.01,598.4,420.9,47956.4
2039-04-15,0.0,6.68,-0.74,456.4,578.6,48157.2
2039-04-16,13.8,11.46,-1.78,459.2,536.0,48357.2
2039-04-17,39.43,10.11,1.77,364.6,694.1,48556.4
2039-04-18,4.19,8.89,3.96,240.0,810.9,48754.6
2039-04-19,9.39,12.58,0.68,439.2,641.7,48951.8
2039-04-20,7.59,10.75,1.32,391.6,672.0,49148.1
2039-04-21,4.31,6.27,0.09,292.5,614.7,49343.3
2039-04-22,0.57,7.21,0.28,425.9,623.1,49537.4
2039-04-23,0.0,12.45,-2.19,632.3,520.2,49730.4
2039-04-24,25.59,11.2,-0.26,431.9,599.3,49922.1
2039-04-25,18.61,12.39,3.64,368.0,792.6,50112.6
2039-04-26,2.31,10.98,5.9,247.6,928.2,50301.8
2039-04-27,1.31,8.51,3.58,326.8,789.1,50489.6
2039-04-28,2.37,16.63,2.58,467.2,735.1,50675.9
2039-04-29,2.97,17.57,3.51,463.1,785.3,50860.8
2039-04-30,8.12,15.68,3.45,442.7,782.0,51044.1
2039-05-01,0.0,17.75,5.96,577.0,932.2,51225.8
2039-05-02,17.76,7.56,-0.57,363.6,585.7,51405.8
2039-05-03,11.37,17.12,3.05,465.5,760.1,51584.1
2039-05-04,1.47,13.05,5.46,442.4,900.2,51760.6
2039-05-05,6.46,16.5,1.57,471.0,683.8,51935.1
2039-05-06,0.0,11.9,1.29,546.1,670.2,52107.8
2039-05-07,4.26,12.67,0.3,443.5,623.9,52278.4
2039-05-08,4.64,19.93,4.44,466.0,838.7,52446.9
2039-05-09,15.54,13.85,5.41,344.0,897.5,52613.2
2039-05-10,4.59,9.37,4.36,230.4,833.7,52777.3
2039-05-11,2.43,7.92,2.94,230.6,754.4,52939.1
2039-05-12,2.87,8.74,1.52,316.0,681.7,53098.5
2039-05-13,1.19,15.87,3.47,579.6,783.2,53255.4
2039-05-14,0.0,19.26,6.53,575.6,969.6,53409.7
2039-05-15,1.62,16.21,2.05,607.2,707.8,53561.4
2039-05-16,0.0,7.31,0.49,397.7,632.8,53710.5
2039-05-17,0.0,9.55,-1.33,550.5,553.9,53856.7
2039-05-18,0.0,15.2,-3.84,661.7,459.8,54000.0
2039-05-19,2.39,21.51,0.75,492.2,644.8,54140.4
2039-05-20,5.56,14.37,7.06,289.4,1005.2,54277.8
2039-05-21,0.0,17.8,9.06,434.2,1152.2,54412.0
2039-05-22,0.0,19.24,6.09,558.1,940.8,54543.1
2039-05-23,7.64,13.98,4.33,356.1,831.9,54670.8
2039-05-24,11.64,6.33,3.2,139.2,768.3,54795.2
2039-05-25,0.21,10.38,3.81,360.8,802.4,54916.2
2039-05-26,0.0,12.08,3.89,427.0,807.0,55033.6
2039-05-27,13.09,10.82,6.03,199.6,936.6,55147.4
2039-05-28,7.17,8.41,4.14,185.9,821.0,55257.6
2039-05-29,0.0,15.44,3.18,557.9,767.4,55364.0
2039-05-30,24.53,13.0,1.59,406.4,684.9,55466.5
2039-05-31,9.95,10.73,4.44,266.2,838.4,55565.2
2039-06-01,0.0,16.92,5.51,531.7,903.6,55659.8
2039-06-02,0.0,17.26,3.81,575.7,801.9,55750.4
2039-06-03,1.51,19.83,2.16,620.2,713.6,55836.9
2039-06-04,0.0,19.59,3.7,599.4,795.7,55919.2
2039-06-05,0.0,19.51,6.57,546.2,972.1,55997.2
2039-06-06,22.08,19.76,9.63,352.2,1197.6,56070.9
2039-06-07,1.07,19.75,10.08,457.8,1233.8,56140.2
2039-06-08,0.0,16.29,3.0,557.8,757.4,56205.1
2039-06-09,0.0,19.04,1.39,605.8,675.4,56265.6
2039-06-10,0.83,23.18,3.01,610.9,758.0,56321.4
2039-06-11,1.27,20.58,6.91,527.3,995.2,56372.7
2039-06-12,0.0,24.97,9.63,539.9,1196.9,56419.4
2039-06-13,0.0,24.82,12.2,482.3,1420.0,56461.3
2039-06-14,1.96,27.56,13.52,450.5,1548.4,56498.6
2039-06-15,0.0,27.23,14.67,418.8,1668.2,56531.2
2039-06-16,0.0,28.41,15.19,426.8,1724.9,56558.9
2039-06-17,3.63,28.28,15.47,316.3,1757.2,56581.9
2039-06-18,3.76,27.9,14.39,331.3,1639.0,56600.1
2039-06-19,0.0,24.4,14.31,372.0,1630.6,56613.4
2039-06-20,0.0,27.49,9.34,506.0,1174.5,56621.9
2039-06-21,0.0,32.18,9.57,524.8,1192.0,56625.6
2039-06-22,0.0,32.51,12.53,499.9,1451.2,56624.3
2039-06-23,0.0,32.55,16.12,450.3,1830.8,56618.3
2039-06-24,0.0,24.54,12.97,381.0,1494.4,56607.4
2039-06-25,0.0,17.69,4.73,429.1,855.8,56591.7
2039-06-26,2.84,24.57,2.34,398.7,722.8,56571.1
2039-06-27,1.83,19.7,11.18,291.2,1327.5,56545.8
2039-06-28,0.0,20.19,4.48,463.1,840.6,56515.6
2039-06-29,0.0,23.82,3.69,509.9,795.6,56480.7
2039-06-30,0.0,28.77,5.93,517.5,930.3,56441.1
2039-07-01,5.53,27.35,11.94,316.9,1396.1,56396.8
2039-07-02,0.0,23.36,15.27,255.0,1734.5,56347.9
2039-07-03,0.0,27.58,11.84,431.4,1387.4,56294.3
2039-07-04,0.0,33.83,15.42,448.8,1750.6,56236.2
2039-07-05,21.15,30.16,19.52,229.8,2268.2,56173.5
2039-07-06,0.0,16.61,9.71,233.1,1203.9,56106.4
2039-07-07,0.0,22.61,4.45,480.1,839.3,56034.9
2039-07-08,8.47,22.44,8.87,299.4,1137.7,55959.1
2039-07-09,0.0,19.41,11.27,267.1,1335.8,55878.9
2039-07-10,8.9,15.92,6.32,242.4,955.4,55794.5
2039-07-11,0.0,22.67,6.23,460.7,949.8,55706.0
2039-07-12,3.74,27.36,8.23,362.3,1089.1,55613.4
2039-07-13,6.15,20.01,12.64,183.8,1462.4,55516.8
2039-07-14,8.34,25.95,11.9,305.3,1392.3,55416.2
2039-07-15,10.02,24.82,14.77,235.8,1679.3,55311.7
2039-07-16,0.0,25.34,13.22,367.1,1519.1,55203.4
2039-07-17,0.0,22.47,12.02,333.3,1403.9,55091.5
2039-07-18,0.0,24.63,7.16,469.2,1012.1,54975.8
2039-07-19,3.15,23.12,9.09,308.7,1154.4,54856.7
2039-07-20,8.58,18.4,9.98,212.6,1225.6,54734.0
2039-07-21,33.23,22.07,8.64,308.2,1120.2,54607.9
2039-07-22,0.0,21.42,12.14,313.2,1414.7,54478.5
2039-07-23,0.0,26.23,9.04,468.2,1150.9,54345.9
2039-07-24,7.4,23.6,10.66,299.4,1282.9,54210.1
2039-07-25,2.32,23.28,12.92,253.1,1489.1,54071.2
2039-07-26,0.0,23.12,9.58,418.3,1193.6,53929.4
2039-07-27,5.63,23.72,5.76,361.2,919.2,53784.6
2039-07-28,0.0,29.04,11.32,461.4,1340.1,53637.0
2039-07-29,0.0,25.53,17.91,252.8,2050.6,53486.6
2039-07-30,5.32,25.97,18.72,185.4,2157.7,53333.6
2039-07-31,4.42,24.41,7.01,359.2,1002.0,53177.9
2039-08-01,2.96,21.81,12.74,235.0,1471.8,53019.8
2039-08-02,6.0,22.39,15.14,193.7,1719.8,52859.2
2039-08-03,1.67,28.6,11.29,465.0,1337.9,52696.3
2039-08-04,0.0,25.55,15.2,342.3,1726.4,52531.0
2039-08-05,0.0,28.21,10.06,470.0,1232.3,52363.6
2039-08-06,9.73,28.43,15.42,291.7,1751.6,52194.1
2039-08-07,0.0,26.02,12.77,402.2,1474.2,52022.5
2039-08-08,3.75,27.27,14.96,280.7,1700.6,51848.9
2039-08-09,0.0,19.36,12.09,257.6,1410.5,51673.3
2039-08-10,0.0,18.08,9.37,310.1,1176.6,51496.0
2039-08-11,0.0,20.04,3.63,468.7,791.8,51316.8
2039-08-12,0.0,19.71,7.03,404.0,1003.5,51136.0
2039-08-13,0.0,24.92,3.67,495.6,794.4,50953.4
2039-08-14,0.0,27.07,6.25,482.8,950.9,50769.4
2039-08-15,0.0,28.08,10.27,446.7,1249.9,50583.7
2039-08-16,0.0,29.0,14.09,397.9,1607.3,50396.6
2039-08-17,4.24,24.3,14.96,219.3,1699.8,50208.2
2039-08-18,11.37,25.39,14.59,245.8,1660.4,50018.3
2039-08-19,0.0,23.87,13.95,307.9,1592.9,49827.2
2039-08-20,0.0,25.91,13.26,365.1,1522.5,49634.9
2039-08-21,0.0,19.93,12.11,256.8,1411.7,49441.3
2039-08-22,0.0,16.1,7.06,303.4,1005.7,49246.7
2039-08-23,0.0,18.6,9.11,311.8,1155.9,49050.9
2039-08-24,0.0,21.7,3.72,452.8,796.9,48854.2
2039-08-25,0.0,25.93,8.44,433.3,1105.2,48656.4
2039-08-26,10.08,23.57,11.6,263.8,1365.2,48457.8
2039-08-27,2.96,24.72,12.85,260.8,1482.7,48258.2
2039-08-28,0.0,24.27,10.1,387.6,1235.7,48057.8
2039-08-29,0.0,23.02,11.2,341.8,1329.6,47856.6
2039-08-30,13.6,20.06,13.29,164.7,1525.3,47654.7
2039-08-31,7.41,15.21,12.6,73.0,1458.0,47452.0
2039-09-01,3.91,18.87,11.64,177.5,1368.8,47248.7
2039-09-02,16.94,23.93,7.19,313.9,1014.2,47044.8
2039-09-03,0.0,23.09,12.22,320.5,1421.9,46840.2
2039-09-04,0.0,29.4,10.84,416.0,1298.5,46635.1
2039-09-05,0.0,29.3,16.27,340.0,1849.0,46429.5
2039-09-06,0.0,29.79,16.52,340.1,1879.1,46223.4
2039-09-07,11.56,24.64,16.51,181.7,1877.6,46016.8
2039-09-08,0.0,19.49,10.15,283.5,1239.5,45809.8
2039-09-09,7.17,18.85,6.91,254.2,994.9,45602.5
2039-09-10,0.49,22.46,12.83,281.6,1480.2,45394.8
2039-09-11,3.26,25.62,9.87,284.4,1216.7,45186.7
2039-09-12,0.0,20.47,6.28,371.0,953.0,44978.4
2039-09-13,0.0,15.51,2.94,355.9,754.4,44769.9
2039-09-14,0.0,15.38,-0.69,400.7,580.9,44561.1
2039-09-15,0.0,15.21,-0.24,391.2,600.1,44352.1
2039-09-16,0.0,15.07,-1.76,399.4,536.9,44143.0
2039-09-17,7.14,13.03,2.28,233.8,719.9,43933.7
2039-09-18,1.18,14.93,6.8,245.9,988.0,43724.4
2039-09-19,0.0,22.19,8.82,336.6,1133.2,43514.9
2039-09-20,0.0,22.64,7.22,356.7,1016.7,43305.4
2039-09-21,24.41,29.11,11.77,266.2,1381.0,43095.9
2039-09-22,19.55,18.28,10.76,157.6,1291.5,42886.4
2039-09-23,0.0,15.12,2.62,320.6,737.2,42677.0
2039-09-24,0.0,15.49,0.83,348.6,648.4,42467.6
2039-09-25,0.0,17.31,-0.89,373.9,572.4,42258.4
2039-09-26,1.72,14.53,1.67,316.2,688.9,42049.2
2039-09-27,0.6,15.99,6.2,258.4,947.4,41840.3
2039-09-28,0.0,14.58,1.01,321.2,657.3,41631.5
2039-09-29,0.0,21.26,-1.16,374.2,560.9,41422.9
2039-09-30,0.0,21.01,4.59,327.3,847.4,41214.6
2039-10-01,0.0,25.44,9.61,306.0,1196.0,41006.6
2039-10-02,0.0,24.31,11.78,263.2,1381.8,40798.9
2039-10-03,2.81,23.14,10.37,199.6,1258.0,40591.5
2039-10-04,10.89,11.9,6.02,111.6,935.7,40384.6
2039-10-05,34.03,10.37,3.26,134.4,771.8,40178.0
2039-10-06,5.46,12.62,5.04,140.7,874.7,39971.9
2039-10-07,3.25,12.38,2.84,169.5,748.9,39766.2
2039-10-08,3.01,9.11,0.78,152.1,646.4,39561.1
2039-10-09,0.0,8.05,1.52,163.8,681.5,39356.6
2039-10-10,0.0,10.99,-3.92,296.3,457.2,39152.6
2039-10-11,0.0,14.21,-4.59,319.0,434.5,38949.3
2039-10-12,6.99,16.36,-0.76,226.3,578.0,38746.6
2039-10-13,5.22,17.86,7.36,164.6,1026.5,38544.7
2039-10-14,3.1,18.49,10.55,129.5,1272.9,38343.5
2039-10-15,1.14,9.67,4.58,122.2,847.0,38143.1
2039-10-16,0.0,8.31,0.64,180.9,639.7,37943.5
2039-10-17,0.8,10.28,-1.2,241.4,559.4,37744.9
2039-10-18,0.0,11.85,2.68,200.6,740.4,37547.1
2039-10-19,0.0,5.56,-3.7,206.2,464.6,37350.4
2039-10-20,0.0,4.09,-5.33,209.5,410.9,37154.6
2039-10-21,0.0,5.79,-6.97,252.8,362.3,36959.9
2039-10-22,0.0,9.43,-7.25,276.2,354.4,36766.4
2039-10-23,0.0,11.03,-7.22,278.5,355.4,36574.0
2039-10-24,0.0,10.47,-4.62,256.1,433.4,36382.9
2039-10-25,0.0,7.33,-5.82,239.6,395.8,36193.1
2039-10-26,0.0,2.16,-7.57,198.6,345.9,36004.6
2039-10-27,0.0,7.03,-4.55,217.0,436.0,35817.5
2039-10-28,8.29,7.13,-4.1,158.4,451.1,35631.9
2039-10-29,2.46,4.61,-2.0,107.3,527.3,35447.8
2039-10-30,0.0,3.17,-3.55,146.8,470.1,35265.2
2039-10-31,0.0,9.35,-2.58,217.8,505.2,35084.4
2039-11-01,0.0,13.54,-4.46,248.7,439.0,34905.2
2039-11-02,4.67,13.45,-3.45,180.8,473.4,34727.8
2039-11-03,25.41,7.86,0.28,111.9,623.0,34552.3
2039-11-04,0.0,2.77,-1.89,97.2,531.8,34378.7
2039-11-05,14.15,1.92,-6.51,136.4,375.4,34207.0
2039-11-06,3.35,3.62,-2.11,96.8,523.2,34037.5
2039-11-07,0.0,5.68,-0.09,127.4,606.5,33870.0
2039-11-08,0.0,8.39,-2.32,202.5,515.0,33704.8
2039-11-09,0.0,7.37,0.16,150.2,617.7,33541.9
2039-11-10,11.88,2.45,-4.12,107.9,450.3,33381.3
2039-11-11,18.01,3.23,-1.0,73.5,567.7,33223.1
2039-11-12,4.87,2.85,-1.15,70.1,561.3,33067.5
2039-11-13,0.0,-3.53,-8.6,117.8,319.3,32914.4
2039-11-14,0.0,-1.79,-10.41,177.3,276.8,32764.0
2039-11-15,0.0,0.79,-12.38,218.4,236.4,32616.4
2039-11-16,17.12,2.94,-9.68,160.5,293.2,32471.6
2039-11-17,1.56,4.73,-2.8,151.6,497.0,32329.7
2039-11-18,0.0,-0.26,-4.4,91.0,440.8,32190.8
2039-11-19,0.0,-1.43,-8.43,144.3,323.6,32055.0
2039-11-20,0.0,-0.9,-8.02,145.9,334.1,31922.3
2039-11-21,22.14,0.59,-5.15,92.8,416.4,31792.9
2039-11-22,0.0,1.63,-1.78,78.8,536.0,31666.8
2039-11-23,0.0,1.82,-1.26,73.2,557.0,31544.1
2039-11-24,18.44,1.29,-1.29,47.8,555.6,31424.9
2039-11-25,41.83,1.85,-0.93,51.3,570.6,31309.3
2039-11-26,0.0,-0.95,-3.97,76.0,455.2,31197.3
2039-11-27,0.0,-1.32,-4.03,69.5,453.4,31089.0
2039-11-28,3.37,-1.75,-7.49,101.0,347.9,30984.5
2039-11-29,15.74,-0.67,-8.98,128.9,309.8,30883.9
2039-11-30,2.17,0.86,-3.35,77.8,476.9,30787.2
2039-12-01,0.0,-0.24,-3.91,95.2,457.4,30694.6
2039-12-02,1.58,-1.85,-8.16,151.2,330.3,30606.0
2039-12-03,0.0,-2.27,-11.25,180.4,258.7,30521.6
2039-12-04,0.0,-8.22,-21.6,198.8,108.6,30441.4
2039-12-05,3.36,-3.37,-15.74,146.0,179.4,30365.6
2039-12-06,33.32,2.86,-7.3,137.9,353.2,30294.0
2039-12-07,7.37,4.04,-5.29,131.1,412.2,30226.9
2039-12-08,0.0,-8.74,-15.16,145.7,188.2,30164.2
2039-12-09,0.0,-2.69,-16.9,196.1,162.8,30106.1
2039-12-10,4.09,-2.32,-14.68,142.6,195.8,30052.5
2039-12-11,0.0,-13.05,-23.53,180.4,91.5,30003.5
2039-12-12,16.62,-1.05,-22.56,151.2,99.8,29959.2
2039-12-13,16.16,0.65,-11.19,137.5,260.1,29919.5
2039-12-14,8.66,1.02,-4.99,91.8,421.7,29884.6
2039-12-15,0.0,3.12,-1.96,107.1,529.1,29854.4
2039-12-16,0.0,1.35,-3.63,108.0,467.0,29829.0
2039-12-17,0.0,-2.98,-8.47,119.4,322.5,29808.5
2039-12-18,0.98,-11.61,-19.8,158.8,127.0,29792.7
2039-12-19,0.0,-15.18,-22.01,141.9,104.8,29781.8
2039-12-20,0.0,-20.17,-28.23,158.0,59.6,29775.7
2039-12-21,0.0,-17.46,-26.98,171.2,66.9,29774.4
2039-12-22,22.22,-5.29,-25.06,152.3,79.8,29778.1
2039-12-23,0.0,-6.85,-17.39,174.2,156.2,29786.5
2039-12-24,0.0,-10.31,-18.28,148.2,144.8,29799.8
2039-12-25,0.0,-19.11,-28.01,159.2,60.8,29818.0
2039-12-26,0.0,-9.61,-26.64,199.1,69.0,29840.9
2039-12-27,0.0,-7.61,-18.1,167.2,147.0,29868.6
2039-12-28,20.61,-1.13,-18.07,150.0,147.4,29901.2
2039-12-29,2.31,-1.14,-11.6,124.2,251.6,29938.4
2039-12-30,0.0,-8.59,-24.84,198.4,81.3,29980.4
2039-12-31,0.0,-6.4,-19.48,182.7,130.6,30027.0
2040-01-01,0.0,-12.09,-22.71,137.0,98.5,30078.5
2040-01-02,1.26,-11.84,-28.96,181.4,55.6,30134.3
2040-01-03,0.0,-3.52,-21.88,186.4,106.0,30194.7
2040-01-04,0.0,0.21,-10.49,138.4,274.9,30259.6
2040-01-05,0.58,-1.34,-8.34,98.4,325.7,30328.9
2040-01-06,1.35,0.33,-7.47,108.5,348.6,30402.6
2040-01-07,1.97,-2.03,-8.33,91.0,326.1,30480.7
2040-01-08,1.4,-14.2,-22.04,114.2,104.5,30562.9
2040-01-09,2.06,-11.36,-19.18,114.8,134.1,30649.4
2040-01-10,3.51,-12.6,-21.98,101.8,105.1,30740.0
2040-01-11,0.0,-15.74,-22.34,101.4,101.8,30834.6
2040-01-12,0.0,-18.81,-33.86,188.2,34.7,30933.3
2040-01-13,0.0,-17.15,-34.39,201.8,32.9,31035.8
2040-01-14,1.8,-12.86,-26.62,183.5,69.1,31142.2
2040-01-15,0.0,-15.61,-25.82,152.6,74.4,31252.3
2040-01-16,0.0,-15.84,-34.47,214.1,32.6,31366.2
2040-01-17,0.0,-8.42,-29.86,224.9,51.1,31483.6
2040-01-18,2.67,-6.88,-24.28,160.9,85.6,31604.5
2040-01-19,3.57,-6.58,-18.22,131.1,145.5,31728.9
2040-01-20,0.0,-12.07,-22.11,159.5,103.9,31856.7
2040-01-21,0.0,-17.52,-30.87,196.6,46.4,31987.7
2040-01-22,0.0,-16.82,-37.62,238.7,23.8,32121.9
2040-01-23,0.0,-7.46,-26.42,234.4,70.5,32259.3
2040-01-24,5.35,1.15,-23.69,190.2,90.2,32399.7
2040-01-25,1.91,2.56,-7.15,162.7,357.3,32543.0
2040-01-26,0.0,-12.51,-17.5,94.2,154.7,32689.2
2040-01-27,5.18,-9.43,-26.45,181.0,70.2,32838.2
2040-01-28,0.0,-13.08,-23.6,185.0,91.0,32989.9
2040-01-29,0.0,-11.66,-30.57,256.2,47.8,33144.3
2040-01-30,4.31,-7.12,-25.7,194.7,75.2,33301.2
2040-01-31,8.06,-6.02,-16.18,141.1,172.8,33460.6
2040-02-01,0.0,-11.61,-23.21,212.6,94.2,33622.3
2040-02-02,0.0,-6.97,-23.88,263.5,88.7,33786.4
2040-02-03,0.61,3.57,-24.29,295.2,85.5,33952.8
2040-02-04,0.0,3.73,-5.63,178.4,401.6,34121.3
2040-02-05,19.07,1.55,-5.3,104.0,411.9,34291.9
2040-02-06,0.0,-3.98,-10.01,126.9,285.7,34464.5
2040-02-07,0.0,-11.03,-19.01,167.2,136.0,34639.0
2040-02-08,0.0,-15.92,-23.99,171.6,87.8,34815.5
2040-02-09,0.0,-17.96,-26.8,188.4,68.0,34993.8
2040-02-10,0.0,-10.35,-31.82,311.1,42.3,35173.8
2040-02-11,0.0,0.2,-20.61,309.5,118.5,35355.5
2040-02-12,0.0,6.35,-8.56,268.8,320.2,35538.8
2040-02-13,0.0,5.49,-2.1,163.3,523.4,35723.7
2040-02-14,7.84,4.12,-1.75,99.4,537.2,35910.0
2040-02-15,0.0,6.07,0.37,132.5,627.3,36097.8
2040-02-16,0.0,3.25,-4.9,193.2,424.3,36287.0
2040-02-17,0.0,5.07,-13.42,327.2,217.2,36477.5
2040-02-18,0.0,4.92,-11.6,316.1,251.7,36669.2
2040-02-19,2.44,4.46,-7.01,195.0,361.1,36862.2
2040-02-20,7.01,1.92,-2.84,94.4,495.4,37056.3
2040-02-21,0.0,-4.3,-8.63,123.3,318.4,37251.5
2040-02-22,1.21,-3.08,-11.27,226.0,258.3,37447.8
2040-02-23,0.0,5.23,-11.42,352.1,255.2,37645.0
2040-02-24,0.0,3.62,-8.52,307.0,321.1,37843.2
2040-02-25,1.8,5.49,-4.66,272.2,432.1,38042.3
2040-02-26,4.09,2.44,-3.5,136.1,471.7,38242.3
2040-02-27,0.0,-5.7,-11.88,195.9,246.0,38443.1
2040-02-28,18.15,-3.56,-20.77,293.0,116.8,38644.7
2040-02-29,4.91,2.12,-12.55,280.1,233.1,38847.0
2040-03-01,1.28,-8.99,-13.11,147.3,222.7,39050.0
2040-03-02,0.0,-9.88,-18.17,278.0,146.2,39253.6
2040-03-03,0.0,-10.82,-19.79,303.3,127.2,39457.9
2040-03-04,0.0,-7.33,-21.53,402.8,109.2,39662.7
2040-03-05,2.75,-4.18,-25.91,334.4,73.8,39868.1
2040-03-06,1.22,3.33,-14.31,428.9,201.8,40074.0
2040-03-07,0.0,-6.27,-19.47,390.9,130.7,40280.3
2040-03-08,0.0,-12.07,-23.98,373.8,87.9,40487.1
2040-03-09,0.0,-11.69,-32.91,459.8,38.1,40694.3
2040-03-10,0.0,-10.07,-29.98,456.1,50.5,40901.8
2040-03-11,2.6,-4.89,-27.91,355.0,61.4,41109.7
2040-03-12,0.0,-14.75,-23.51,309.3,91.7,41317.8
2040-03-13,8.38,-10.93,-30.19,354.4,49.5,41526.3
2040-03-14,39.5,-7.68,-19.45,295.2,130.9,41734.9
2040-03-15,0.0,-0.99,-12.6,386.8,232.2,41943.8
2040-03-16,0.0,4.7,-6.7,378.0,370.0,42152.9
2040-03-17,0.0,-1.97,-8.78,255.9,314.8,42362.1
2040-03-18,0.0,-1.17,-17.56,475.5,153.9,42571.4
2040-03-19,3.35,2.37,-10.31,318.0,278.9,42780.8
2040-03-20,0.0,4.88,-3.38,312.6,475.8,42990.3
2040-03-21,5.61,4.98,-1.68,194.6,540.1,43199.8
2040-03-22,3.88,7.47,-0.05,215.3,608.3,43409.3
2040-03-23,0.99,5.07,-1.22,248.7,558.8,43618.7
2040-03-24,0.0,-1.67,-8.86,294.2,312.8,43828.1
2040-03-25,0.0,-2.86,-13.59,409.1,214.2,44037.5
2040-03-26,0.0,-1.36,-12.95,431.7,225.6,44246.7
2040-03-27,0.0,0.23,-9.66,386.1,293.8,44455.7
2040-03-28,0.0,3.35,-11.7,494.3,249.6,44664.6
2040-03-29,0.0,3.0,-6.57,379.6,373.6,44873.3
2040-03-30,0.0,1.99,-3.4,237.3,475.3,45081.7
2040-03-31,0.0,3.18,-7.24,411.8,354.9,45289.9
2040-04-01,0.0,7.19,-11.4,548.3,255.8,45497.8
2040-04-02,0.0,5.4,-8.9,494.6,311.8,45705.3
2040-04-03,0.0,6.5,-9.69,525.8,292.9,45912.5
2040-04-04,0.0,6.93,-6.15,479.5,385.8,46119.2
2040-04-05,12.3,4.43,-5.07,296.8,419.0,46325.6
2040-04-06,3.94,8.04,-1.18,290.5,560.4,46531.4
2040-04-07,7.43,5.46,-0.27,197.2,598.8,46736.8
2040-04-08,0.0,-2.44,-7.3,241.6,353.1,46941.7
2040-04-09,2.27,-0.71,-8.88,294.8,312.4,47145.9
2040-04-10,0.0,3.2,-6.95,470.3,362.8,47349.6
2040-04-11,0.0,7.83,-2.54,472.0,506.5,47552.6
2040-04-12,0.0,5.0,-0.78,310.1,576.9,47754.9
2040-04-13,0.0,9.82,-0.45,481.4,591.0,47956.4
2040-04-14,0.0,12.9,-5.07,602.1,404.0,48157.2
2040-04-15,0.0,12.8,-4.55,598.0,420.3,48357.2
2040-04-16,11.35,6.36,1.26,205.0,668.7,48556.4
2040-04-17,0.46,4.6,1.51,180.4,680.9,48754.6
2040-04-18,0.0,7.15,-0.4,404.2,593.0,48951.8
2040-04-19,0.0,7.71,-1.27,459.6,556.4,49148.1
2040-04-20,0.0,11.65,-3.91,594.7,446.5,49343.3
2040-04-21,0.0,1.02,-2.93,230.8,492.2,49537.4
2040-04-22,0.0,8.62,-5.5,581.2,405.5,49730.4
2040-04-23,0.0,17.73,-2.39,624.8,463.9,49922.1
2040-04-24,3.07,17.58,-2.16,464.7,521.2,50112.6
2040-04-25,3.12,5.36,0.95,180.1,654.0,50301.8
2040-04-26,0.0,11.28,0.43,498.3,630.1,50489.6
2040-04-27,0.0,16.77,-2.62,625.9,449.7,50675.9
2040-04-28,0.0,19.01,-3.48,639.1,410.3,50860.8
2040-04-29,0.0,20.42,-2.12,635.3,448.0,51044.1
2040-04-30,0.0,22.75,0.49,628.8,525.3,51225.8
2040-05-01,0.0,12.49,4.78,359.2,858.7,51405.8
2040-05-02,0.0,7.74,-1.04,414.1,565.9,51584.1
2040-05-03,0.0,10.8,-2.09,538.6,503.4,51760.6
2040-05-04,10.57,6.89,-2.95,344.9,491.6,51935.1
2040-05-05,8.43,4.78,-0.65,211.7,582.3,52107.8
2040-05-06,0.0,12.64,-0.54,547.2,547.0,52278.4
2040-05-07,0.0,14.8,-3.19,615.4,421.8,52446.9
2040-05-08,13.24,14.89,-2.44,449.6,504.9,52613.2
2040-05-09,3.39,11.85,3.34,289.2,775.8,52777.3
2040-05-10,0.0,11.83,1.01,465.8,657.0,52939.1
2040-05-11,2.86,17.99,-2.21,465.6,511.1,53098.5
2040-05-12,11.3,11.17,3.68,252.8,795.0,53255.4
2040-05-13,0.83,13.71,6.48,324.1,966.3,53409.7
2040-05-14,10.96,7.04,2.98,151.6,756.2,53561.4
2040-05-15,0.95,8.8,1.98,331.6,704.3,53710.5
2040-05-16,0.0,9.84,1.58,387.2,684.7,53856.7
2040-05-17,0.0,13.06,-2.37,572.9,498.2,54000.0
2040-05-18,0.0,14.17,-2.55,587.0,482.8,54140.4
2040-05-19,0.0,16.72,-1.7,601.2,498.3,54277.8
2040-05-20,1.11,18.73,2.27,569.1,660.2,54412.0
2040-05-21,0.0,17.41,7.84,391.5,1060.7,54543.1
2040-05-22,0.0,24.49,1.68,621.5,575.4,54670.8
2040-05-23,34.72,28.07,11.67,395.0,1336.8,54795.2
2040-05-24,0.0,14.84,9.46,236.9,1183.9,54916.2
2040-05-25,0.0,18.37,2.0,554.8,684.6,55033.6
2040-05-26,3.56,27.56,10.15,402.9,1239.5,55147.4
2040-05-27,0.0,16.17,3.92,467.7,808.7,55257.6
2040-05-28,0.0,12.74,1.44,455.4,677.5,55364.0
2040-05-29,18.77,9.21,2.82,220.5,747.9,55466.5
2040-05-30,26.92,12.42,4.1,282.9,818.6,55565.2
2040-05-31,20.8,11.6,7.06,163.6,1005.6,55659.8
2040-06-01,0.0,16.48,7.04,408.8,1004.3,55750.4
2040-06-02,0.0,17.56,6.96,443.9,998.5,55836.9
2040-06-03,0.0,14.21,4.34,385.6,832.6,55919.2
2040-06-04,1.45,15.83,3.34,445.0,776.2,55997.2
2040-06-05,0.0,19.76,6.76,447.4,984.9,56070.9
2040-06-06,1.3,20.99,4.77,499.6,858.0,56140.2
2040-06-07,2.86,23.99,11.19,326.3,1328.4,56205.1
2040-06-08,0.0,29.45,14.0,460.4,1598.0,56265.6
2040-06-09,0.0,30.48,17.57,407.3,2008.2,56321.4
2040-06-10,0.0,24.3,11.49,433.9,1355.7,56372.7
2040-06-11,0.0,27.85,13.35,450.5,1531.8,56419.4
2040-06-12,3.23,25.22,5.26,392.3,887.7,56461.3
2040-06-13,7.74,20.34,12.83,210.5,1480.0,56498.6
2040-06-14,8.7,13.16,4.31,253.7,830.8,56531.2
2040-06-15,0.0,14.85,4.78,372.0,858.4,56558.9
2040-06-16,0.0,21.35,1.74,527.3,677.0,56581.9
2040-06-17,0.0,23.25,6.79,486.5,973.8,56600.1
2040-06-18,24.53,22.66,12.65,265.8,1463.5,56613.4
2040-06-19,0.0,25.78,13.09,416.0,1505.7,56621.9
2040-06-20,0.0,20.86,9.54,397.2,1190.0,56625.6
2040-06-21,4.94,18.98,3.4,368.5,779.3,56624.3
2040-06-22,0.0,17.01,3.66,459.2,793.7,56618.3
2040-06-23,0.0,16.32,5.76,390.9,919.1,56607.4
2040-06-24,7.04,19.81,1.74,389.3,692.5,56591.7
2040-06-25,17.14,13.6,6.72,210.7,982.6,56571.1
2040-06-26,11.48,13.96,9.46,143.6,1183.7,56545.8
2040-06-27,1.8,13.29,8.95,189.4,1143.6,56515.6
2040-06-28,9.43,23.21,4.55,390.9,844.7,56480.7
2040-06-29,12.7,24.48,9.24,353.9,1165.9,56441.1
2040-06-30,3.1,23.65,10.58,321.9,1276.0,56396.8
2040-07-01,0.0,27.9,10.71,481.8,1287.3,56347.9
2040-07-02,0.0,30.81,11.76,490.7,1380.0,56294.3
2040-07-03,0.0,29.33,13.98,441.4,1595.2,56236.2
2040-07-04,3.31,27.37,14.27,302.9,1626.0,56173.5
2040-07-05,5.64,22.95,16.31,177.2,1853.1,56106.4
2040-07-06,12.96,27.74,16.46,273.8,1871.4,56034.9
2040-07-07,18.82,23.02,16.62,174.8,1890.4,55959.1
2040-07-08,0.0,19.68,12.36,278.0,1435.4,55878.9
2040-07-09,0.0,20.22,8.24,415.6,1090.2,55794.5
2040-07-10,0.0,25.0,11.31,437.6,1339.4,55706.0
2040-07-11,29.03,25.86,12.25,324.5,1425.4,55613.4
2040-07-12,3.5,23.13,13.59,260.6,1555.5,55516.8
2040-07-13,0.0,24.19,11.59,420.1,1364.6,55416.2
2040-07-14,5.72,22.32,9.13,326.1,1157.7,55311.7
2040-07-15,30.52,21.39,11.77,260.8,1381.0,55203.4
2040-07-16,4.3,24.98,15.52,253.7,1762.7,55091.5
2040-07-17,0.0,23.1,13.89,341.5,1586.2,54975.8
2040-07-18,10.78,23.73,9.99,335.7,1226.2,54856.7
2040-07-19,0.0,23.52,13.2,371.0,1516.2,54734.0
2040-07-20,2.09,25.0,13.01,407.2,1497.6,54607.9
2040-07-21,0.0,25.83,14.42,392.5,1642.0,54478.5
2040-07-22,0.0,25.7,10.99,458.2,1310.9,54345.9
2040-07-23,10.3,21.06,14.47,194.0,1647.0,54210.1
2040-07-24,0.0,20.91,15.14,235.2,1719.4,54071.2
2040-07-25,0.0,20.32,10.56,371.4,1273.9,53929.4
2040-07-26,3.23,21.86,6.24,360.5,950.0,53784.6
2040-07-27,5.56,21.03,7.93,326.7,1067.0,53637.0
2040-07-28,2.22,18.47,11.5,207.5,1356.6,53486.6
2040-07-29,0.0,24.91,8.95,475.2,1143.9,53333.6
2040-07-30,0.0,25.74,10.27,463.7,1249.9,53177.9
2040-07-31,0.0,26.5,11.82,449.3,1385.5,53019.8
2040-08-01,0.0,23.85,17.28,254.1,1971.2,52859.2
2040-08-02,0.0,25.37,9.39,474.5,1178.1,52696.3
2040-08-03,0.0,26.43,7.76,496.0,1054.8,52531.0
2040-08-04,0.0,27.13,8.38,490.0,1100.1,52363.6
2040-08-05,8.11,29.94,12.74,345.2,1471.6,52194.1
2040-08-06,4.05,28.88,13.21,329.4,1517.4,52022.5
2040-08-07,3.7,24.46,16.05,216.8,1822.8,51848.9
2040-08-08,0.0,26.09,11.03,435.4,1315.0,51673.3
2040-08-09,0.0,24.6,10.27,426.4,1250.0,51496.0
2040-08-10,0.0,24.72,15.75,302.9,1788.5,51316.8
2040-08-11,4.85,24.39,16.21,209.8,1842.1,51136.0
2040-08-12,1.4,20.17,15.42,177.0,1750.9,50953.4
2040-08-13,3.52,25.45,16.88,220.1,1922.3,50769.4
2040-08-14,12.77,27.31,16.9,252.5,1925.0,50583.7
2040-08-15,37.11,23.58,19.24,117.9,2229.8,50396.6
2040-08-16,9.33,25.37,15.54,246.5,1764.2,50208.2
2040-08-17,0.0,16.37,10.51,227.9,1269.8,50018.3
2040-08-18,0.0,18.89,8.01,375.6,1072.7,49827.2
2040-08-19,1.33,20.81,4.83,455.9,861.8,49634.9
2040-08-20,0.0,19.24,8.72,361.0,1125.9,49441.3
2040-08-21,0.0,21.52,3.63,469.4,792.1,49246.7
2040-08-22,0.0,25.67,9.18,438.6,1161.8,49050.9
2040-08-23,5.24,20.56,11.64,225.5,1368.6,48854.2
2040-08-24,3.18,18.25,12.53,153.7,1451.3,48656.4
2040-08-25,0.0,22.35,4.88,451.2,864.5,48457.8
2040-08-26,0.0,25.2,5.98,455.9,933.4,48258.2
2040-08-27,0.0,26.56,10.35,415.8,1256.3,48057.8
2040-08-28,0.0,26.26,11.78,390.3,1381.6,47856.6
2040-08-29,0.0,27.31,14.23,362.0,1621.8,47654.7
2040-08-30,5.38,23.69,15.73,190.1,1786.1,47452.0
2040-08-31,1.0,22.77,15.88,222.1,1803.7,47248.7
2040-09-01,4.2,18.77,9.63,223.9,1197.0,47044.8
2040-09-02,0.0,17.62,8.12,313.7,1081.4,46840.2
2040-09-03,2.96,15.9,5.31,259.8,891.3,46635.1
2040-09-04,4.1,14.56,10.05,127.5,1231.8,46429.5
2040-09-05,0.0,18.43,9.42,309.8,1180.6,46223.4
2040-09-06,0.0,15.23,4.92,344.9,867.2,46016.8
2040-09-07,0.0,16.0,0.62,422.0,638.9,45809.8
2040-09-08,0.0,20.78,-0.41,448.2,592.6,45602.5
2040-09-09,0.0,25.82,4.41,434.6,836.5,45394.8
2040-09-10,0.0,23.49,6.97,400.2,999.4,45186.7
2040-09-11,1.46,21.12,12.79,254.9,1476.6,44978.4
2040-09-12,0.0,15.62,6.27,289.2,952.4,44769.9
2040-09-13,0.0,14.42,1.86,353.9,698.4,44561.1
2040-09-14,0.0,16.76,6.57,298.1,972.3,44352.1
2040-09-15,0.0,11.68,1.69,298.6,690.1,44143.0
2040-09-16,0.0,11.36,0.6,310.7,638.0,43933.7
2040-09-17,0.0,15.69,-2.43,398.5,510.9,43724.4
2040-09-18,0.0,20.31,2.93,381.7,753.9,43514.9
2040-09-19,4.82,15.77,7.15,184.2,1011.8,43305.4
2040-09-20,9.47,13.04,3.91,197.8,807.9,43095.9
2040-09-21,0.0,9.83,2.06,235.9,708.4,42886.4
2040-09-22,0.0,12.89,-1.97,358.5,528.6,42677.0
2040-09-23,0.0,18.0,0.88,367.2,651.1,42467.6
2040-09-24,0.0,17.84,7.65,269.6,1046.6,42258.4
2040-09-25,6.46,20.82,1.77,279.4,694.0,42049.2
2040-09-26,5.47,16.57,4.89,222.3,865.2,41840.3
2040-09-27,0.0,9.49,-1.95,299.6,529.4,41631.5
2040-09-28,0.54,12.18,-2.22,334.9,519.0,41422.9
2040-09-29,0.92,14.19,0.28,321.2,623.2,41214.6
2040-09-30,0.0,12.56,0.42,292.8,629.5,41006.6
2040-10-01,0.0,11.81,-1.01,299.4,567.1,40798.9
2040-10-02,15.58,9.96,0.16,185.4,617.8,40591.5
2040-10-03,5.34,6.71,0.39,128.2,628.4,40384.6
2040-10-04,0.0,5.93,1.31,126.8,671.2,40178.0
2040-10-05,0.0,4.0,-2.34,170.2,514.4,39971.9
2040-10-06,0.0,7.17,-3.58,258.4,468.8,39766.2
2040-10-07,1.04,13.05,-4.81,328.6,427.3,39561.1
2040-10-08,10.75,8.62,3.48,103.0,783.6,39356.6
2040-10-09,0.0,10.57,-0.09,255.8,606.8,39152.6
2040-10-10,0.0,17.64,-1.47,324.6,548.4,38949.3
2040-10-11,0.0,19.02,2.67,300.5,740.1,38746.6
2040-10-12,0.0,16.21,6.41,221.3,961.8,38544.7
2040-10-13,0.0,17.22,-0.77,304.8,577.1,38343.5
2040-10-14,0.0,18.73,0.53,298.8,634.5,38143.1
2040-10-15,0.0,18.02,1.47,283.6,679.3,37943.5
2040-10-16,0.0,14.92,0.71,262.1,643.1,37744.9
2040-10-17,0.0,12.9,-3.84,282.6,459.9,37547.1
2040-10-18,0.0,15.17,-3.92,290.4,457.1,37350.4
2040-10-19,1.9,13.4,-3.21,271.8,482.1,37154.6
2040-10-20,0.0,16.37,1.69,247.8,690.2,36959.9
2040-10-21,4.44,12.43,1.62,152.0,686.6,36766.4
2040-10-22,0.0,10.16,4.05,124.9,815.8,36574.0
2040-10-23,0.0,12.72,2.26,196.8,718.9,36382.9
2040-10-24,0.0,11.83,-2.43,238.0,510.8,36193.1
2040-10-25,0.0,10.63,0.48,191.0,632.2,36004.6
2040-10-26,0.0,4.97,-2.07,143.1,524.8,35817.5
2040-10-27,7.67,8.42,-1.04,135.1,566.1,35631.9
2040-10-28,0.0,16.47,1.57,230.4,684.1,35447.8
2040-10-29,0.0,9.26,2.69,129.2,741.1,35265.2
2040-10-30,0.0,6.99,-8.19,234.8,329.6,35084.4
2040-10-31,0.0,4.44,-3.4,150.5,475.1,34905.2
2040-11-01,2.6,10.02,-9.55,206.9,296.3,34727.8
2040-11-02,1.19,10.12,-3.4,230.4,475.2,34552.3
2040-11-03,0.0,2.5,-6.72,176.8,369.4,34378.7
2040-11-04,1.98,8.49,-8.29,247.1,327.2,34207.0
2040-11-05,10.09,8.48,0.41,111.4,629.0,34037.5
2040-11-06,0.0,9.28,3.19,104.2,767.8,33870.0
2040-11-07,0.0,1.38,-6.58,134.3,373.2,33704.8
2040-11-08,0.0,1.72,-9.15,168.7,305.8,33541.9
2040-11-09,0.34,4.16,-7.9,199.5,337.2,33381.3
2040-11-10,9.64,7.99,-0.06,98.4,608.2,33223.1
2040-11-11,25.48,10.03,3.42,81.1,780.5,33067.5
2040-11-12,11.12,8.79,3.29,70.1,773.1,32914.4
2040-11-13,2.34,1.4,-1.0,35.7,567.8,32764.0
2040-11-14,0.0,-0.85,-3.26,49.0,480.4,32616.4
2040-11-15,0.5,3.27,-7.03,183.5,360.7,32471.6
2040-11-16,3.05,5.26,-2.13,97.3,522.4,32329.7
2040-11-17,2.31,-0.21,-3.75,52.6,463.0,32190.8
2040-11-18,2.01,-4.54,-9.7,113.5,292.8,32055.0
2040-11-19,0.0,-5.65,-15.21,182.2,187.4,31922.3
2040-11-20,2.06,-0.86,-12.04,194.2,242.9,31792.9
2040-11-21,0.0,1.27,-6.89,157.8,364.5,31666.8
2040-11-22,0.0,-0.89,-6.98,126.3,362.1,31544.1
2040-11-23,0.0,-0.56,-6.52,125.1,375.0,31424.9
2040-11-24,0.0,-0.75,-6.62,123.4,372.3,31309.3
2040-11-25,0.0,1.32,-11.93,198.3,245.0,31197.3
2040-11-26,0.0,1.6,-5.89,144.1,393.7,31089.0
2040-11-27,0.0,10.13,-2.02,183.2,526.5,30984.5
2040-11-28,2.48,7.41,-4.1,134.0,451.0,30883.9
2040-11-29,14.1,8.06,-1.06,106.2,565.3,30787.2
2040-11-30,0.0,4.82,0.96,70.8,654.7,30694.6
2040-12-01,3.28,4.01,-1.94,80.9,529.6,30606.0
2040-12-02,2.24,0.29,-2.57,43.3,505.6,30521.6
2040-12-03,7.66,-1.62,-7.77,95.9,340.6,30441.4
2040-12-04,0.0,0.07,-5.46,119.0,406.9,30365.6
2040-12-05,0.0,-5.87,-12.48,138.0,234.4,30294.0
2040-12-06,18.36,-6.24,-15.93,129.8,176.6,30226.9
2040-12-07,1.19,-8.99,-15.11,130.8,189.0,30164.2
2040-12-08,0.54,-5.5,-22.03,194.5,104.6,30106.1
2040-12-09,0.0,-3.64,-14.03,172.7,206.6,30052.5
2040-12-10,0.0,0.2,-13.28,183.8,219.7,30003.5
2040-12-11,0.0,2.44,-5.12,140.5,417.5,29959.2
2040-12-12,3.01,1.42,-1.89,53.1,531.5,29919.5
2040-12-13,0.0,3.55,-1.53,101.9,546.0,29884.6
2040-12-14,0.0,-9.27,-15.71,126.5,179.8,29854.4
2040-12-15,0.0,-5.72,-16.31,168.4,171.0,29829.0
2040-12-16,1.24,4.41,-15.61,188.4,181.4,29808.5
2040-12-17,0.0,7.49,-3.96,163.2,455.8,29792.7
2040-12-18,6.54,-4.22,-6.66,38.0,371.1,29781.8
2040-12-19,2.66,-7.4,-14.08,94.0,205.7,29775.7
2040-12-20,4.52,-2.54,-13.71,127.0,212.2,29774.4
2040-12-21,6.74,-9.71,-18.72,116.0,139.4,29778.1
2040-12-22,3.4,-2.11,-21.08,143.8,113.7,29786.5
2040-12-23,1.14,-5.2,-13.48,141.7,216.1,29799.8
2040-12-24,1.8,0.81,-14.7,184.6,195.5,29818.0
2040-12-25,0.0,-8.25,-14.17,110.6,204.3,29840.9
2040-12-26,0.0,-15.81,-22.99,130.7,96.0,29868.6
2040-12-27,0.0,-17.51,-31.55,185.2,43.4,29901.2
2040-12-28,5.69,-8.8,-25.77,144.9,74.8,29938.4
2040-12-29,0.0,-1.87,-15.34,180.5,185.4,29980.4
2040-12-30,0.0,-9.8,-16.64,123.0,166.4,30027.0
2040-12-31,5.13,-10.14,-20.14,129.2,128.5,30052.7
2041-01-01,10.26,-10.49,-23.64,135.3,90.6,30078.5
2041-01-02,0.0,-7.04,-19.51,175.9,130.3,30134.3
2041-01-03,0.0,-10.03,-20.48,161.4,119.8,30194.7
2041-01-04,3.69,-5.32,-16.2,124.9,172.6,30259.6
2041-01-05,0.0,-7.97,-15.13,124.3,188.7,30328.9
2041-01-06,0.0,-16.88,-22.33,99.9,101.8,30402.6
2041-01-07,0.0,-15.44,-25.75,166.0,74.9,30480.7
2041-01-08,0.0,-14.31,-24.47,166.2,84.1,30562.9
2041-01-09,0.0,-15.67,-22.58,126.2,99.6,30649.4
2041-01-10,0.0,-12.58,-18.77,115.3,138.9,30740.0
2041-01-11,0.0,-11.2,-20.66,162.3,118.0,30834.6
2041-01-12,0.0,-12.56,-21.39,156.2,110.7,30933.3
2041-01-13,0.0,-10.51,-22.15,187.8,103.5,31035.8
2041-01-14,0.86,-7.31,-18.91,189.2,137.2,31142.2
2041-01-15,0.0,-6.02,-14.95,161.6,191.5,31252.3
2041-01-16,0.0,-15.06,-21.04,119.4,114.0,31366.2
2041-01-17,0.0,-16.35,-25.85,174.6,74.2,31483.6
2041-01-18,0.0,-12.87,-29.08,227.5,55.0,31604.5
2041-01-19,2.06,-7.88,-27.53,239.1,63.6,31728.9
2041-01-20,4.81,-9.26,-20.68,151.9,117.7,31856.7
2041-01-21,0.0,-15.04,-22.02,145.4,104.6,31987.7
2041-01-22,0.0,-8.48,-24.31,237.7,85.4,32121.9
2041-01-23,0.0,-8.15,-14.76,140.8,194.6,32259.3
2041-01-24,0.0,-6.72,-15.94,185.7,176.4,32399.7
2041-01-25,0.0,-8.85,-25.43,250.6,77.1,32543.0
2041-01-26,0.0,-10.53,-20.99,207.6,114.6,32689.2
2041-01-27,0.0,-8.67,-19.97,219.8,125.2,32838.2
2041-01-28,0.0,-7.25,-22.64,254.6,99.1,32989.9
2041-01-29,0.0,-8.16,-20.26,233.5,122.1,33144.3
2041-01-30,0.0,-8.93,-21.11,237.9,113.4,33301.2
2041-01-31,0.0,-7.6,-26.93,278.7,67.2,33460.6
2041-02-01,3.17,-5.94,-20.68,197.7,117.8,33622.3
2041-02-02,0.0,-5.23,-14.78,211.1,194.2,33786.4
2041-02-03,0.0,-12.76,-20.23,180.6,122.5,33952.8
2041-02-04,0.0,-11.0,-29.61,292.6,52.3,34121.3
2041-02-05,0.0,-15.94,-33.18,289.3,37.1,34291.9
2041-02-06,0.0,-14.23,-33.44,299.8,36.1,34464.5
2041-02-07,0.0,-15.77,-28.66,261.0,57.2,34639.0
2041-02-08,2.55,-7.3,-24.76,223.1,81.9,34815.5
2041-02-09,0.0,-2.26,-16.34,271.6,170.5,34993.8
2041-02-10,0.0,-2.44,-8.97,156.0,310.0,35173.8
2041-02-11,0.0,0.37,-11.02,245.4,263.6,35355.5
2041-02-12,0.0,0.95,-17.6,314.0,153.4,35538.8
2041-02-13,13.92,2.48,-10.37,202.9,277.7,35723.7
2041-02-14,1.73,2.11,-3.08,130.5,486.9,35910.0
2041-02-15,2.93,-0.1,-8.58,155.1,319.8,36097.8
2041-02-16,0.0,-4.06,-9.98,154.7,286.4,36287.0
2041-02-17,1.56,-2.7,-18.78,324.4,138.7,36477.5
2041-02-18,0.0,-4.24,-12.63,221.3,231.5,36669.2
2041-02-19,4.39,-5.91,-22.37,255.7,101.4,36862.2
2041-02-20,0.0,-5.93,-17.23,280.8,158.2,37056.3
2041-02-21,2.57,-2.77,-26.2,285.6,71.8,37251.5
2041-02-22,3.77,2.42,-14.54,262.4,198.0,37447.8
2041-02-23,2.79,0.89,-4.02,103.7,453.7,37645.0
2041-02-24,25.26,-1.9,-4.48,63.0,438.1,37843.2
2041-02-25,2.96,-4.13,-9.7,126.6,292.8,38042.3
2041-02-26,0.0,1.51,-19.85,398.5,126.6,38242.3
2041-02-27,2.4,2.22,-8.7,223.6,316.8,38443.1
2041-02-28,0.0,-4.84,-19.98,367.1,125.1,38644.7
2041-03-01,2.73,2.92,-15.06,295.6,189.7,38847.0
2041-03-02,4.21,4.46,-4.55,199.7,435.7,39050.0
2041-03-03,0.0,-8.86,-15.76,223.9,179.0,39253.6
2041-03-04,7.44,-12.81,-25.08,264.7,79.6,39457.9
2041-03-05,7.2,-11.49,-20.02,206.8,124.7,39662.7
2041-03-06,0.0,-8.16,-25.4,424.2,77.3,39868.1
2041-03-07,2.73,-2.09,-26.36,346.2,70.8,40074.0
2041-03-08,4.83,-1.49,-13.64,275.0,213.3,40280.3
2041-03-09,0.0,3.62,-13.46,432.6,216.4,40487.1
2041-03-10,0.0,5.76,-10.72,430.0,270.0,40694.3
2041-03-11,0.0,8.63,-9.11,442.9,306.6,40901.8
2041-03-12,16.57,2.88,-3.28,162.4,479.4,41109.7
2041-03-13,4.87,2.33,-0.33,79.6,596.4,41317.8
2041-03-14,1.74,2.57,-1.1,144.6,563.4,41526.3
2041-03-15,0.0,-1.97,-5.88,159.8,393.9,41734.9
2041-03-16,0.0,-5.85,-13.92,308.8,208.5,41943.8
2041-03-17,0.0,-4.4,-16.86,418.7,163.2,42152.9
2041-03-18,0.0,-6.74,-17.56,385.6,153.9,42362.1
2041-03-19,0.0,1.52,-24.1,522.9,86.9,42571.4
2041-03-20,0.91,3.43,-11.28,452.2,258.2,42780.8
2041-03-21,0.0,-8.53,-15.59,280.8,181.6,42990.3
2041-03-22,0.0,0.9,-16.14,493.1,173.4,43199.8
2041-03-23,0.0,3.37,-9.67,444.2,293.4,43409.3
2041-03-24,0.0,-0.75,-8.38,313.1,324.9,43618.7
2041-03-25,0.0,-3.64,-11.41,320.5,255.4,43828.1
2041-03-26,0.0,-2.28,-12.02,380.0,243.4,44037.5
2041-03-27,2.86,7.15,-12.95,401.3,225.7,44246.7
2041-03-28,0.0,5.03,-3.91,354.6,457.6,44455.7
2041-03-29,0.0,9.06,-0.46,371.1,590.8,44664.6
2041-03-30,0.0,1.69,-1.94,166.7,529.8,44873.3
2041-03-31,1.64,-1.12,-11.11,415.5,261.7,45081.7
2041-04-01,4.69,-1.5,-8.36,234.9,325.2,45289.9
2041-04-02,0.0,0.83,-7.86,380.0,338.1,45497.8
2041-04-03,1.92,2.64,-4.86,341.3,425.8,45705.3
2041-04-04,0.0,4.23,-2.2,300.4,519.7,45912.5
2041-04-05,5.89,2.65,-6.95,321.7,362.8,46119.2
2041-04-06,4.59,5.3,-1.75,262.0,537.2,46325.6
2041-04-07,0.0,4.54,-1.08,293.0,564.3,46531.4
2041-04-08,0.0,4.22,-5.43,461.3,407.7,46736.8
2041-04-09,0.0,-1.47,-11.09,474.3,262.2,46941.7
2041-04-10,0.0,0.7,-13.11,569.0,222.8,47145.9
2041-04-11,1.37,4.03,-7.63,527.6,344.4,47349.6
2041-04-12,0.0,-2.23,-11.58,468.0,252.1,47552.6
2041-04-13,0.0,-3.36,-13.73,497.0,211.7,47754.9
2041-04-14,10.54,2.66,-16.82,467.1,163.8,47956.4
2041-04-15,8.15,8.88,-5.8,427.6,396.4,48157.2
2041-04-16,7.8,13.27,2.28,364.8,719.7,48357.2
2041-04-17,0.0,-3.39,-11.17,401.9,260.4,48556.4
2041-04-18,0.0,4.93,-10.45,599.9,275.9,48754.6
2041-04-19,0.0,6.54,-4.14,510.1,449.6,48951.8
2041-04-20,0.0,10.25,-5.3,599.0,390.3,49148.1
2041-04-21,0.0,9.42,-5.58,596.5,381.2,49343.3
2041-04-22,0.0,10.55,-6.29,618.0,352.3,49537.4
2041-04-23,0.0,9.31,-5.58,593.9,381.0,49730.4
2041-04-24,0.0,11.39,-6.77,627.9,333.7,49922.1
2041-04-25,0.0,15.04,-4.71,635.5,372.1,50112.6
2041-04-26,0.0,18.67,-0.39,626.5,492.8,50301.8
2041-04-27,0.0,14.08,-2.12,599.8,463.1,50489.6
2041-04-28,0.0,15.65,-1.12,603.0,488.1,50675.9
2041-04-29,0.0,10.65,2.0,401.9,705.2,50860.8
2041-04-30,2.81,12.6,-0.55,401.6,586.6,51044.1
2041-05-01,0.0,10.75,2.72,374.7,742.4,51225.8
2041-05-02,0.0,10.8,-4.51,581.3,407.2,51405.8
2041-05-03,0.0,9.48,-2.48,504.6,498.7,51584.1
2041-05-04,0.0,9.18,-5.05,557.0,399.9,51760.6
2041-05-05,0.0,10.85,-3.96,564.8,423.4,51935.1
2041-05-06,0.0,15.57,-5.79,642.4,333.1,52107.8
2041-05-07,2.37,12.43,0.51,357.3,633.9,52278.4
2041-05-08,0.0,7.05,-0.78,345.3,577.0,52446.9
2041-05-09,2.8,12.16,-5.16,445.1,416.2,52613.2
2041-05-10,0.0,21.22,3.85,580.5,661.9,52777.3
2041-05-11,0.0,12.93,2.14,436.5,704.8,52939.1
2041-05-12,12.7,7.69,0.6,232.5,638.0,53098.5
2041-05-13,20.13,6.96,2.53,152.2,732.9,53255.4
2041-05-14,0.0,13.34,0.51,506.4,630.6,53409.7
2041-05-15,0.0,17.75,-2.51,629.0,438.0,53561.4
2041-05-16,7.94,21.91,-1.41,481.3,514.9,53710.5
2041-05-17,2.89,18.85,7.98,315.5,1071.0,53856.7
2041-05-18,11.95,15.3,7.73,237.1,1052.6,54000.0
2041-05-19,1.3,12.26,4.64,324.6,850.5,54140.4
2041-05-20,3.44,20.86,3.03,434.7,758.3,54277.8
2041-05-21,0.0,20.92,6.94,507.6,932.6,54412.0
2041-05-22,0.0,16.28,3.94,477.2,799.4,54543.1
2041-05-23,2.09,20.73,0.23,616.0,538.0,54670.8
2041-05-24,0.0,21.21,1.3,607.3,579.0,54795.2
2041-05-25,4.62,19.73,5.9,377.4,928.2,54916.2
2041-05-26,3.4,15.34,0.55,403.0,635.3,55033.6
2041-05-27,9.17,10.73,1.12,304.3,662.1,55147.4
2041-05-28,0.0,14.83,4.19,437.1,815.9,55257.6
2041-05-29,0.0,21.17,-2.16,637.5,421.2,55364.0
2041-05-30,2.1,25.12,5.78,589.0,740.9,55466.5
2041-05-31,0.38,22.97,9.54,477.6,1066.7,55565.2
2041-06-01,8.94,17.58,12.11,168.4,1412.3,55659.8
2041-06-02,0.0,24.58,10.52,488.6,1127.4,55750.4
2041-06-03,0.0,22.54,10.44,443.2,1161.2,55836.9
2041-06-04,0.0,17.68,1.9,539.4,608.8,55919.2
2041-06-05,4.93,17.88,-0.86,436.4,548.0,55997.2
2041-06-06,6.2,12.44,6.14,199.5,943.5,56070.9
2041-06-07,0.0,21.69,2.42,579.9,593.9,56140.2
2041-06-08,0.0,25.13,2.68,602.3,575.6,56205.1
2041-06-09,6.44,25.04,8.92,384.5,1085.2,56265.6
2041-06-10,8.72,20.09,12.17,225.9,1417.7,56321.4
2041-06-11,0.0,15.01,5.97,315.6,932.7,56372.7
2041-06-12,0.41,14.4,2.98,379.9,756.5,56419.4
2041-06-13,15.08,11.01,6.5,126.8,967.8,56461.3
2041-06-14,0.0,17.76,3.99,438.5,781.5,56498.6
2041-06-15,0.0,20.19,5.14,463.7,815.0,56531.2
2041-06-16,0.0,22.55,5.98,481.3,837.1,56558.9
2041-06-17,0.29,24.79,7.12,487.6,886.8,56581.9
2041-06-18,12.56,15.63,10.36,143.4,1256.8,56600.1
2041-06-19,1.72,18.84,10.82,283.6,1296.4,56613.4
2041-06-20,3.11,20.05,11.4,228.0,1347.2,56621.9
2041-06-21,0.0,20.73,9.75,371.6,1207.2,56625.6
2041-06-22,0.0,25.72,6.76,508.8,877.2,56624.3
2041-06-23,4.14,21.04,9.81,287.6,1211.5,56618.3
2041-06-24,8.07,19.38,13.79,158.2,1575.9,56607.4
2041-06-25,4.47,15.22,9.26,177.2,1167.8,56591.7
2041-06-26,0.0,18.37,9.7,326.8,1202.8,56571.1
2041-06-27,0.0,23.18,3.56,526.0,725.7,56545.8
2041-06-28,0.0,20.79,9.54,398.1,1190.1,56515.6
2041-06-29,1.26,21.56,11.15,379.0,1325.5,56480.7
2041-06-30,0.0,25.09,8.94,487.8,1064.5,56441.1
2041-07-01,0.0,28.95,6.8,533.0,863.8,56396.8
2041-07-02,0.0,28.5,11.82,476.4,1267.0,56347.9
2041-07-03,7.6,22.75,13.03,256.7,1499.4,56294.3
2041-07-04,0.0,25.92,11.83,441.2,1333.6,56236.2
2041-07-05,0.0,29.47,10.73,500.8,1151.2,56173.5
2041-07-06,20.37,28.7,14.03,326.1,1601.0,56106.4
2041-07-07,27.23,23.72,15.29,226.0,1736.2,56034.9
2041-07-08,3.7,17.79,12.2,167.9,1420.8,55959.1
2041-07-09,0.0,26.01,10.76,468.4,1291.2,55878.9
2041-07-10,22.58,24.59,12.26,310.5,1426.1,55794.5
2041-07-11,0.0,21.92,13.52,313.2,1549.0,55706.0
2041-07-12,0.0,21.93,5.16,496.7,881.7,55613.4
2041-07-13,0.0,24.64,6.34,501.7,957.2,55516.8
2041-07-14,8.97,24.85,11.46,318.2,1352.5,55416.2
2041-07-15,21.84,25.26,14.82,265.6,1684.6,55311.7
2041-07-16,1.87,26.49,16.66,337.0,1894.8,55203.4
2041-07-17,0.0,24.68,12.85,399.1,1482.4,55091.5
2041-07-18,0.0,26.83,10.1,475.5,1235.4,54975.8
2041-07-19,6.85,23.35,13.6,254.1,1556.6,54856.7
2041-07-20,0.0,24.64,12.24,400.8,1424.5,54734.0
2041-07-21,0.0,25.06,12.14,409.6,1414.4,54607.9
2041-07-22,7.88,25.34,12.39,308.8,1438.7,54478.5
2041-07-23,0.0,20.38,8.75,395.6,1128.1,54345.9
2041-07-24,0.0,22.98,5.75,483.7,918.9,54210.1
2041-07-25,0.0,28.56,9.79,480.3,1210.6,54071.2
2041-07-26,40.68,28.52,14.29,305.5,1628.4,53929.4
2041-07-27,0.0,19.9,12.01,275.8,1403.1,53784.6
2041-07-28,0.95,20.79,6.48,435.8,966.0,53637.0
2041-07-29,5.61,22.7,11.59,269.0,1364.3,53486.6
2041-07-30,0.0,21.08,13.34,269.4,1530.6,53333.6
2041-07-31,8.35,20.91,6.33,334.2,956.0,53177.9
2041-08-01,7.0,16.41,10.2,176.4,1243.7,53019.8
2041-08-02,0.0,23.0,6.62,467.9,975.7,52859.2
2041-08-03,0.0,26.41,7.74,483.0,1053.6,52696.3
2041-08-04,0.0,27.54,9.92,466.9,1220.6,52531.0
2041-08-05,0.0,28.85,12.16,448.3,1416.9,52363.6
2041-08-06,0.0,29.15,11.17,459.1,1326.6,52194.1
2041-08-07,0.0,27.29,13.69,391.2,1566.4,52022.5
2041-08-08,12.75,22.57,13.99,212.1,1596.8,51848.9
2041-08-09,0.0,23.4,10.48,390.5,1267.7,51673.3
2041-08-10,0.0,26.47,7.09,473.3,1007.6,51496.0
2041-08-11,1.03,28.27,10.7,445.1,1286.4,51316.8
2041-08-12,0.0,20.41,9.26,351.9,1167.6,51136.0
2041-08-13,0.0,17.54,3.86,411.6,805.3,50953.4
2041-08-14,0.0,26.77,9.3,443.9,1171.1,50769.4
2041-08-15,5.0,25.46,15.2,230.8,1726.3,50583.7
2041-08-16,0.0,23.69,13.68,306.3,1564.8,50396.6
2041-08-17,0.0,18.83,9.61,299.2,1195.3,50208.2
2041-08-18,0.0,21.35,3.58,454.7,789.4,50018.3
2041-08-19,3.33,23.44,6.81,324.0,988.2,49827.2
2041-08-20,2.11,21.87,11.29,319.4,1337.2,49634.9
2041-08-21,0.0,20.59,11.35,287.8,1343.2,49441.3
2041-08-22,0.0,20.79,5.53,413.8,904.8,49246.7
2041-08-23,4.31,21.54,5.42,317.5,898.1,49050.9
2041-08-24,2.34,21.2,8.74,271.5,1127.6,48854.2
2041-08-25,0.0,21.56,7.15,395.9,1011.8,48656.4
2041-08-26,0.76,18.42,11.46,222.2,1352.8,48457.8
2041-08-27,7.11,19.42,14.08,130.1,1605.8,48258.2
2041-08-28,0.0,22.45,13.5,274.4,1546.5,48057.8
2041-08-29,0.0,17.69,4.71,373.8,854.7,47856.6
2041-08-30,0.0,17.83,1.4,424.7,675.7,47654.7
2041-08-31,0.0,19.3,3.37,409.0,777.4,47452.0
2041-09-01,0.0,20.8,2.59,430.2,736.0,47248.7
2041-09-02,1.25,19.0,7.84,322.6,1060.8,47044.8
2041-09-03,2.26,16.16,3.08,275.4,761.8,46840.2
2041-09-04,11.53,13.62,7.83,142.4,1059.6,46635.1
2041-09-05,0.15,16.44,9.4,228.0,1179.2,46429.5
2041-09-06,0.0,19.92,10.17,296.1,1241.5,46223.4
2041-09-07,0.0,21.83,8.66,358.7,1121.3,46016.8
2041-09-08,0.0,19.06,7.74,327.8,1053.7,45809.8
2041-09-09,0.0,16.88,1.97,392.8,703.9,45602.5
2041-09-10,9.46,9.7,2.37,183.9,724.6,45394.8
2041-09-11,0.54,11.69,3.77,260.0,800.2,45186.7
2041-09-12,0.0,12.42,-1.33,381.1,554.0,44978.4
2041-09-13,0.0,14.36,0.37,380.4,627.5,44769.9
2041-09-14,0.0,16.55,1.67,383.8,689.0,44561.1
2041-09-15,0.0,19.27,3.88,380.2,806.4,44352.1
2041-09-16,0.0,20.86,2.08,403.1,709.6,44143.0
2041-09-17,0.0,22.28,4.06,392.8,816.4,43933.7
2041-09-18,0.0,23.5,4.7,390.9,854.0,43724.4
2041-09-19,0.0,25.73,8.71,365.2,1125.3,43514.9
2041-09-20,0.0,28.84,11.53,354.2,1359.2,43305.4
2041-09-21,0.0,21.57,10.92,272.7,1305.2,43095.9
2041-09-22,0.0,16.51,0.82,358.2,648.0,42886.4
2041-09-23,0.0,21.95,5.46,352.9,900.4,42677.0
2041-09-24,11.58,23.2,7.33,255.4,1024.4,42467.6
2041-09-25,2.83,18.28,10.12,159.4,1237.6,42258.4
2041-09-26,0.0,19.51,3.05,342.6,760.3,42049.2
2041-09-27,44.56,16.44,7.03,175.6,1003.4,41840.3
2041-09-28,5.47,16.44,9.02,142.2,1148.7,41631.5
2041-09-29,0.0,17.32,5.05,285.1,875.2,41422.9
2041-09-30,1.29,19.51,9.42,242.4,1180.6,41214.6
2041-10-01,13.06,13.4,8.92,92.1,1141.1,41006.6
2041-10-02,2.75,14.03,8.91,104.3,1140.2,40798.9
2041-10-03,0.0,15.0,0.84,312.3,649.2,40591.5
2041-10-04,1.21,16.32,-0.09,326.6,606.8,40384.6
2041-10-05,11.5,14.99,7.83,134.1,1059.6,40178.0
2041-10-06,0.99,14.58,6.61,195.6,975.1,39971.9
2041-10-07,0.0,12.35,2.33,238.3,722.5,39766.2
2041-10-08,0.0,13.75,-2.04,309.9,525.9,39561.1
2041-10-09,0.0,13.97,5.55,201.3,905.8,39356.6
2041-10-10,6.88,8.73,4.51,81.9,842.8,39152.6
2041-10-11,1.04,5.91,0.21,145.5,620.1,38949.3
2041-10-12,0.0,7.39,-1.66,216.8,541.0,38746.6
2041-10-13,2.26,6.49,-5.65,199.4,401.0,38544.7
2041-10-14,2.06,9.23,1.49,187.8,680.0,38343.5
2041-10-15,10.78,10.39,4.66,108.0,851.2,38143.1
2041-10-16,0.0,10.16,3.83,160.8,803.3,37943.5
2041-10-17,0.0,6.32,-2.07,209.4,524.5,37744.9
2041-10-18,1.14,11.47,-5.48,298.3,406.2,37547.1
2041-10-19,0.0,14.91,1.64,266.0,687.6,37350.4
2041-10-20,0.0,6.09,0.66,145.0,640.5,37154.6
2041-10-21,0.0,8.87,-1.9,241.7,531.2,36959.9
2041-10-22,0.0,15.89,-1.55,283.8,545.2,36766.4
2041-10-23,0.0,17.81,-2.63,287.3,503.4,36574.0
2041-10-24,5.59,18.76,-0.61,210.0,584.0,36382.9
2041-10-25,0.49,12.89,2.9,210.8,752.4,36193.1
2041-10-26,0.0,7.88,0.9,165.2,651.6,36004.6
2041-10-27,3.1,13.5,-2.68,196.4,501.4,35817.5
2041-10-28,0.0,2.62,-1.89,109.9,531.6,35631.9
2041-10-29,0.0,1.61,-4.75,150.8,429.2,35447.8
2041-10-30,0.0,5.89,-5.31,221.0,411.6,35265.2
2041-10-31,0.0,5.52,-4.13,197.6,449.9,35084.4
2041-11-01,0.0,8.18,-2.31,201.7,515.6,34905.2
2041-11-02,0.0,7.93,1.48,139.4,679.8,34727.8
2041-11-03,0.0,7.36,-0.96,172.8,569.5,34552.3
2041-11-04,0.0,8.73,-5.5,228.3,405.6,34378.7
2041-11-05,3.39,6.64,-2.59,134.5,504.7,34207.0
2041-11-06,21.95,7.04,3.5,58.3,784.9,34037.5
2041-11-07,8.97,6.9,4.18,47.0,823.4,33870.0
2041-11-08,0.0,7.78,2.2,119.4,715.8,33704.8
2041-11-09,2.76,4.63,-2.85,113.8,495.3,33541.9
2041-11-10,2.14,2.59,-3.84,100.0,459.8,33381.3
2041-11-11,0.0,-3.11,-8.53,116.2,321.0,33223.1
2041-11-12,11.91,-0.48,-15.52,181.9,182.6,33067.5
2041-11-13,1.63,-0.4,-7.6,159.3,345.1,32914.4
2041-11-14,3.56,-1.92,-9.68,125.3,293.3,32764.0
2041-11-15,0.0,-3.1,-7.48,101.5,348.3,32616.4
2041-11-16,2.8,-0.42,-12.48,159.8,234.4,32471.6
2041-11-17,4.25,2.0,-11.75,166.7,248.7,32329.7
2041-11-18,0.0,3.05,-1.72,106.0,538.2,32190.8
2041-11-19,5.64,2.59,-5.13,118.0,417.2,32055.0
2041-11-20,0.0,8.38,-1.24,176.4,557.8,31922.3
2041-11-21,0.0,3.05,-0.73,84.8,579.0,31792.9
2041-11-22,8.16,-2.47,-6.84,77.4,366.0,31666.8
2041-11-23,1.77,-2.17,-6.35,102.2,380.0,31544.1
2041-11-24,0.0,-1.18,-8.15,155.2,330.7,31424.9
2041-11-25,0.0,-5.39,-11.2,135.3,259.9,31309.3
2041-11-26,0.0,-5.64,-15.68,192.4,180.2,31197.3
2041-11-27,0.0,-4.91,-13.16,170.6,221.8,31089.0
2041-11-28,0.0,-7.06,-13.24,138.8,220.4,30984.5
2041-11-29,0.0,-7.1,-18.09,192.4,147.1,30883.9
2041-11-30,0.0,-4.04,-17.18,200.1,158.9,30787.2
2041-12-01,9.94,1.52,-15.1,155.4,189.2,30694.6
2041-12-02,6.34,6.15,-6.93,145.1,363.5,30606.0
2041-12-03,0.0,-7.36,-11.65,95.5,250.6,30521.6
2041-12-04,0.0,-6.85,-14.33,150.6,201.5,30441.4
2041-12-05,0.0,-4.1,-15.46,184.6,183.6,30365.6
2041-12-06,0.0,-4.94,-15.22,174.5,187.2,30294.0
2041-12-07,0.0,-5.51,-18.09,185.4,147.1,30226.9
2041-12-08,0.0,-3.06,-16.01,184.1,175.3,30164.2
2041-12-09,0.0,-3.55,-13.83,165.5,210.0,30106.1
2041-12-10,0.0,-2.75,-11.21,145.7,259.6,30052.5
2041-12-11,0.0,-2.92,-10.88,138.4,266.5,30003.5
2041-12-12,1.59,-4.48,-11.54,129.1,252.8,29959.2
2041-12-13,7.36,-4.79,-16.98,132.5,161.6,29919.5
2041-12-14,2.7,-3.36,-13.4,120.5,217.4,29884.6
2041-12-15,0.0,-11.86,-23.91,174.0,88.5,29854.4
2041-12-16,3.15,-8.8,-21.58,133.7,108.8,29829.0
2041-12-17,2.86,-10.24,-23.75,136.6,89.8,29808.5
2041-12-18,2.28,-8.8,-21.33,131.3,111.2,29792.7
2041-12-19,0.0,-15.46,-26.12,162.1,72.4,29781.8
2041-12-20,0.0,-14.08,-29.69,186.1,51.9,29775.7
2041-12-21,0.0,-12.76,-27.66,182.0,62.8,29774.4
2041-12-22,3.84,-10.58,-27.67,141.2,62.8,29778.1
2041-12-23,3.14,-6.6,-22.72,137.7,98.4,29786.5
2041-12-24,4.13,0.46,-11.1,117.4,261.9,29799.8
2041-12-25,4.48,0.59,-9.75,109.5,291.6,29818.0
2041-12-26,0.0,-13.9,-22.8,134.4,97.6,29840.9
2041-12-27,1.98,-7.99,-27.8,193.3,62.0,29868.6
2041-12-28,0.0,-6.29,-19.32,165.9,132.4,29901.2
2041-12-29,1.39,-7.62,-18.83,152.7,138.1,29938.4
2041-12-30,0.0,-8.62,-20.94,162.6,115.1,29980.4
2041-12-31,0.91,-1.19,-19.77,191.5,127.4,30027.0
2042-01-01,3.31,-5.84,-14.41,96.7,200.3,30078.5
2042-01-02,0.0,-6.73,-24.56,196.8,83.5,30134.3
2042-01-03,17.73,-15.14,-25.03,112.1,79.9,30194.7
2042-01-04,0.0,-14.46,-21.82,118.5,106.6,30259.6
2042-01-05,9.38,-12.37,-26.06,139.6,72.8,30328.9
2042-01-06,0.0,-9.69,-20.26,159.6,122.1,30402.6
2042-01-07,0.0,-14.91,-21.11,105.0,113.4,30480.7
2042-01-08,1.86,-11.02,-20.84,154.8,116.1,30562.9
2042-01-09,1.98,-3.49,-21.18,211.7,112.6,30649.4
2042-01-10,1.47,-1.34,-10.75,150.8,269.4,30740.0
2042-01-11,1.17,-6.92,-21.65,202.1,108.1,30834.6
2042-01-12,1.84,1.66,-15.32,213.5,185.7,30933.3
2042-01-13,0.0,-6.05,-13.65,131.9,213.1,31035.8
2042-01-14,0.0,-19.66,-27.03,132.2,66.6,31142.2
2042-01-15,0.0,-18.41,-30.42,191.3,48.4,31252.3
2042-01-16,0.0,-10.36,-25.57,216.4,76.1,31366.2
2042-01-17,0.0,2.76,-23.8,246.6,89.4,31483.6
2042-01-18,0.0,4.53,-10.2,214.3,281.4,31604.5
2042-01-19,14.55,4.85,-5.96,136.0,391.6,31728.9
2042-01-20,12.46,2.99,-1.06,58.9,565.1,31856.7
2042-01-21,0.0,-0.07,-4.79,92.5,428.2,31987.7
2042-01-22,1.79,-0.15,-10.74,187.5,269.6,32121.9
2042-01-23,0.0,-10.69,-18.73,156.2,139.3,32259.3
2042-01-24,0.0,-20.5,-27.5,142.4,63.8,32399.7
2042-01-25,10.08,-5.65,-29.51,205.1,52.8,32543.0
2042-01-26,29.0,7.56,-17.07,210.0,160.4,32689.2
2042-01-27,16.92,10.35,0.11,145.6,615.4,32838.2
2042-01-28,6.93,-4.33,-14.36,152.1,201.1,32989.9
2042-01-29,0.0,-11.78,-23.92,234.0,88.4,33144.3
2042-01-30,0.0,-9.65,-24.24,261.1,85.9,33301.2
2042-01-31,0.0,-11.88,-22.12,214.7,103.8,33460.6
2042-02-01,3.19,-10.63,-26.42,209.1,70.4,33622.3
2042-02-02,4.71,-6.37,-20.05,198.0,124.3,33786.4
2042-02-03,0.0,-9.62,-15.17,134.5,188.0,33952.8
2042-02-04,0.0,-9.99,-25.87,290.0,74.1,34121.3
2042-02-05,1.74,-3.29,-19.23,291.6,133.4,34291.9
2042-02-06,0.0,-11.5,-20.95,217.1,115.0,34464.5
2042-02-07,0.0,-9.2,-21.79,265.9,106.8,34639.0
2042-02-08,0.0,-6.42,-23.56,311.3,91.3,34815.5
2042-02-09,0.0,-7.02,-18.41,255.5,143.1,34993.8
2042-02-10,0.0,-3.82,-15.82,268.1,178.2,35173.8
2042-02-11,0.0,-4.67,-18.41,295.6,143.1,35355.5
2042-02-12,0.0,-7.15,-18.12,260.6,146.8,35538.8
2042-02-13,0.0,-8.56,-14.87,168.4,192.8,35723.7
2042-02-14,0.0,-5.3,-23.73,344.8,89.9,35910.0
2042-02-15,0.0,-3.94,-20.11,332.5,123.7,36097.8
2042-02-16,0.0,-5.8,-17.02,282.6,161.1,36287.0
2042-02-17,0.0,-5.33,-22.62,354.5,99.2,36477.5
2042-02-18,0.0,-3.21,-17.43,329.2,155.6,36669.2
2042-02-19,0.0,1.63,-13.01,332.0,224.5,36862.2
2042-02-20,1.94,4.65,-16.68,381.0,165.8,37056.3
2042-02-21,7.49,0.04,-9.61,191.3,295.0,37251.5
2042-02-22,0.0,-7.11,-16.28,250.0,171.5,37447.8
2042-02-23,0.0,-4.05,-24.46,393.4,84.2,37645.0
2042-02-24,0.0,-1.56,-16.06,347.6,174.6,37843.2
2042-02-25,3.78,-3.64,-18.37,271.2,143.6,38042.3
2042-02-26,2.94,-8.57,-13.25,111.5,220.2,38242.3
2042-02-27,0.0,-8.25,-14.76,205.0,194.6,38443.1
2042-02-28,0.0,-5.21,-22.26,402.6,102.4,38644.7
2042-03-01,0.0,-1.03,-15.67,378.7,180.4,38847.0
2042-03-02,0.0,-0.85,-18.78,415.8,138.7,39050.0
2042-03-03,0.0,1.03,-16.69,417.2,165.6,39253.6
2042-03-04,0.0,2.2,-18.63,442.0,140.5,39457.9
2042-03-05,1.08,2.04,-10.95,357.2,265.0,39662.7
2042-03-06,3.58,-7.86,-19.28,254.0,132.9,39868.1
2042-03-07,7.06,-9.2,-14.87,145.6,192.7,40074.0
2042-03-08,0.0,-10.08,-18.39,276.6,143.5,40280.3
2042-03-09,0.0,-5.75,-22.31,439.0,102.0,40487.1
2042-03-10,21.56,-8.97,-23.68,320.7,90.3,40694.3
2042-03-11,4.77,-6.52,-15.12,223.9,188.8,40901.8
2042-03-12,0.0,-5.51,-14.36,310.1,201.0,41109.7
2042-03-13,0.0,-0.66,-25.41,519.2,77.2,41317.8
2042-03-14,2.81,-1.47,-11.44,255.6,254.9,41526.3
2042-03-15,4.2,-1.22,-4.64,100.6,432.8,41734.9
2042-03-16,2.15,0.88,-7.43,228.9,349.7,41943.8
2042-03-17,0.0,3.28,-13.5,488.0,215.7,42152.9
2042-03-18,0.0,6.15,-7.89,447.6,337.4,42362.1
2042-03-19,5.5,7.5,-3.77,295.6,462.1,42571.4
2042-03-20,0.0,-6.23,-16.06,372.0,174.6,42780.8
2042-03-21,0.0,-5.64,-22.96,519.3,96.3,42990.3
2042-03-22,0.0,1.14,-17.73,537.2,151.6,43199.8
2042-03-23,1.81,6.22,-8.27,479.7,327.5,43409.3
2042-03-24,0.0,-4.06,-9.45,226.7,298.6,43618.7
2042-03-25,2.75,1.95,-14.83,398.3,193.4,43828.1
2042-03-26,2.28,17.78,-5.75,428.2,397.9,44037.5
2042-03-27,0.0,4.18,-0.86,215.9,573.5,44246.7
2042-03-28,1.2,6.93,-5.27,449.9,412.8,44455.7
2042-03-29,0.0,13.99,-0.86,493.9,573.8,44664.6
2042-03-30,0.0,17.02,-2.74,557.7,499.2,44873.3
2042-03-31,0.0,10.15,2.31,316.9,721.4,45081.7
2042-04-01,2.12,19.21,-2.7,579.3,496.6,45289.9
2042-04-02,0.0,11.05,3.17,324.4,766.5,45497.8
2042-04-03,0.0,6.24,-1.46,334.8,548.7,45705.3
2042-04-04,0.0,5.62,-3.6,395.3,468.2,45912.5
2042-04-05,0.0,3.22,-8.73,482.0,316.1,46119.2
2042-04-06,3.32,8.88,-10.49,446.8,275.0,46325.6
2042-04-07,10.94,0.37,-2.13,97.2,522.2,46531.4
2042-04-08,6.65,0.13,-2.68,109.6,501.3,46736.8
2042-04-09,5.23,1.97,-2.16,155.8,521.4,46941.7
2042-04-10,5.86,1.49,-2.77,163.4,497.9,47145.9
2042-04-11,9.37,4.32,-3.55,284.0,470.1,47349.6
2042-04-12,12.06,3.68,-0.36,164.2,594.8,47552.6
2042-04-13,2.76,7.02,-0.41,284.8,592.6,47754.9
2042-04-14,0.0,6.35,0.3,316.6,624.3,47956.4
2042-04-15,0.0,11.19,-3.07,574.7,487.0,48157.2
2042-04-16,0.0,13.4,-4.34,621.2,442.9,48357.2
2042-04-17,0.0,13.45,-2.25,597.6,517.9,48556.4
2042-04-18,0.0,12.34,-3.91,607.5,457.4,48754.6
2042-04-19,0.0,15.76,-5.31,646.7,405.0,48951.8
2042-04-20,0.0,16.82,-2.75,636.1,475.2,49148.1
2042-04-21,11.67,10.55,4.15,243.6,821.8,49343.3
2042-04-22,0.0,9.71,3.02,346.3,758.6,49537.4
2042-04-23,0.0,9.3,-5.06,589.5,419.3,49730.4
2042-04-24,1.79,14.55,-0.14,589.5,591.8,49922.1
2042-04-25,0.92,17.64,4.41,560.6,811.0,50112.6
2042-04-26,2.36,16.03,7.32,317.0,1023.6,50301.8
2042-04-27,0.0,17.16,7.65,452.9,1021.5,50489.6
2042-04-28,0.0,23.51,3.27,646.6,588.0,50675.9
2042-04-29,0.0,22.04,6.63,597.3,763.2,50860.8
2042-04-30,0.0,19.73,5.36,579.7,724.5,51044.1
2042-05-01,4.06,23.54,2.67,485.2,640.5,51225.8
2042-05-02,1.48,8.52,1.87,347.2,699.0,51405.8
2042-05-03,0.0,2.73,-3.38,329.8,476.0,51584.1
2042-05-04,0.0,6.37,-4.4,515.6,429.8,51760.6
2042-05-05,0.57,5.72,-2.79,438.4,497.4,51935.1
2042-05-06,1.11,14.4,-0.24,607.6,496.3,52107.8
2042-05-07,0.0,16.17,4.23,536.1,705.7,52278.4
2042-05-08,0.0,10.91,3.12,391.7,764.2,52446.9
2042-05-09,0.0,17.86,-4.39,670.5,333.5,52613.2
2042-05-10,0.9,17.82,-1.43,642.8,422.7,52777.3
2042-05-11,0.0,16.21,2.13,557.8,597.2,52939.1
2042-05-12,0.0,17.37,-0.87,622.2,450.5,53098.5
2042-05-13,0.0,21.21,-2.65,665.1,364.9,53255.4
2042-05-14,0.0,24.46,-1.17,667.4,390.6,53409.7
2042-05-15,0.0,27.12,2.58,653.5,501.9,53561.4
2042-05-16,0.0,26.34,5.64,615.7,649.2,53710.5
2042-05-17,0.0,23.34,11.12,448.6,1140.3,53856.7
2042-05-18,5.32,29.02,11.48,412.4,1175.4,54000.0
2042-05-19,7.14,11.36,7.86,118.3,1061.9,54140.4
2042-05-20,15.0,8.62,6.21,92.7,948.3,54277.8
2042-05-21,11.61,8.7,3.7,170.0,795.7,54412.0
2042-05-22,6.78,12.96,5.71,235.1,916.3,54543.1
2042-05-23,11.91,13.0,7.92,171.1,1066.2,54670.8
2042-05-24,3.33,19.99,8.49,340.9,1108.9,54795.2
2042-05-25,0.0,24.55,4.62,608.7,718.4,54916.2
2042-05-26,0.0,22.78,2.46,611.5,624.6,55033.6
2042-05-27,9.38,27.11,5.6,452.3,854.5,55147.4
2042-05-28,1.2,20.32,10.2,392.0,1244.3,55257.6
2042-05-29,0.0,23.36,4.47,584.7,734.3,55364.0
2042-05-30,1.26,20.31,5.56,516.6,848.8,55466.5
2042-05-31,0.0,16.6,7.36,373.6,1026.2,55565.2
2042-06-01,8.3,13.1,3.2,299.5,768.4,55659.8
2042-06-02,0.0,11.81,1.54,410.5,682.7,55750.4
2042-06-03,0.0,15.08,1.18,503.4,663.0,55836.9
2042-06-04,0.0,17.97,6.04,442.5,937.0,55919.2
2042-06-05,0.0,18.42,8.26,388.8,1091.7,55997.2
2042-06-06,0.0,17.58,-0.77,574.7,529.4,56070.9
2042-06-07,9.71,24.25,-0.89,463.8,548.2,56140.2
2042-06-08,7.9,21.34,8.97,326.0,1145.5,56205.1
2042-06-09,0.0,15.58,6.4,356.3,961.0,56265.6
2042-06-10,0.0,24.31,4.44,574.2,710.4,56321.4
2042-06-11,0.0,17.24,7.88,358.3,1063.7,56372.7
2042-06-12,0.95,19.67,-0.77,590.4,503.9,56419.4
2042-06-13,2.33,12.72,5.4,228.9,896.8,56461.3
2042-06-14,0.0,21.24,7.36,447.2,973.2,56498.6
2042-06-15,0.0,23.18,8.52,461.3,1023.3,56531.2
2042-06-16,15.04,24.11,6.56,372.3,965.9,56558.9
2042-06-17,0.0,13.22,7.04,246.1,1004.1,56581.9
2042-06-18,0.0,16.64,7.26,346.6,1019.6,56600.1
2042-06-19,0.0,17.69,2.56,473.8,710.5,56613.4
2042-06-20,0.0,19.36,0.15,520.1,573.3,56621.9
2042-06-21,0.0,24.66,1.24,541.6,587.6,56625.6
2042-06-22,0.0,26.67,6.1,509.3,831.5,56624.3
2042-06-23,3.65,26.48,11.02,322.8,1313.9,56618.3
2042-06-24,43.58,24.65,10.11,315.8,1236.2,56607.4
2042-06-25,1.58,14.26,6.59,270.0,973.5,56591.7
2042-06-26,0.0,18.37,5.42,415.1,898.0,56571.1
2042-06-27,8.93,19.47,1.31,373.8,671.4,56545.8
2042-06-28,2.5,24.09,8.42,338.7,1103.5,56515.6
2042-06-29,3.31,21.98,8.75,307.6,1128.3,56480.7
2042-06-30,1.27,18.65,8.08,351.7,1078.0,56441.1
2042-07-01,0.0,23.4,7.55,453.8,1039.8,56396.8
2042-07-02,0.0,22.32,7.28,439.5,1020.7,56347.9
2042-07-03,10.76,22.5,4.75,360.4,856.7,56294.3
2042-07-04,10.45,18.81,6.69,286.5,980.3,56236.2
2042-07-05,0.0,20.19,9.5,342.1,1186.5,56173.5
2042-07-06,8.23,20.33,6.36,316.5,958.0,56106.4
2042-07-07,0.0,20.46,10.67,326.8,1283.4,56034.9
2042-07-08,0.0,26.52,11.94,423.6,1396.5,55959.1
2042-07-09,0.0,20.4,9.94,343.5,1222.1,55878.9
2042-07-10,0.0,18.2,6.67,381.4,978.8,55794.5
2042-07-11,0.0,18.5,8.59,336.2,1116.3,55706.0
2042-07-12,0.0,19.33,9.22,345.9,1164.4,55613.4
2042-07-13,5.44,21.46,10.98,261.5,1310.1,55516.8
2042-07-14,26.24,14.5,12.35,70.7,1434.9,55416.2
2042-07-15,5.86,17.01,11.5,156.1,1356.6,55311.7
2042-07-16,0.0,26.17,7.73,495.4,1052.5,55203.4
2042-07-17,17.26,27.65,8.46,370.0,1106.6,55091.5
2042-07-18,0.0,25.47,13.1,385.6,1506.8,54975.8
2042-07-19,0.0,23.84,11.99,379.7,1401.2,54856.7
2042-07-20,7.17,27.22,11.95,330.6,1397.4,54734.0
2042-07-21,0.0,19.75,13.17,243.5,1513.6,54607.9
2042-07-22,0.0,24.24,5.35,505.2,893.5,54478.5
2042-07-23,0.0,22.83,9.89,420.2,1218.5,54345.9
2042-07-24,0.0,28.17,6.78,513.0,986.7,54210.1
2042-07-25,0.0,31.01,16.93,405.1,1927.6,54071.2
2042-07-26,6.05,23.89,17.5,167.9,1999.1,53929.4
2042-07-27,0.0,24.56,10.12,439.4,1237.5,53784.6
2042-07-28,0.0,20.95,11.18,344.7,1328.0,53637.0
2042-07-29,0.0,21.54,12.61,320.0,1459.6,53486.6
2042-07-30,5.1,17.42,12.72,138.3,1469.4,53333.6
2042-07-31,23.77,13.7,10.38,106.3,1258.7,53177.9
2042-08-01,11.82,18.08,10.61,221.4,1278.3,53019.8
2042-08-02,7.96,22.75,13.4,261.4,1537.0,52859.2
2042-08-03,4.89,21.92,13.86,234.4,1583.5,52696.3
2042-08-04,0.0,24.21,13.49,382.8,1545.8,52531.0
2042-08-05,0.0,25.33,9.48,471.4,1185.3,52363.6
2042-08-06,7.61,26.11,11.83,332.0,1386.4,52194.1
2042-08-07,13.53,22.5,13.55,251.5,1552.0,52022.5
2042-08-08,8.75,23.47,14.79,243.2,1682.0,51848.9
2042-08-09,8.68,23.28,15.55,221.9,1765.8,51673.3
2042-08-10,3.75,25.75,11.15,335.2,1325.5,51496.0
2042-08-11,6.54,22.35,13.24,253.4,1520.4,51316.8
2042-08-12,0.0,20.0,6.07,449.5,939.5,51136.0
2042-08-13,0.0,22.05,4.45,482.2,839.2,50953.4
2042-08-14,0.0,25.57,7.3,473.9,1022.4,50769.4
2042-08-15,25.27,25.61,9.96,332.0,1224.1,50583.7
2042-08-16,4.99,21.21,13.23,216.9,1520.0,50396.6
2042-08-17,2.18,25.24,15.76,242.2,1789.3,50208.2
2042-08-18,8.47,22.38,14.27,219.3,1625.6,50018.3
2042-08-19,0.0,20.41,13.44,264.0,1540.5,49827.2
2042-08-20,0.0,23.13,9.49,420.0,1186.1,49634.9
2042-08-21,13.4,26.0,9.23,339.3,1165.8,49441.3
2042-08-22,0.0,19.27,10.64,316.0,1281.3,49246.7
2042-08-23,28.26,18.28,3.63,335.6,792.2,49050.9
2042-08-24,19.02,11.62,6.18,170.0,946.2,48854.2
2042-08-25,1.6,14.71,8.79,239.8,1131.5,48656.4
2042-08-26,2.51,20.82,5.66,333.9,913.1,48457.8
2042-08-27,1.83,16.78,8.18,323.6,1085.3,48258.2
2042-08-28,0.0,13.02,5.57,293.7,907.4,48057.8
2042-08-29,0.0,14.13,0.09,434.6,614.6,47856.6
2042-08-30,0.0,16.06,1.22,434.4,667.2,47654.7
2042-08-31,0.0,17.86,2.81,428.1,747.6,47452.0
2042-09-01,0.0,23.68,2.52,462.0,732.3,47248.7
2042-09-02,0.89,14.86,7.01,270.9,1001.8,47044.8
2042-09-03,0.0,18.3,4.13,401.2,820.2,46840.2
2042-09-04,0.0,19.44,3.14,423.2,764.9,46635.1
2042-09-05,5.0,16.0,5.71,246.6,916.4,46429.5
2042-09-06,0.1,20.62,10.27,317.7,1249.8,46223.4
2042-09-07,2.97,14.44,6.87,191.0,992.3,46016.8
2042-09-08,0.0,13.19,2.24,339.5,717.9,45809.8
2042-09-09,0.0,17.09,1.71,403.3,690.9,45602.5
2042-09-10,7.31,14.38,0.78,283.9,646.2,45394.8
2042-09-11,27.39,15.17,5.96,216.7,931.9,45186.7
2042-09-12,19.32,22.16,10.95,241.1,1307.9,44978.4
2042-09-13,5.5,18.17,8.85,217.8,1135.7,44769.9
2042-09-14,0.0,10.49,2.4,272.5,725.7,44561.1
2042-09-15,0.0,12.48,0.5,352.9,633.1,44352.1
2042-09-16,0.0,12.5,0.03,356.7,612.2,44143.0
2042-09-17,0.0,13.26,1.77,334.0,694.0,43933.7
2042-09-18,0.0,17.11,-1.22,403.1,558.6,43724.4
2042-09-19,0.0,16.18,3.49,339.6,784.0,43514.9
2042-09-20,0.0,11.98,-1.29,353.0,555.6,43305.4
2042-09-21,0.0,15.5,-2.35,390.3,513.9,43095.9
2042-09-22,2.96,13.04,-1.91,272.4,530.9,42886.4
2042-09-23,18.95,6.25,1.7,108.2,690.2,42677.0
2042-09-24,11.47,9.8,4.07,130.8,816.9,42467.6
2042-09-25,0.0,13.68,6.29,217.1,953.7,42258.4
2042-09-26,0.0,14.79,3.55,296.9,787.5,42049.2
2042-09-27,0.0,13.73,0.53,324.0,634.4,41840.3
2042-09-28,0.0,16.15,-2.26,367.6,517.5,41631.5
2042-09-29,17.68,17.91,1.68,258.3,689.5,41422.9
2042-09-30,7.3,17.05,7.54,184.8,1039.4,41214.6
2042-10-01,0.0,15.49,9.67,164.8,1200.3,41006.6
2042-10-02,0.0,14.79,0.93,318.5,653.2,40798.9
2042-10-03,4.44,15.92,2.37,232.9,724.4,40591.5
2042-10-04,2.18,13.63,4.66,178.5,851.3,40384.6
2042-10-05,0.0,7.83,0.37,208.5,627.4,40178.0
2042-10-06,8.1,2.12,-3.56,125.3,469.6,39971.9
2042-10-07,0.0,6.64,-1.27,217.2,556.4,39766.2
2042-10-08,4.7,13.81,-0.69,232.8,580.6,39561.1
2042-10-09,2.14,6.81,1.53,113.0,682.0,39356.6
2042-10-10,0.0,5.2,-4.89,258.8,424.7,39152.6
2042-10-11,0.0,10.13,-8.01,329.2,334.2,38949.3
2042-10-12,0.0,14.79,-3.97,322.8,455.4,38746.6
2042-10-13,3.04,12.04,3.15,161.6,765.4,38544.7
2042-10-14,8.96,13.94,8.43,103.8,1104.2,38343.5
2042-10-15,1.77,10.65,3.83,171.6,803.4,38143.1
2042-10-16,0.0,5.69,-2.75,209.0,499.0,37943.5
2042-10-17,0.0,5.73,-5.19,248.1,415.3,37744.9
2042-10-18,0.0,6.56,-3.02,227.4,488.8,37547.1
2042-10-19,0.0,14.51,-1.04,282.4,566.2,37350.4
2042-10-20,0.0,10.6,2.1,200.5,710.4,37154.6
2042-10-21,4.91,9.33,0.83,152.4,648.4,36959.9
2042-10-22,3.26,9.09,1.76,136.2,693.4,36766.4
2042-10-23,2.02,8.69,0.24,198.9,621.2,36574.0
2042-10-24,0.0,1.21,-3.08,112.2,486.8,36382.9
2042-10-25,0.0,11.24,-6.65,277.1,371.4,36193.1
2042-10-26,0.0,6.38,-2.94,204.3,491.7,36004.6
2042-10-27,8.67,3.91,-2.98,122.2,490.5,35817.5
2042-10-28,0.0,7.28,1.74,135.0,692.5,35631.9
2042-10-29,9.99,11.82,2.98,146.0,756.3,35447.8
2042-10-30,0.0,5.28,0.08,129.0,614.5,35265.2
2042-10-31,0.0,3.39,-7.35,220.1,351.9,35084.4
2042-11-01,3.53,8.26,-3.86,171.2,459.0,34905.2
2042-11-02,0.0,1.44,-2.75,104.7,499.0,34727.8
2042-11-03,1.18,1.44,-8.8,233.0,314.4,34552.3
2042-11-04,1.63,4.52,-6.38,234.9,379.1,34378.7
2042-11-05,0.0,-0.06,-11.19,234.8,260.1,34207.0
2042-11-06,2.04,1.13,-11.06,240.5,262.8,34037.5
2042-11-07,0.0,7.4,-4.32,229.9,443.5,33870.0
2042-11-08,8.71,6.4,-3.09,150.5,486.5,33704.8
2042-11-09,5.19,9.88,0.31,132.1,624.5,33541.9
2042-11-10,0.0,0.69,-3.69,97.7,464.9,33381.3
2042-11-11,0.0,-0.78,-10.22,183.1,281.0,33223.1
2042-11-12,1.54,-0.14,-6.74,156.4,368.8,33067.5
2042-11-13,0.0,-0.01,-10.08,204.6,284.2,32914.4
2042-11-14,0.0,-3.37,-16.73,228.2,165.0,32764.0
2042-11-15,4.24,-0.11,-10.77,153.0,268.9,32616.4
2042-11-16,3.05,1.43,-4.34,97.6,442.8,32471.6
2042-11-17,0.0,3.07,-2.87,131.6,494.6,32329.7
2042-11-18,0.0,-1.61,-7.56,135.2,346.3,32190.8
2042-11-19,0.0,-8.06,-15.83,166.6,178.0,32055.0
2042-11-20,1.14,-8.6,-19.14,196.6,134.5,31922.3
2042-11-21,41.15,-4.27,-15.61,154.1,181.2,31792.9
2042-11-22,0.0,-5.58,-11.54,133.2,252.9,31666.8
2042-11-23,0.0,0.07,-22.11,229.9,103.8,31544.1
2042-11-24,0.0,5.16,-13.32,221.4,218.9,31424.9
2042-11-25,0.0,-0.83,-7.79,139.1,340.1,31309.3
2042-11-26,15.57,2.4,-11.99,156.4,243.8,31197.3
2042-11-27,0.0,1.45,-6.32,145.9,380.9,31089.0
2042-11-28,2.25,2.36,-9.13,138.6,306.1,30984.5
2042-11-29,0.0,2.91,-4.05,129.1,452.5,30883.9
2042-11-30,0.0,-7.75,-11.93,85.2,245.1,30787.2
2042-12-01,0.0,-4.22,-14.53,173.2,198.3,30694.6
2042-12-02,7.61,-3.31,-21.13,156.5,113.2,30606.0
2042-12-03,21.01,3.36,-14.79,155.7,194.1,30521.6
2042-12-04,0.0,1.81,-5.33,125.9,410.9,30441.4
2042-12-05,0.0,-1.48,-4.95,67.5,423.0,30365.6
2042-12-06,1.2,-1.77,-15.67,190.4,180.3,30294.0
2042-12-07,1.61,-7.59,-19.41,178.0,131.5,30226.9
2042-12-08,0.0,-17.07,-22.51,103.4,100.2,30164.2
2042-12-09,12.37,-13.09,-29.48,150.1,52.9,30106.1
2042-12-10,0.0,-3.47,-20.91,197.4,115.4,30052.5
2042-12-11,0.0,-6.46,-14.98,139.0,191.0,30003.5
2042-12-12,0.0,-3.15,-16.02,175.2,175.2,29959.2
2042-12-13,0.0,-9.87,-19.34,147.8,132.2,29919.5
2042-12-14,0.0,-4.81,-19.17,182.9,134.1,29884.6
2042-12-15,0.0,-2.57,-11.96,144.7,244.5,29854.4
2042-12-16,0.0,-9.05,-24.03,184.3,87.5,29829.0
2042-12-17,0.0,-6.11,-27.82,198.9,61.8,29808.5
2042-12-18,1.41,-0.95,-17.44,183.7,155.4,29792.7
2042-12-19,6.53,-1.39,-5.92,53.6,392.9,29781.8
2042-12-20,0.0,-2.7,-10.25,114.3,280.3,29775.7
2042-12-21,0.0,-7.75,-21.36,171.7,110.9,29774.4
2042-12-22,0.0,-1.5,-20.1,189.5,123.8,29778.1
2042-12-23,0.0,1.58,-11.76,166.8,248.4,29786.5
2042-12-24,0.0,-2.15,-12.05,142.0,242.7,29799.8
2042-12-25,7.99,0.66,-19.53,147.3,130.1,29818.0
2042-12-26,0.0,-0.18,-8.26,120.6,327.9,29840.9
2042-12-27,0.0,-7.32,-17.28,143.5,157.6,29868.6
2042-12-28,0.0,-3.33,-24.93,199.4,80.7,29901.2
2042-12-29,0.0,1.16,-15.57,184.4,181.9,29938.4
2042-12-30,0.0,-0.91,-7.95,102.9,336.0,29980.4
2042-12-31,0.0,-7.75,-13.98,95.0,207.5,30027.0
2043-01-01,0.0,-7.37,-24.95,183.1,80.5,30078.5
2043-01-02,6.52,-2.58,-19.6,137.3,129.2,30134.3
2043-01-03,4.94,-6.44,-11.96,61.7,244.5,30194.7
2043-01-04,0.0,-3.74,-14.3,142.8,202.0,30259.6
2043-01-05,0.0,-5.49,-16.44,148.1,169.1,30328.9
2043-01-06,1.94,-3.43,-16.34,165.3,170.6,30402.6
2043-01-07,3.58,-2.45,-9.3,77.0,302.2,30480.7
2043-01-08,0.0,-4.95,-8.56,58.3,320.2,30562.9
2043-01-09,0.0,-6.35,-17.34,154.5,156.8,30649.4
2043-01-10,1.35,-8.12,-24.55,194.7,83.5,30740.0
2043-01-11,17.5,-5.45,-15.81,114.7,178.3,30834.6
2043-01-12,0.0,-4.59,-9.46,79.9,298.4,30933.3
2043-01-13,0.0,-5.34,-10.31,82.6,279.0,31035.8
2043-01-14,0.0,-3.36,-15.48,174.7,183.2,31142.2
2043-01-15,0.0,-1.39,-12.56,166.6,232.9,31252.3
2043-01-16,0.0,-8.73,-18.55,154.9,141.4,31366.2
2043-01-17,0.0,-13.82,-25.67,179.9,75.5,31483.6
2043-01-18,4.78,-12.13,-28.5,162.2,58.0,31604.5
2043-01-19,0.0,-8.83,-23.77,208.7,89.6,31728.9
2043-01-20,0.0,-13.76,-28.41,210.1,58.5,31856.7
2043-01-21,0.0,-10.08,-26.21,221.6,71.8,31987.7
2043-01-22,13.17,-6.61,-21.44,163.9,110.1,32121.9
2043-01-23,7.39,-2.52,-13.3,136.9,219.4,32259.3
2043-01-24,0.0,-12.91,-22.87,177.0,97.1,32399.7
2043-01-25,0.0,-16.94,-28.74,201.9,56.7,32543.0
2043-01-26,0.0,-14.66,-34.4,256.6,32.8,32689.2
2043-01-27,0.0,-10.7,-33.29,267.1,36.7,32838.2
2043-01-28,0.0,-7.83,-29.3,267.7,53.8,32989.9
2043-01-29,0.0,-5.55,-21.77,248.9,107.0,33144.3
2043-01-30,0.0,-8.89,-26.43,260.7,70.4,33301.2
2043-01-31,2.73,-9.07,-22.81,179.6,97.6,33460.6
2043-02-01,0.0,-6.54,-16.32,196.6,170.8,33622.3
2043-02-02,0.0,-4.22,-22.59,275.0,99.6,33786.4
2043-02-03,0.0,-2.5,-23.58,287.1,91.1,33952.8
2043-02-04,0.0,-4.78,-18.02,240.5,148.1,34121.3
2043-02-05,0.0,-12.03,-20.85,185.1,116.0,34291.9
2043-02-06,0.0,-8.49,-27.28,289.3,65.0,34464.5
2043-02-07,2.16,-5.4,-26.21,224.9,71.8,34639.0
2043-02-08,0.91,-3.49,-17.0,247.7,161.4,34815.5
2043-02-09,0.0,-11.65,-18.05,141.8,147.6,34993.8
2043-02-10,0.0,-9.97,-18.82,191.5,138.2,35173.8
2043-02-11,0.0,-15.81,-23.45,171.1,92.2,35355.5
2043-02-12,0.0,-10.66,-24.39,266.4,84.8,35538.8
2043-02-13,0.0,-15.59,-23.17,172.9,94.5,35723.7
2043-02-14,0.0,-17.55,-27.77,225.7,62.2,35910.0
2043-02-15,0.0,-13.47,-25.25,252.4,78.4,36097.8
2043-02-16,0.0,-7.33,-21.74,288.6,107.2,36287.0
2043-02-17,0.0,-5.49,-16.95,253.2,162.1,36477.5
2043-02-18,0.0,-6.55,-17.98,257.9,148.5,36669.2
2043-02-19,0.0,-7.85,-19.79,270.7,127.2,36862.2
2043-02-20,0.0,-7.9,-16.31,211.8,171.0,37056.3
2043-02-21,0.0,-3.7,-16.97,300.2,161.7,37251.5
2043-02-22,0.0,-0.68,-17.06,336.5,160.6,37447.8
2043-02-23,0.0,-3.97,-19.53,331.8,130.1,37645.0
2043-02-24,0.0,-3.24,-15.72,295.0,179.7,37843.2
2043-02-25,0.0,-3.24,-9.86,182.5,289.2,38042.3
2043-02-26,0.0,-0.82,-7.07,180.7,359.4,38242.3
2043-02-27,0.0,1.48,-6.39,229.8,378.8,38443.1
2043-02-28,0.0,2.17,-10.28,328.1,279.6,38644.7
2043-03-01,2.18,-3.39,-19.21,284.2,133.7,38847.0
2043-03-02,7.52,-8.24,-11.94,96.0,244.9,39050.0
2043-03-03,0.0,-4.73,-23.43,412.1,92.3,39253.6
2043-03-04,0.0,-5.19,-27.78,432.4,62.1,39457.9
2043-03-05,0.0,-1.44,-28.1,444.3,60.2,39662.7
2043-03-06,0.0,1.62,-20.15,435.4,123.3,39868.1
2043-03-07,1.05,-1.74,-8.12,208.1,331.4,40074.0
2043-03-08,0.84,0.49,-6.8,241.8,367.1,40280.3
2043-03-09,0.0,-9.41,-14.55,188.2,198.0,40487.1
2043-03-10,0.0,-11.7,-23.58,374.6,91.2,40694.3
2043-03-11,0.0,-4.81,-25.6,461.4,75.9,40901.8
2043-03-12,0.0,0.68,-25.27,477.5,78.2,41109.7
2043-03-13,0.0,1.19,-17.44,448.0,155.5,41317.8
2043-03-14,0.0,1.82,-13.09,411.3,223.0,41526.3
2043-03-15,3.43,-1.12,-13.92,285.9,208.4,41734.9
2043-03-16,9.62,-3.93,-10.18,164.5,281.8,41943.8
2043-03-17,2.65,-2.06,-6.6,125.5,372.7,42152.9
2043-03-18,0.0,0.23,-5.36,207.0,410.0,42362.1
2043-03-19,4.73,1.76,-4.04,163.4,453.0,42571.4
2043-03-20,0.0,5.47,-1.8,268.9,535.4,42780.8
2043-03-21,0.0,6.96,-0.25,270.4,599.7,42990.3
2043-03-22,0.0,11.23,0.8,361.8,635.0,43199.8
2043-03-23,0.0,14.19,-1.74,464.5,467.0,43409.3
2043-03-24,0.0,16.25,-4.95,511.1,344.8,43618.7
2043-03-25,0.0,18.17,-4.56,520.1,338.6,43828.1
2043-03-26,2.94,8.71,-1.05,262.5,565.7,44037.5
2043-03-27,0.0,8.68,0.44,305.3,630.3,44246.7
2043-03-28,0.0,9.75,0.53,334.5,622.8,44455.7
2043-03-29,0.0,11.68,-3.11,460.4,413.0,44664.6
2043-03-30,2.35,15.48,-3.25,379.5,431.3,44873.3
2043-03-31,16.15,10.27,2.8,210.0,747.0,45081.7
2043-04-01,13.06,7.61,2.37,153.3,724.4,45289.9
2043-04-02,0.0,4.18,-1.51,231.3,546.9,45497.8
2043-04-03,0.0,7.1,-2.84,384.0,495.4,45705.3
2043-04-04,0.0,14.18,-1.49,505.4,465.4,45912.5
2043-04-05,1.56,10.28,-1.63,450.8,502.7,46119.2
2043-04-06,8.98,8.85,1.52,235.9,681.6,46325.6
2043-04-07,11.94,4.53,0.9,127.8,651.9,46531.4
2043-04-08,2.61,2.35,-0.85,116.0,574.1,46736.8
2043-04-09,0.0,6.85,-0.83,341.1,574.9,46941.7
2043-04-10,0.0,15.83,-3.95,563.8,386.6,47145.9
2043-04-11,0.0,16.89,-1.71,559.3,448.1,47349.6
2043-04-12,0.0,10.67,-1.12,479.5,500.0,47552.6
2043-04-13,0.0,9.93,-2.27,493.7,457.1,47754.9
2043-04-14,0.0,14.54,-7.08,587.8,278.7,47956.4
2043-04-15,0.0,17.77,-4.35,587.0,326.8,48157.2
2043-04-16,0.0,17.5,-2.32,573.0,384.3,48357.2
2043-04-17,0.38,16.03,2.93,481.0,621.8,48556.4
2043-04-18,0.0,18.77,7.77,420.3,900.3,48754.6
2043-04-19,0.0,21.82,6.82,502.0,728.5,48951.8
2043-04-20,0.0,24.72,-1.65,594.4,347.9,49148.1
2043-04-21,2.64,27.32,6.26,414.0,751.9,49343.3
2043-04-22,0.0,14.09,0.28,476.6,520.6,49537.4
2043-04-23,5.19,17.13,-3.02,424.7,399.2,49730.4
2043-04-24,0.0,9.02,0.78,336.8,617.4,49922.1
2043-04-25,0.0,12.69,-5.44,558.6,293.6,50112.6
2043-04-26,0.0,9.71,-6.28,529.4,297.6,50301.8
2043-04-27,0.0,12.03,-6.13,556.1,281.4,50489.6
2043-04-28,0.0,9.05,-2.35,428.4,444.4,50675.9
2043-04-29,7.21,2.61,-1.47,135.6,548.3,50860.8
2043-04-30,2.85,5.82,-1.41,227.2,551.0,51044.1
2043-05-01,0.0,4.64,-1.39,258.0,551.5,51225.8
2043-05-02,0.0,8.27,-5.67,499.7,336.1,51405.8
2043-05-03,0.0,9.84,-5.84,530.4,314.0,51584.1
2043-05-04,0.0,15.43,-5.39,590.3,279.0,51760.6
2043-05-05,0.0,20.32,-3.25,604.0,297.4,51935.1
2043-05-06,7.67,14.21,3.13,302.5,733.5,52107.8
2043-05-07,0.0,11.83,5.55,243.0,906.3,52278.4
2043-05-08,0.0,16.92,-3.1,568.1,344.4,52446.9
2043-05-09,0.0,15.01,-1.07,508.3,431.9,52613.2
2043-05-10,0.0,16.08,4.91,393.9,737.6,52777.3
2043-05-11,4.7,15.14,-2.02,396.8,458.0,52939.1
2043-05-12,3.56,15.3,5.1,272.8,878.3,53098.5
2043-05-13,0.0,18.08,-2.25,568.4,367.5,53255.4
2043-05-14,0.0,24.73,5.23,550.0,586.6,53409.7
2043-05-15,6.41,15.76,5.73,270.3,917.2,53561.4
2043-05-16,0.0,14.76,0.66,478.2,532.3,53710.5
2043-05-17,0.0,17.02,2.95,473.4,612.4,53856.7
2043-05-18,0.0,11.81,1.86,368.3,665.3,54000.0
2043-05-19,0.0,13.62,-2.81,471.8,422.6,54140.4
2043-05-20,0.0,21.11,-2.9,540.8,358.0,54277.8
2043-05-21,0.0,24.7,2.33,526.5,508.0,54412.0
2043-05-22,4.65,18.94,9.39,233.8,1177.8,54543.1
2043-05-23,0.0,15.74,2.66,415.4,654.4,54670.8
2043-05-24,0.0,12.69,4.6,282.4,848.0,54795.2
2043-05-25,0.0,22.47,-0.59,538.2,424.1,54916.2
2043-05-26,0.0,24.34,3.81,514.9,582.1,55033.6
2043-05-27,0.0,23.99,6.72,477.0,745.6,55147.4
2043-05-28,0.0,22.71,10.63,376.6,1105.1,55257.6
2043-05-29,2.39,22.37,6.59,334.5,892.1,55364.0
2043-05-30,17.46,17.77,11.77,150.1,1380.6,55466.5
2043-05-31,6.3,26.48,12.79,291.8,1445.9,55565.2
2043-06-01,0.0,25.22,12.29,381.5,1265.2,55659.8
2043-06-02,0.0,25.47,6.86,484.6,783.7,55750.4
2043-06-03,6.08,23.01,13.45,225.1,1541.4,55836.9
2043-06-04,3.19,16.06,8.76,190.2,1129.1,55919.2
2043-06-05,11.77,20.52,9.87,259.9,1216.3,55997.2
2043-06-06,0.0,16.5,6.35,339.4,957.3,56070.9
2043-06-07,1.71,17.37,1.34,473.4,609.4,56140.2
2043-06-08,11.8,21.76,5.59,348.0,896.9,56205.1
2043-06-09,11.21,15.43,8.66,179.9,1121.4,56265.6
2043-06-10,0.0,18.27,7.05,373.9,1004.9,56321.4
2043-06-11,3.06,21.15,6.59,330.2,973.3,56372.7
2043-06-12,3.49,15.82,8.67,195.1,1121.8,56419.4
2043-06-13,0.0,21.61,8.01,432.6,1031.7,56461.3
2043-06-14,6.58,23.2,7.35,348.8,1025.8,56498.6
2043-06-15,0.0,22.68,12.4,345.7,1439.2,56531.2
2043-06-16,0.0,21.17,8.18,420.5,1038.9,56558.9
2043-06-17,0.0,20.3,4.66,471.5,788.8,56581.9
2043-06-18,0.0,22.46,5.28,491.2,789.3,56600.1
2043-06-19,4.4,24.55,10.47,325.4,1266.5,56613.4
2043-06-20,0.0,20.34,8.63,400.5,1092.0,56621.9
2043-06-21,0.0,25.26,2.66,541.9,624.9,56625.6
2043-06-22,0.0,26.91,8.24,501.0,938.7,56624.3
2043-06-23,0.0,22.88,12.58,342.4,1456.6,56618.3
2043-06-24,0.0,23.38,11.26,396.8,1282.8,56607.4
2043-06-25,2.71,20.65,7.53,322.2,1038.1,56591.7
2043-06-26,16.31,21.95,11.19,279.2,1329.1,56571.1
2043-06-27,40.97,17.31,12.35,145.2,1434.6,56545.8
2043-06-28,6.05,20.08,12.37,219.7,1436.0,56515.6
2043-06-29,5.24,23.59,10.64,319.4,1280.5,56480.7
2043-06-30,4.45,24.82,13.87,281.4,1583.9,56441.1
2043-07-01,0.0,19.37,9.63,359.1,1197.2,56396.8
2043-07-02,0.0,23.17,6.08,502.1,899.4,56347.9
2043-07-03,7.26,21.01,7.41,336.0,1029.6,56294.3
2043-07-04,12.26,17.7,12.3,159.1,1429.5,56236.2
2043-07-05,0.0,23.72,11.99,399.0,1401.2,56173.5
2043-07-06,0.0,28.96,9.42,507.5,1107.2,56106.4
2043-07-07,0.0,30.44,13.58,469.7,1458.9,56034.9
2043-07-08,0.0,29.98,14.42,450.9,1559.2,55959.1
2043-07-09,0.0,30.15,16.08,417.8,1778.0,55878.9
2043-07-10,0.0,31.36,16.06,434.3,1746.4,55794.5
2043-07-11,0.0,30.19,17.64,381.8,2016.1,55706.0
2043-07-12,0.0,29.65,19.18,329.5,2220.8,55613.4
2043-07-13,7.01,30.4,20.78,228.1,2452.2,55516.8
2043-07-14,6.71,26.81,20.58,161.0,2422.0,55416.2
2043-07-15,0.0,20.86,15.39,204.9,1747.4,55311.7
2043-07-16,0.0,22.43,5.46,491.4,889.0,55203.4
2043-07-17,0.0,25.5,7.05,500.0,969.8,55091.5
2043-07-18,0.0,25.44,12.79,406.6,1476.6,54975.8
2043-07-19,0.0,23.16,8.43,454.1,1103.8,54856.7
2043-07-20,0.78,21.68,5.59,477.0,908.5,54734.0
2043-07-21,0.0,17.92,11.66,242.7,1370.3,54607.9
2043-07-22,0.0,22.98,13.87,332.6,1584.0,54478.5
2043-07-23,34.07,21.74,14.47,207.4,1647.1,54345.9
2043-07-24,18.51,28.42,16.51,292.0,1877.3,54210.1
2043-07-25,0.0,26.75,15.13,389.6,1718.6,54071.2
2043-07-26,6.7,20.79,10.7,276.4,1286.5,53929.4
2043-07-27,3.99,18.68,7.76,293.7,1054.9,53784.6
2043-07-28,0.0,18.33,5.4,434.8,896.6,53637.0
2043-07-29,2.04,19.76,4.78,466.6,858.5,53486.6
2043-07-30,5.88,19.25,7.41,304.0,1030.0,53333.6
2043-07-31,1.82,20.22,5.92,449.4,929.8,53177.9
2043-08-01,4.01,17.86,9.48,234.8,1185.6,53019.8
2043-08-02,0.0,23.58,5.37,493.4,894.5,52859.2
2043-08-03,15.33,17.95,9.36,234.9,1175.8,52696.3
2043-08-04,4.07,26.56,12.31,318.6,1430.6,52531.0
2043-08-05,0.0,19.45,10.05,338.3,1231.2,52363.6
2043-08-06,0.0,22.63,4.91,487.0,866.6,52194.1
2043-08-07,2.09,26.6,6.1,498.7,940.9,52022.5
2043-08-08,12.27,23.02,11.53,284.2,1358.8,51848.9
2043-08-09,0.0,23.13,11.15,390.9,1324.8,51673.3
2043-08-10,5.1,25.23,9.68,334.8,1201.7,51496.0
2043-08-11,0.0,17.86,11.31,245.0,1338.9,51316.8
2043-08-12,0.0,23.01,9.1,423.8,1155.6,51136.0
2043-08-13,0.0,26.08,7.75,468.9,1054.2,50953.4
2043-08-14,0.0,25.64,10.28,426.6,1250.4,50769.4
2043-08-15,8.69,26.89,11.79,313.2,1382.1,50583.7
2043-08-16,3.42,26.08,17.18,214.2,1958.7,50396.6
2043-08-17,0.0,30.27,16.13,389.6,1832.0,50208.2
2043-08-18,0.0,26.88,15.73,340.8,1786.8,50018.3
2043-08-19,13.02,24.2,6.86,340.2,991.7,49827.2
2043-08-20,2.89,22.49,10.62,273.2,1279.2,49634.9
2043-08-21,2.46,22.74,7.0,321.2,1001.7,49441.3
2043-08-22,15.42,22.11,8.19,296.9,1086.1,49246.7
2043-08-23,0.0,16.3,6.55,315.6,970.7,49050.9
2043-08-24,0.0,14.86,5.17,316.1,882.5,48854.2
2043-08-25,1.1,16.25,4.9,352.4,866.1,48656.4
2043-08-26,0.0,15.67,4.62,344.6,849.2,48457.8
2043-08-27,0.0,18.82,1.06,445.7,659.6,48258.2
2043-08-28,0.0,21.68,1.65,457.6,687.9,48057.8
2043-08-29,0.0,15.93,4.0,353.1,812.8,47856.6
2043-08-30,0.0,24.68,3.97,450.2,811.2,47654.7
2043-08-31,2.89,25.51,9.15,298.0,1159.4,47452.0
2043-09-01,2.36,20.01,11.08,198.9,1319.4,47248.7
2043-09-02,3.1,14.89,7.18,179.6,1013.6,47044.8
2043-09-03,0.0,13.66,2.48,329.8,730.3,46840.2
2043-09-04,0.0,17.85,-0.53,428.2,587.7,46635.1
2043-09-05,0.0,23.65,2.63,436.9,737.9,46429.5
2043-09-06,0.0,25.7,8.73,391.8,1126.6,46223.4
2043-09-07,0.0,25.37,11.51,344.0,1357.0,46016.8
2043-09-08,9.57,24.76,12.87,230.2,1484.2,45809.8
2043-09-09,21.93,15.76,11.77,92.6,1380.7,45602.5
2043-09-10,2.24,15.77,10.13,127.4,1238.4,45394.8
2043-09-11,0.0,17.63,10.94,198.7,1306.8,45186.7
2043-09-12,3.16,17.92,11.65,142.5,1369.8,44978.4
2043-09-13,27.61,13.2,10.49,70.5,1268.3,44769.9
2043-09-14,2.65,18.86,10.48,189.4,1267.1,44561.1
2043-09-15,0.0,20.76,6.42,361.8,962.5,44352.1
2043-09-16,3.85,17.48,8.22,204.7,1088.6,44143.0
2043-09-17,0.0,15.6,5.26,298.7,887.8,43933.7
2043-09-18,0.0,16.33,3.17,348.6,766.5,43724.4
2043-09-19,0.0,11.96,4.66,228.6,851.6,43514.9
2043-09-20,3.08,11.74,3.65,189.2,793.4,43305.4
2043-09-21,16.59,10.29,6.56,95.4,971.4,43095.9
2043-09-22,3.87,11.92,6.99,122.9,1001.0,42886.4
2043-09-23,2.97,17.14,6.56,226.0,971.4,42677.0
2043-09-24,0.0,13.07,3.45,286.3,781.8,42467.6
2043-09-25,0.0,10.31,0.43,292.9,630.3,42258.4
2043-09-26,3.34,11.38,-2.12,262.5,522.6,42049.2
2043-09-27,0.0,10.12,-1.51,325.6,546.8,41840.3
2043-09-28,4.43,16.68,-3.23,287.7,481.3,41631.5
2043-09-29,0.0,25.4,7.1,357.5,1008.0,41422.9
2043-09-30,15.43,17.77,12.52,121.7,1450.4,41214.6
2043-10-01,0.0,11.67,7.66,132.3,1047.4,41006.6
2043-10-02,0.0,15.97,0.48,346.2,632.2,40798.9
2043-10-03,5.55,16.77,5.07,224.8,876.0,40591.5
2043-10-04,18.84,7.95,4.45,88.0,839.3,40384.6
2043-10-05,0.0,16.31,2.95,322.6,754.6,40178.0
2043-10-06,0.0,20.88,0.43,351.6,630.2,39971.9
2043-10-07,10.09,15.03,3.81,218.6,802.4,39766.2
2043-10-08,2.6,13.5,6.67,154.6,979.1,39561.1
2043-10-09,0.0,7.62,0.06,226.0,613.4,39356.6
2043-10-10,0.0,10.22,1.39,246.8,675.0,39152.6
2043-10-11,0.0,6.4,-3.1,258.6,486.1,38949.3
2043-10-12,0.0,8.74,-7.52,322.8,347.3,38746.6
2043-10-13,0.0,8.64,-5.29,299.3,412.2,38544.7
2043-10-14,0.0,13.2,-5.54,318.8,404.3,38343.5
2043-10-15,0.0,15.63,-0.99,301.5,568.2,38143.1
2043-10-16,0.0,11.12,-3.91,290.1,457.2,37943.5
2043-10-17,0.0,16.6,0.09,289.5,614.9,37744.9
2043-10-18,1.73,14.72,5.56,205.8,906.5,37547.1
2043-10-19,0.0,13.93,2.37,238.7,724.2,37350.4
2043-10-20,3.41,14.89,2.04,186.6,707.5,37154.6
2043-10-21,4.94,10.03,2.31,128.9,721.2,36959.9
2043-10-22,0.0,5.47,-1.41,155.5,550.9,36766.4
2043-10-23,1.92,3.32,-6.4,228.5,378.5,36574.0
2043-10-24,16.97,8.11,-2.25,174.4,517.8,36382.9
2043-10-25,11.32,9.22,1.28,125.8,669.9,36193.1
2043-10-26,0.0,8.29,-0.32,179.3,596.5,36004.6
2043-10-27,0.0,11.19,-4.31,250.9,443.7,35817.5
2043-10-28,10.58,12.62,-0.29,171.0,598.1,35631.9
2043-10-29,1.89,8.63,3.3,116.9,773.7,35447.8
2043-10-30,1.98,6.21,-1.15,155.0,561.4,35265.2
2043-10-31,1.01,4.66,-0.73,116.2,579.0,35084.4
2043-11-01,0.0,1.7,-3.35,111.7,476.9,34905.2
2043-11-02,0.0,3.89,-6.15,194.2,385.8,34727.8
2043-11-03,3.11,5.72,-3.48,133.2,472.4,34552.3
2043-11-04,17.17,11.12,0.48,143.0,632.3,34378.7
2043-11-05,5.04,12.74,2.1,142.2,710.6,34207.0
2043-11-06,0.0,-0.17,-4.63,97.3,433.4,34037.5
2043-11-07,0.0,-0.91,-9.54,168.9,296.5,33870.0
2043-11-08,0.0,2.51,-7.62,183.6,344.4,33704.8
2043-11-09,0.0,-0.67,-5.54,101.2,404.3,33541.9
2043-11-10,0.0,-2.04,-9.59,147.7,295.4,33381.3
2043-11-11,0.0,-0.39,-11.98,194.8,244.0,33223.1
2043-11-12,0.0,-1.62,-11.71,179.2,249.5,33067.5
2043-11-13,1.36,3.26,-8.33,212.4,326.1,32914.4
2043-11-14,0.0,5.29,-3.14,173.9,484.6,32764.0
2043-11-15,0.0,0.51,-5.88,143.9,393.8,32616.4
2043-11-16,0.0,-0.75,-10.29,192.4,279.4,32471.6
2043-11-17,8.24,10.96,-7.49,174.9,347.9,32329.7
2043-11-18,2.95,14.79,-0.5,162.6,588.9,32190.8
2043-11-19,0.0,3.53,-3.31,143.2,478.5,32055.0
2043-11-20,9.8,2.82,-3.99,106.2,454.6,31922.3
2043-11-21,0.0,-5.31,-8.66,76.9,317.8,31792.9
2043-11-22,0.0,-3.69,-9.24,121.0,303.6,31666.8
2043-11-23,0.0,0.59,-11.23,196.2,259.2,31544.1
2043-11-24,0.0,3.44,-6.04,171.9,389.0,31424.9
2043-11-25,0.0,1.49,-5.16,133.7,416.2,31309.3
2043-11-26,0.0,-3.28,-6.83,79.8,366.3,31197.3
2043-11-27,0.0,-1.8,-14.7,197.3,195.5,31089.0
2043-11-28,0.0,-1.09,-13.38,190.2,217.9,30984.5
2043-11-29,11.76,1.44,-13.27,149.7,219.8,30883.9
2043-11-30,39.05,6.37,-4.79,131.3,428.0,30787.2
2043-12-01,7.1,3.91,0.73,47.7,643.9,30694.6
2043-12-02,0.0,0.1,-3.01,64.1,489.4,30606.0
2043-12-03,0.0,-2.54,-7.5,99.3,347.7,30521.6
2043-12-04,0.0,-2.54,-11.9,159.7,245.6,30441.4
2043-12-05,1.67,-2.61,-11.24,151.8,259.1,30365.6
2043-12-06,0.0,-0.86,-6.53,108.9,374.9,30294.0
2043-12-07,0.0,-1.81,-8.32,122.2,326.3,30226.9
2043-12-08,4.02,1.87,-10.12,131.2,283.3,30164.2
2043-12-09,6.01,0.13,-6.58,92.2,373.3,30106.1
2043-12-10,3.41,0.54,-2.49,45.4,508.7,30052.5
2043-12-11,1.31,0.35,-1.62,42.7,542.4,30003.5
2043-12-12,0.0,-0.92,-4.52,73.8,436.7,29959.2
2043-12-13,0.0,-4.0,-7.95,82.7,335.9,29919.5
2043-12-14,0.0,-5.06,-11.45,125.2,254.8,29884.6
2043-12-15,3.49,-4.96,-18.44,136.5,142.8,29854.4
2043-12-16,6.5,-3.96,-12.27,111.6,238.4,29829.0
2043-12-17,0.0,-5.87,-9.36,76.7,300.8,29808.5
2043-12-18,0.0,-10.58,-15.67,110.8,180.5,29792.7
2043-12-19,0.0,-9.87,-18.43,157.6,143.0,29781.8
2043-12-20,7.56,-3.23,-21.08,143.1,113.6,29775.7
2043-12-21,2.62,1.13,-13.75,138.8,211.3,29774.4
2043-12-22,0.0,-0.8,-14.23,179.8,203.2,29778.1
2043-12-23,0.0,-2.04,-12.71,166.6,230.0,29786.5
2043-12-24,2.51,-4.4,-12.46,109.0,234.8,29799.8
2043-12-25,9.14,-6.75,-13.03,92.8,224.2,29818.0
2043-12-26,0.0,-8.43,-19.17,170.2,134.2,29840.9
2043-12-27,0.0,-6.64,-22.22,189.6,102.9,29868.6
2043-12-28,0.0,-13.74,-20.04,124.6,124.4,29901.2
2043-12-29,0.0,-13.82,-28.34,189.7,58.9,29938.4
2043-12-30,0.0,-14.54,-24.45,168.1,84.2,29980.4
2043-12-31,0.0,-4.09,-21.12,193.9,113.3,30027.0
2044-01-01,1.08,0.6,-15.27,176.2,186.5,30078.5
2044-01-02,0.0,-7.78,-19.4,152.0,131.5,30134.3
2044-01-03,0.0,-5.07,-20.82,179.6,116.3,30194.7
2044-01-04,12.13,-5.18,-18.01,124.0,148.1,30259.6
2044-01-05,0.0,-9.24,-15.7,98.6,179.9,30328.9
2044-01-06,0.0,-17.94,-23.47,87.0,92.0,30402.6
2044-01-07,0.0,-15.12,-23.43,125.1,92.3,30480.7
2044-01-08,1.72,-14.4,-31.46,196.0,43.8,30562.9
2044-01-09,0.0,-8.46,-24.78,194.0,81.8,30649.4
2044-01-10,0.0,-10.62,-21.9,161.3,105.8,30740.0
2044-01-11,0.0,-6.85,-23.09,196.7,95.2,30834.6
2044-01-12,0.0,-1.03,-18.79,203.6,138.6,30933.3
2044-01-13,1.75,1.08,-16.89,206.4,162.8,31035.8
2044-01-14,0.0,-22.95,-30.28,121.5,49.1,31142.2
2044-01-15,0.0,-11.6,-29.77,214.1,51.5,31252.3
2044-01-16,0.0,-2.32,-19.98,212.6,125.1,31366.2
2044-01-17,0.0,3.46,-9.71,187.0,292.6,31483.6
2044-01-18,15.77,1.32,-2.2,47.2,519.6,31604.5
2044-01-19,0.0,-1.83,-5.09,60.2,418.5,31728.9
2044-01-20,12.35,-1.46,-7.06,74.9,359.7,31856.7
2044-01-21,0.0,1.63,-6.47,139.4,376.5,31987.7
2044-01-22,0.0,-8.37,-17.89,164.2,149.6,32121.9
2044-01-23,0.0,-6.03,-20.14,213.1,123.4,32259.3
2044-01-24,2.6,-2.78,-25.21,189.6,78.7,32399.7
2044-01-25,7.61,1.67,-14.79,176.2,194.0,32543.0
2044-01-26,5.52,-3.99,-7.8,58.0,339.8,32689.2
2044-01-27,0.0,-11.33,-18.19,135.4,145.9,32838.2
2044-01-28,0.0,-13.75,-27.92,232.2,61.3,32989.9
2044-01-29,2.71,-10.58,-31.29,201.9,44.5,33144.3
2044-01-30,3.95,-3.48,-24.16,204.5,86.5,33301.2
2044-01-31,2.13,5.96,-8.03,177.2,333.9,33460.6
2044-02-01,4.69,7.56,-3.62,155.9,467.6,33622.3
2044-02-02,0.0,-5.29,-12.18,150.3,240.1,33786.4
2044-02-03,1.27,-11.99,-27.17,263.9,65.7,33952.8
2044-02-04,6.82,-11.31,-24.89,190.1,81.0,34121.3
2044-02-05,0.0,-15.08,-21.34,143.1,111.2,34291.9
2044-02-06,0.0,-13.84,-27.28,257.0,65.0,34464.5
2044-02-07,0.0,-13.45,-27.49,267.4,63.8,34639.0
2044-02-08,0.0,-6.92,-22.92,286.0,96.7,34815.5
2044-02-09,1.88,-9.96,-25.84,289.0,74.3,34993.8
2044-02-10,0.0,-7.45,-21.63,278.3,108.4,35173.8
2044-02-11,0.0,-10.46,-27.59,306.8,63.2,35355.5
2044-02-12,24.8,-10.19,-29.05,245.0,55.1,35538.8
2044-02-13,6.33,-6.22,-19.4,211.7,131.6,35723.7
2044-02-14,3.2,-6.51,-15.62,169.4,181.2,35910.0
2044-02-15,4.25,-3.47,-14.67,201.5,196.0,36097.8
2044-02-16,1.6,-6.21,-11.19,141.2,260.0,36287.0
2044-02-17,1.74,-4.7,-18.61,312.9,140.8,36477.5
2044-02-18,0.0,-0.43,-14.92,317.8,192.0,36669.2
2044-02-19,12.92,3.59,-20.92,284.1,115.2,36862.2
2044-02-20,5.09,2.09,-11.65,232.8,250.7,37056.3
2044-02-21,0.0,-3.77,-14.7,271.3,195.6,37251.5
2044-02-22,0.0,-0.12,-26.65,397.7,68.9,37447.8
2044-02-23,2.32,2.68,-16.58,281.1,167.2,37645.0
2044-02-24,0.0,-4.3,-16.77,307.5,164.5,37843.2
2044-02-25,0.0,-4.34,-26.65,399.7,69.0,38042.3
2044-02-26,0.0,-3.18,-23.72,391.5,90.0,38242.3
2044-02-27,0.0,-2.61,-19.67,366.2,128.6,38443.1
2044-02-28,0.0,-3.78,-22.6,388.1,99.4,38644.7
2044-02-29,0.0,0.1,-24.66,424.8,82.7,38847.0
2044-03-01,0.0,-0.63,-15.3,347.2,186.0,39050.0
2044-03-02,0.0,-0.73,-15.97,357.7,175.9,39253.6
2044-03-03,0.0,-4.23,-13.33,246.7,218.7,39457.9
2044-03-04,0.0,-4.21,-25.24,423.7,78.5,39662.7
2044-03-05,0.0,-11.22,-23.04,312.7,95.6,39868.1
2044-03-06,0.0,2.02,-26.24,461.2,71.6,40074.0
2044-03-07,0.0,3.61,-11.98,368.9,244.2,40280.3
2044-03-08,0.0,-3.11,-14.8,308.3,193.8,40487.1
2044-03-09,2.92,0.82,-17.3,309.8,157.3,40694.3
2044-03-10,0.0,1.27,-9.08,284.8,307.5,40901.8
2044-03-11,0.0,-10.94,-16.19,161.6,172.8,41109.7
2044-03-12,0.0,-4.01,-17.68,369.0,152.3,41317.8
2044-03-13,0.0,-1.6,-14.35,356.8,201.2,41526.3
2044-03-14,0.0,3.33,-8.9,347.0,311.8,41734.9
2044-03-15,0.0,1.17,-11.61,361.4,251.4,41943.8
2044-03-16,0.0,0.53,-10.78,332.8,268.8,42152.9
2044-03-17,0.0,3.86,-13.06,432.9,223.6,42362.1
2044-03-18,0.0,5.0,-12.26,439.2,238.6,42571.4
2044-03-19,0.0,1.32,-10.08,337.9,284.2,42780.8
2044-03-20,0.0,-4.36,-20.52,441.2,119.4,42990.3
2044-03-21,0.0,-11.19,-21.2,320.1,112.5,43199.8
2044-03-22,0.0,-2.87,-16.67,407.1,166.0,43409.3
2044-03-23,0.0,2.48,-17.98,504.9,148.5,43618.7
2044-03-24,0.0,5.08,-8.26,405.4,327.8,43828.1
2044-03-25,5.08,9.21,-12.28,389.5,238.2,44037.5
2044-03-26,9.19,8.13,-1.41,237.2,550.9,44246.7
2044-03-27,4.59,8.74,1.59,187.8,685.0,44455.7
2044-03-28,0.0,2.92,-2.97,219.6,490.7,44664.6
2044-03-29,0.0,3.14,-7.07,365.9,359.7,44873.3
2044-03-30,0.0,9.24,-8.96,523.3,310.4,45081.7
2044-03-31,0.0,9.11,-3.88,441.4,458.4,45289.9
2044-04-01,0.0,11.86,-5.47,516.2,404.4,45497.8
2044-04-02,0.0,9.48,-3.27,437.6,480.0,45705.3
2044-04-03,9.71,14.63,-4.82,407.3,427.1,45912.5
2044-04-04,9.8,7.34,2.17,156.0,714.0,46119.2
2044-04-05,0.0,4.52,1.68,132.0,689.3,46325.6
2044-04-06,0.0,7.79,-1.34,373.9,553.6,46531.4
2044-04-07,0.0,7.73,-1.43,378.3,550.2,46736.8
2044-04-08,0.0,10.71,-0.14,433.4,604.6,46941.7
2044-04-09,0.0,8.79,-3.02,463.4,488.9,47145.9
2044-04-10,2.15,6.44,0.92,186.3,653.0,47349.6
2044-04-11,0.0,7.86,-0.63,369.4,583.4,47552.6
2044-04-12,0.0,7.11,-6.14,508.8,386.1,47754.9
2044-04-13,0.0,8.24,-7.4,551.4,350.3,47956.4
2044-04-14,0.0,11.15,-5.35,561.5,394.9,48157.2
2044-04-15,0.0,10.72,-3.17,518.4,477.0,48357.2
2044-04-16,13.52,2.79,-1.24,147.8,557.6,48556.4
2044-04-17,2.28,5.82,-0.8,237.4,576.2,48754.6
2044-04-18,10.26,4.66,-0.96,208.8,569.5,48951.8
2044-04-19,0.0,5.12,-0.65,292.6,582.6,49148.1
2044-04-20,0.0,4.03,-6.14,470.3,386.3,49343.3
2044-04-21,4.21,2.65,-2.84,217.4,495.5,49537.4
2044-04-22,0.0,5.74,-0.5,334.9,588.7,49730.4
2044-04-23,0.0,12.11,-1.04,557.2,530.8,49922.1
2044-04-24,7.83,4.07,0.96,140.8,654.8,50112.6
2044-04-25,1.13,6.24,0.02,353.8,611.6,50301.8
2044-04-26,7.19,12.54,-1.97,442.3,528.5,50489.6
2044-04-27,2.95,7.32,1.41,248.9,676.3,50675.9
2044-04-28,0.0,12.92,-1.36,588.0,503.9,50860.8
2044-04-29,9.55,5.34,0.7,207.2,642.4,51044.1
2044-04-30,3.64,5.07,0.85,194.3,649.6,51225.8
2044-05-01,0.0,6.26,1.15,318.9,663.5,51405.8
2044-05-02,0.0,10.67,1.05,516.0,636.2,51584.1
2044-05-03,0.0,13.04,-1.79,619.8,473.0,51760.6
2044-05-04,0.0,19.57,2.64,623.7,602.8,51935.1
2044-05-05,0.0,25.15,-0.45,648.7,441.0,52107.8
2044-05-06,0.0,24.48,3.23,634.1,581.2,52278.4
2044-05-07,0.0,13.86,0.66,567.5,564.9,52446.9
2044-05-08,0.0,19.52,-3.56,648.6,369.9,52613.2
2044-05-09,0.0,25.05,3.21,633.0,574.5,52777.3
2044-05-10,0.0,20.89,4.31,591.2,662.6,52939.1
2044-05-11,6.68,15.64,6.26,320.5,951.8,53098.5
2044-05-12,0.0,17.51,1.03,592.6,553.1,53255.4
2044-05-13,2.89,23.8,2.68,465.9,616.6,53409.7
2044-05-14,0.0,12.8,1.02,508.1,568.9,53561.4
2044-05-15,0.0,16.61,-3.7,631.4,341.3,53710.5
2044-05-16,0.77,23.66,7.9,562.5,746.4,53856.7
2044-05-17,15.19,11.09,7.87,119.8,1062.9,54000.0
2044-05-18,0.0,14.3,5.87,376.4,895.5,54140.4
2044-05-19,0.0,24.75,7.51,571.1,751.7,54277.8
2044-05-20,0.0,23.65,8.41,538.0,788.8,54412.0
2044-05-21,0.0,24.98,13.03,450.8,1149.7,54543.1
2044-05-22,0.0,26.12,14.02,445.0,1222.9,54670.8
2044-05-23,4.17,19.69,10.95,261.9,1308.0,54795.2
2044-05-24,0.0,18.97,4.07,519.7,616.7,54916.2
2044-05-25,8.85,10.31,0.53,293.6,634.7,55033.6
2044-05-26,8.86,9.57,4.14,175.7,821.3,55147.4
2044-05-27,0.55,21.19,2.84,563.7,567.4,55257.6
2044-05-28,0.0,22.23,6.49,467.2,802.9,55364.0
2044-05-29,0.0,19.32,5.44,433.1,791.3,55466.5
2044-05-30,4.35,20.03,3.88,348.1,774.4,55565.2
2044-05-31,0.0,19.34,8.32,353.8,1052.0,55659.8
2044-06-01,0.0,9.91,3.2,238.6,768.5,55750.4
2044-06-02,0.0,12.21,4.51,272.6,842.6,55836.9
2044-06-03,0.0,15.98,-0.38,480.7,523.2,55919.2
2044-06-04,0.0,21.3,0.31,530.4,498.4,55997.2
2044-06-05,1.69,15.15,3.39,397.0,739.8,56070.9
2044-06-06,0.0,19.14,6.95,401.7,916.4,56140.2
2044-06-07,0.0,12.5,0.76,408.3,624.2,56205.1
2044-06-08,0.0,11.73,1.71,370.4,688.5,56265.6
2044-06-09,0.0,14.88,2.73,426.4,685.7,56321.4
2044-06-10,0.0,16.8,4.74,419.7,780.1,56372.7
2044-06-11,0.0,24.0,2.25,543.1,544.8,56419.4
2044-06-12,0.0,28.55,7.92,526.5,788.2,56461.3
2044-06-13,20.83,24.46,11.15,317.8,1272.7,56498.6
2044-06-14,4.48,20.82,10.57,272.1,1274.6,56531.2
2044-06-15,0.0,32.49,13.37,499.3,1237.6,56558.9
2044-06-16,0.0,28.18,15.27,404.0,1573.9,56581.9
2044-06-17,0.0,18.43,10.21,298.1,1244.8,56600.1
2044-06-18,0.0,24.33,11.7,412.6,1264.0,56613.4
2044-06-19,0.0,27.03,8.81,501.7,944.2,56621.9
2044-06-20,8.34,29.35,15.99,302.9,1816.6,56625.6
2044-06-21,0.0,23.83,13.1,361.8,1478.5,56624.3
2044-06-22,7.3,27.33,12.72,325.9,1469.3,56618.3
2044-06-23,0.0,16.6,10.75,221.8,1290.4,56607.4
2044-06-24,0.0,18.71,4.97,446.8,827.5,56591.7
2044-06-25,24.95,18.31,6.61,296.8,975.1,56571.1
2044-06-26,2.71,15.64,7.72,222.0,1052.3,56545.8
2044-06-27,0.0,20.23,6.58,444.5,940.6,56515.6
2044-06-28,22.93,21.74,6.89,345.7,993.6,56480.7
2044-06-29,7.46,18.34,8.87,258.7,1137.8,56441.1
2044-06-30,12.75,17.36,9.23,229.7,1165.1,56396.8
2044-07-01,16.72,13.68,9.05,139.6,1151.4,56347.9
2044-07-02,1.87,14.58,8.13,254.1,1081.5,56294.3
2044-07-03,0.0,24.25,8.94,468.3,1142.8,56236.2
2044-07-04,0.0,27.86,9.48,501.4,1128.9,56173.5
2044-07-05,0.0,28.46,10.93,486.8,1252.3,56106.4
2044-07-06,0.31,22.74,15.16,277.7,1722.2,56034.9
2044-07-07,10.46,26.58,15.06,286.7,1710.7,55959.1
2044-07-08,0.0,29.69,17.03,395.2,1940.3,55878.9
2044-07-09,3.48,30.96,18.5,288.0,2129.1,55794.5
2044-07-10,3.19,29.61,17.99,277.6,2061.2,55706.0
2044-07-11,1.43,27.37,18.01,325.0,2064.4,55613.4
2044-07-12,18.27,23.64,15.18,237.8,1724.1,55516.8
2044-07-13,0.0,25.87,10.72,468.1,1287.4,55416.2
2044-07-14,3.86,23.43,12.22,296.2,1422.2,55311.7
2044-07-15,1.79,19.78,9.11,397.0,1155.7,55203.4
2044-07-16,3.64,15.72,8.68,219.6,1123.2,55091.5
2044-07-17,0.0,21.45,11.19,382.8,1328.5,54975.8
2044-07-18,0.0,27.29,10.24,489.5,1239.4,54856.7
2044-07-19,10.7,20.17,12.97,218.3,1494.1,54734.0
2044-07-20,0.0,24.01,12.51,410.8,1450.1,54607.9
2044-07-21,0.0,24.46,8.43,487.0,1104.0,54478.5
2044-07-22,0.0,27.12,12.15,462.1,1416.1,54345.9
2044-07-23,0.0,27.77,10.31,487.2,1253.2,54210.1
2044-07-24,0.0,24.35,12.32,409.9,1431.3,54071.2
2044-07-25,4.17,24.76,11.03,330.7,1314.7,53929.4
2044-07-26,0.0,25.38,13.61,395.0,1558.0,53784.6
2044-07-27,3.64,25.04,16.82,224.5,1914.4,53637.0
2044-07-28,0.0,26.3,15.21,379.4,1728.0,53486.6
2044-07-29,0.0,29.49,13.49,456.8,1538.6,53333.6
2044-07-30,0.0,32.12,15.56,449.6,1742.6,53177.9
2044-07-31,0.0,25.54,16.08,323.4,1826.8,53019.8
2044-08-01,0.0,28.81,9.74,483.7,1184.1,52859.2
2044-08-02,6.05,26.45,14.51,283.1,1651.2,52696.3
2044-08-03,15.37,22.38,13.31,239.2,1527.7,52531.0
2044-08-04,10.02,30.88,15.28,325.0,1735.4,52363.6
2044-08-05,5.81,25.67,18.42,188.7,2118.0,52194.1
2044-08-06,24.92,30.58,19.44,258.7,2257.2,52022.5
2044-08-07,4.05,25.05,19.11,158.6,2211.0,51848.9
2044-08-08,0.0,27.24,17.48,326.2,1996.7,51673.3
2044-08-09,3.92,23.48,17.54,163.8,2004.3,51496.0
2044-08-10,0.0,27.2,18.36,302.2,2109.8,51316.8
2044-08-11,0.0,28.82,12.39,447.7,1437.9,51136.0
2044-08-12,0.0,28.93,13.9,426.1,1587.0,50953.4
2044-08-13,3.68,23.07,13.74,242.0,1570.9,50769.4
2044-08-14,12.67,17.33,10.56,192.5,1273.9,50583.7
2044-08-15,22.09,18.22,13.35,140.1,1531.7,50396.6
2044-08-16,3.56,18.66,14.05,133.8,1603.0,50208.2
2044-08-17,3.21,23.08,11.28,292.1,1336.9,50018.3
2044-08-18,0.0,18.66,9.07,344.5,1152.7,49827.2
2044-08-19,1.76,20.08,4.13,458.1,820.7,49634.9
2044-08-20,0.0,17.72,6.51,384.5,968.1,49441.3
2044-08-21,0.0,16.51,4.78,398.6,858.7,49246.7
2044-08-22,0.0,16.6,3.6,423.3,790.1,49050.9
2044-08-23,0.0,19.18,2.77,460.2,745.2,48854.2
2044-08-24,4.77,20.72,3.91,343.1,808.1,48656.4
2044-08-25,16.09,16.43,6.93,253.4,996.5,48457.8
2044-08-26,6.34,21.51,12.08,241.5,1409.0,48258.2
2044-08-27,7.44,24.03,11.97,280.2,1399.2,48057.8
2044-08-28,6.94,21.96,11.54,258.9,1359.6,47856.6
2044-08-29,0.0,20.36,14.53,217.2,1653.1,47654.7
2044-08-30,0.0,20.8,10.89,338.3,1302.7,47452.0
2044-08-31,0.0,20.12,9.17,367.0,1160.6,47248.7
2044-09-01,1.45,21.12,5.93,428.1,930.2,47044.8
2044-09-02,3.2,24.43,8.68,315.6,1123.1,46840.2
2044-09-03,0.0,18.84,10.37,300.1,1258.2,46635.1
2044-09-04,15.39,16.31,5.3,272.9,890.3,46429.5
2044-09-05,6.1,19.53,9.7,246.6,1202.9,46223.4
2044-09-06,0.0,15.41,4.74,351.5,856.1,46016.8
2044-09-07,0.0,14.81,3.93,353.9,809.0,45809.8
2044-09-08,0.0,21.97,5.91,409.8,929.0,45602.5
2044-09-09,0.0,22.4,5.96,407.0,932.2,45394.8
2044-09-10,1.74,22.7,8.23,381.8,1089.3,45186.7
2044-09-11,0.0,17.09,7.6,303.1,1043.1,44978.4
2044-09-12,10.48,16.43,7.52,215.8,1037.8,44769.9
2044-09-13,3.23,14.72,7.29,185.8,1021.6,44561.1
2044-09-14,3.31,12.96,3.78,219.7,800.4,44352.1
2044-09-15,0.0,12.05,2.44,299.3,728.0,44143.0
2044-09-16,0.0,14.43,-0.61,383.7,584.0,43933.7
2044-09-17,8.54,18.83,4.44,272.8,838.4,43724.4
2044-09-18,8.87,13.33,9.16,104.0,1160.1,43514.9
2044-09-19,0.0,16.82,10.42,202.7,1262.6,43305.4
2044-09-20,4.21,20.96,8.38,248.8,1100.0,43095.9
2044-09-21,2.58,18.13,11.76,149.4,1379.6,42886.4
2044-09-22,0.0,13.31,7.7,186.6,1050.4,42677.0
2044-09-23,2.81,11.9,0.29,250.2,623.6,42467.6
2044-09-24,0.0,13.46,4.17,283.8,822.9,42258.4
2044-09-25,0.0,16.27,-0.26,373.1,599.2,42049.2
2044-09-26,0.0,14.85,3.27,316.2,772.3,41840.3
2044-09-27,4.03,13.59,-1.43,267.3,549.9,41631.5
2044-09-28,2.0,9.46,3.49,187.6,784.5,41422.9
2044-09-29,0.0,10.99,0.53,290.5,634.4,41214.6
2044-09-30,0.0,14.3,1.05,324.2,659.2,41006.6
2044-10-01,0.0,22.38,5.61,340.8,909.6,40798.9
2044-10-02,22.05,19.12,9.19,195.6,1161.9,40591.5
2044-10-03,0.0,12.42,5.75,195.5,918.4,40384.6
2044-10-04,0.0,10.94,-1.51,306.7,546.7,40178.0
2044-10-05,9.24,7.45,-3.02,207.8,489.0,39971.9
2044-10-06,0.0,5.1,-0.93,179.5,570.8,39766.2
2044-10-07,0.0,8.98,-3.99,305.3,454.8,39561.1
2044-10-08,0.0,7.12,-5.0,294.8,421.2,39356.6
2044-10-09,0.0,5.68,-1.66,211.0,540.7,39152.6
2044-10-10,0.0,10.31,0.94,249.2,653.9,38949.3
2044-10-11,9.86,10.6,2.56,165.4,734.3,38746.6
2044-10-12,0.0,4.57,2.22,76.9,716.4,38544.7
2044-10-13,0.0,3.9,0.2,114.1,619.4,38343.5
2044-10-14,3.67,3.14,-4.22,157.2,446.7,38143.1
2044-10-15,0.0,5.42,-5.15,263.0,416.5,37943.5
2044-10-16,0.0,10.55,-3.24,290.0,480.9,37744.9
2044-10-17,0.0,12.98,2.65,247.8,739.1,37547.1
2044-10-18,11.32,13.61,7.43,123.6,1031.3,37350.4
2044-10-19,0.0,7.41,-0.83,211.4,574.7,37154.6
2044-10-20,0.0,4.74,-2.15,185.7,521.6,36959.9
2044-10-21,0.0,7.11,-5.42,264.3,408.1,36766.4
2044-10-22,14.91,4.88,-4.09,162.4,451.2,36574.0
2044-10-23,4.43,8.53,0.67,144.8,640.9,36382.9
2044-10-24,13.98,9.3,1.73,138.8,691.8,36193.1
2044-10-25,0.0,10.11,3.12,174.0,764.2,36004.6
2044-10-26,0.0,7.79,2.26,144.4,718.5,35817.5
2044-10-27,0.0,7.78,-2.52,228.2,507.6,35631.9
2044-10-28,4.21,10.43,-2.84,186.4,495.5,35447.8
2044-10-29,0.0,3.53,-0.95,117.9,569.9,35265.2
2044-10-30,0.0,1.55,-3.18,126.1,483.2,35084.4
2044-10-31,0.0,1.98,-5.2,180.0,415.0,34905.2
2044-11-01,11.99,5.09,-3.85,153.6,459.4,34727.8
2044-11-02,19.73,7.29,-0.77,140.2,577.5,34552.3
2044-11-03,3.31,4.08,1.05,61.9,659.0,34378.7
2044-11-04,0.0,9.31,-2.01,219.8,527.0,34207.0
2044-11-05,3.75,13.46,2.47,157.1,729.3,34037.5
2044-11-06,6.95,13.8,5.55,132.5,905.8,33870.0
2044-11-07,7.6,11.6,3.8,128.8,801.4,33704.8
2044-11-08,3.07,5.99,2.01,75.0,706.1,33541.9
2044-11-09,3.38,3.77,-0.12,74.5,605.5,33381.3
2044-11-10,6.26,7.69,0.11,125.9,615.4,33223.1
2044-11-11,0.0,5.42,-0.43,136.2,591.7,33067.5
2044-11-12,0.0,0.85,-4.73,131.1,430.0,32914.4
2044-11-13,9.25,1.53,-7.67,153.2,343.3,32764.0
2044-11-14,4.14,5.28,-2.01,130.0,527.1,32616.4
2044-11-15,0.0,3.2,-0.05,88.6,608.4,32471.6
2044-11-16,1.86,7.41,-3.52,211.4,471.0,32329.7
2044-11-17,5.18,9.14,-0.69,148.0,580.6,32190.8
2044-11-18,0.0,4.33,-0.54,109.5,587.2,32055.0
2044-11-19,0.0,0.74,-4.91,124.7,424.1,31922.3
2044-11-20,15.15,-0.52,-7.16,119.8,356.9,31792.9
2044-11-21,7.1,-0.63,-4.01,67.6,454.1,31666.8
2044-11-22,0.0,-2.12,-6.97,125.0,362.3,31544.1
2044-11-23,0.0,-1.2,-12.29,203.7,238.0,31424.9
2044-11-24,0.0,-4.59,-15.81,202.6,178.3,31309.3
2044-11-25,0.0,-2.1,-11.65,186.7,250.6,31197.3
2044-11-26,0.0,4.92,-10.46,208.2,275.6,31089.0
2044-11-27,3.58,6.28,-9.29,155.1,302.3,30984.5
2044-11-28,8.65,5.24,-0.6,94.5,584.8,30883.9
2044-11-29,0.0,-1.31,-4.8,81.7,427.6,30787.2
2044-11-30,0.0,-0.5,-11.27,183.6,258.4,30694.6
2044-12-01,0.0,2.78,-6.12,164.9,386.8,30606.0
2044-12-02,0.9,-1.62,-7.97,132.7,335.4,30521.6
2044-12-03,2.37,1.39,-8.39,127.5,324.5,30441.4
2044-12-04,0.0,-5.08,-9.01,87.9,309.1,30365.6
2044-12-05,0.0,-9.35,-16.08,139.2,174.4,30294.0
2044-12-06,0.72,-0.99,-19.74,196.5,127.8,30226.9
2044-12-07,0.0,4.58,-10.1,186.8,283.7,30164.2
2044-12-08,0.0,-6.71,-13.73,133.6,211.7,30106.1
2044-12-09,0.91,-10.85,-18.73,143.4,139.3,30052.5
2044-12-10,0.0,-15.38,-21.24,115.4,112.1,30003.5
2044-12-11,0.0,-17.6,-28.73,171.0,56.8,29959.2
2044-12-12,0.0,-13.0,-24.78,172.4,81.8,29919.5
2044-12-13,0.0,-5.13,-24.09,189.2,87.1,29884.6
2044-12-14,5.37,-2.87,-14.78,126.7,194.2,29854.4
2044-12-15,4.55,-1.85,-7.15,71.9,357.2,29829.0
2044-12-16,0.0,-12.91,-18.89,109.8,137.4,29808.5
2044-12-17,0.0,-14.93,-27.79,174.6,62.1,29792.7
2044-12-18,0.0,-11.22,-23.61,170.3,90.9,29781.8
2044-12-19,0.0,-7.38,-23.04,181.2,95.6,29775.7
2044-12-20,1.73,3.3,-17.24,187.0,158.2,29774.4
2044-12-21,2.22,7.56,-7.37,128.8,351.4,29778.1
2044-12-22,0.0,-9.87,-17.32,116.3,157.1,29786.5
2044-12-23,3.33,-3.83,-22.99,140.2,96.1,29799.8
2044-12-24,8.42,2.06,-15.4,137.2,184.6,29818.0
2044-12-25,0.0,0.1,-4.33,71.2,443.0,29840.9
2044-12-26,0.0,-7.98,-12.45,75.6,235.0,29868.6
2044-12-27,6.17,-3.31,-20.67,140.6,117.8,29901.2
2044-12-28,2.81,0.63,-15.69,137.2,180.0,29938.4
2044-12-29,0.0,-13.15,-20.56,116.3,118.9,29980.4
2044-12-30,1.35,-12.26,-29.44,187.6,53.2,30027.0
2044-12-31,1.69,-13.88,-29.32,173.7,53.8,30052.7
2045-01-01,2.02,-15.49,-29.19,159.8,54.4,30078.5
2045-01-02,6.83,-9.99,-24.66,126.3,82.7,30134.3
2045-01-03,0.0,-11.66,-19.26,103.0,133.1,30194.7
2045-01-04,0.0,-20.18,-30.38,133.8,48.6,30259.6
2045-01-05,0.0,-14.98,-29.9,173.8,50.8,30328.9
2045-01-06,0.0,-11.95,-25.7,166.5,75.2,30402.6
2045-01-07,0.0,-4.43,-28.82,209.4,56.4,30480.7
2045-01-08,6.52,3.09,-17.73,153.0,151.7,30562.9
2045-01-09,0.0,-6.19,-13.05,98.4,223.7,30649.4
2045-01-10,0.0,-7.37,-27.21,205.7,65.5,30740.0
2045-01-11,0.0,-8.43,-23.07,181.1,95.4,30834.6
2045-01-12,3.23,-0.1,-26.35,167.9,70.9,30933.3
2045-01-13,0.0,-7.95,-19.08,154.3,135.2,31035.8
2045-01-14,1.42,-0.98,-19.79,209.7,127.2,31142.2
2045-01-15,0.0,2.23,-8.88,154.8,312.4,31252.3
2045-01-16,0.0,-5.17,-13.94,131.0,208.1,31366.2
2045-01-17,0.85,-5.49,-24.44,218.4,84.3,31483.6
2045-01-18,2.37,-3.42,-17.63,144.4,153.0,31604.5
2045-01-19,6.17,-4.16,-14.33,115.8,201.6,31728.9
2045-01-20,9.55,-1.48,-7.16,69.9,356.9,31856.7
2045-01-21,0.0,-13.7,-21.05,122.0,114.0,31987.7
2045-01-22,0.0,-6.3,-24.5,231.1,83.9,32121.9
2045-01-23,0.0,1.51,-13.98,214.7,207.4,32259.3
2045-01-24,0.0,-0.28,-12.09,184.3,241.9,32399.7
2045-01-25,0.0,-13.35,-20.28,122.0,121.9,32543.0
2045-01-26,5.96,-3.28,-26.74,198.3,68.4,32689.2
2045-01-27,0.0,-7.67,-20.46,205.2,120.0,32838.2
2045-01-28,0.0,-1.7,-25.49,271.0,76.7,32989.9
2045-01-29,0.0,0.73,-15.96,242.7,176.1,33144.3
2045-01-30,2.62,-1.46,-11.6,134.4,251.6,33301.2
2045-01-31,0.82,3.12,-11.98,235.8,244.1,33460.6
2045-02-01,3.25,1.59,-14.43,186.5,199.9,33622.3
2045-02-02,6.43,-14.56,-26.02,155.6,73.1,33786.4
2045-02-03,3.4,-12.39,-22.64,144.8,99.1,33952.8
2045-02-04,0.0,-18.03,-27.96,192.8,61.1,34121.3
2045-02-05,0.0,-10.56,-33.66,303.2,35.4,34291.9
2045-02-06,1.31,-6.99,-28.17,301.2,59.9,34464.5
2045-02-07,0.0,-6.21,-22.77,278.2,98.0,34639.0
2045-02-08,3.12,-5.72,-22.12,209.1,103.8,34815.5
2045-02-09,0.0,-9.21,-20.89,231.6,115.6,34993.8
2045-02-10,0.0,-8.39,-25.63,295.3,75.7,35173.8
2045-02-11,0.0,-4.22,-18.68,276.0,139.9,35355.5
2045-02-12,1.18,-5.17,-20.39,287.0,120.7,35538.8
2045-02-13,1.49,-2.71,-23.13,328.7,94.9,35723.7
2045-02-14,0.0,2.12,-17.05,322.7,160.6,35910.0
2045-02-15,5.37,-0.91,-10.83,163.6,267.6,36097.8
2045-02-16,0.0,-10.12,-16.28,150.5,171.4,36287.0
2045-02-17,0.0,-16.67,-28.27,263.1,59.3,36477.5
2045-02-18,0.0,-13.22,-32.04,344.1,41.4,36669.2
2045-02-19,1.39,-8.0,-28.4,354.6,58.6,36862.2
2045-02-20,0.0,-1.3,-18.8,333.0,138.5,37056.3
2045-02-21,13.24,0.93,-13.41,229.0,217.4,37251.5
2045-02-22,0.0,0.4,-7.27,189.9,354.0,37447.8
2045-02-23,0.0,-10.36,-16.33,157.7,170.7,37645.0
2045-02-24,0.0,-9.26,-27.63,365.8,63.0,37843.2
2045-02-25,1.78,-9.87,-25.75,348.3,74.9,38042.3
2045-02-26,0.0,-4.14,-17.17,311.0,159.1,38242.3
2045-02-27,0.0,-1.33,-23.75,407.7,89.8,38443.1
2045-02-28,0.0,-0.45,-21.19,401.5,112.6,38644.7
2045-03-01,0.0,-1.18,-19.1,381.4,134.9,38847.0
2045-03-02,0.0,-4.99,-13.57,233.1,214.6,39050.0
2045-03-03,0.0,-13.5,-22.3,246.6,102.1,39253.6
2045-03-04,6.25,-6.82,-26.63,313.0,69.1,39457.9
2045-03-05,1.96,-4.56,-17.76,338.9,151.4,39662.7
2045-03-06,0.0,-12.95,-21.23,239.0,112.2,39868.1
2045-03-07,0.0,-14.92,-29.29,373.9,53.9,40074.0
2045-03-08,0.0,-6.74,-32.86,470.0,38.2,40280.3
2045-03-09,0.0,-0.64,-28.91,478.1,55.8,40487.1
2045-03-10,0.0,1.34,-22.27,464.4,102.4,40694.3
2045-03-11,0.0,1.61,-17.82,436.4,150.5,40901.8
2045-03-12,0.0,-5.67,-15.63,288.9,181.1,41109.7
2045-03-13,0.0,-1.58,-26.95,486.1,67.1,41317.8
2045-03-14,3.25,6.94,-15.29,352.0,186.2,41526.3
2045-03-15,4.79,9.88,-1.91,244.8,530.9,41734.9
2045-03-16,2.3,-0.74,-7.81,165.9,339.6,41943.8
2045-03-17,4.5,-2.77,-8.5,140.2,321.7,42152.9
2045-03-18,5.76,-6.61,-10.34,98.4,278.4,42362.1
2045-03-19,0.0,-6.05,-23.58,461.4,91.1,42571.4
2045-03-20,4.6,-1.89,-21.88,369.8,106.0,42780.8
2045-03-21,0.0,0.47,-12.93,402.0,226.0,42990.3
2045-03-22,0.0,-5.94,-18.49,393.2,142.2,43199.8
2045-03-23,0.0,0.11,-21.73,522.6,107.4,43409.3
2045-03-24,0.0,6.26,-19.5,543.1,130.4,43618.7
2045-03-25,3.16,4.69,-8.41,294.7,324.0,43828.1
2045-03-26,0.0,7.35,-2.64,319.6,502.9,44037.5
2045-03-27,4.94,10.18,-5.75,340.5,397.8,44246.7
2045-03-28,8.53,12.76,0.7,279.4,642.6,44455.7
2045-03-29,0.0,0.22,-5.69,212.5,399.8,44664.6
2045-03-30,0.0,1.7,-12.72,455.0,229.9,44873.3
2045-03-31,12.06,0.35,-5.48,165.2,406.2,45081.7
2045-04-01,5.78,-0.68,-3.7,95.2,464.8,45289.9
2045-04-02,0.0,4.33,-10.11,469.6,283.5,45497.8
2045-04-03,0.0,7.93,-5.01,440.6,421.0,45705.3
2045-04-04,2.77,5.45,-0.82,183.2,575.2,45912.5
2045-04-05,7.27,11.63,1.21,281.7,666.7,46119.2
2045-04-06,15.23,8.18,2.22,176.5,716.6,46325.6
2045-04-07,2.08,5.17,1.06,177.3,659.6,46531.4
2045-04-08,4.47,0.18,-2.89,111.4,493.7,46736.8
2045-04-09,0.0,4.91,-4.75,417.2,429.4,46941.7
2045-04-10,0.0,5.54,-7.39,513.2,350.6,47145.9
2045-04-11,0.0,3.42,-4.52,368.5,436.8,47349.6
2045-04-12,0.0,6.83,-8.79,572.5,314.4,47552.6
2045-04-13,0.0,9.69,-7.24,591.5,341.0,47754.9
2045-04-14,0.0,8.06,-4.61,526.7,433.9,47956.4
2045-04-15,0.0,7.2,-2.14,433.4,521.8,48157.2
2045-04-16,0.0,4.48,0.52,206.6,634.0,48357.2
2045-04-17,5.32,11.03,-2.4,402.9,512.1,48556.4
2045-04-18,5.0,3.52,-1.0,178.2,567.7,48754.6
2045-04-19,0.0,6.33,-2.13,422.4,522.3,48951.8
2045-04-20,0.0,8.28,-5.14,564.7,405.0,49148.1
2045-04-21,0.0,7.31,-4.27,527.0,436.3,49343.3
2045-04-22,6.08,0.38,-4.97,229.7,422.2,49537.4
2045-04-23,0.0,3.29,-4.39,433.5,441.1,49730.4
2045-04-24,0.0,4.65,-2.45,412.8,510.2,49922.1
2045-04-25,0.0,7.12,-2.75,519.6,493.5,50112.6
2045-04-26,0.0,9.45,-4.86,617.2,387.7,50301.8
2045-04-27,0.0,7.57,-1.58,502.0,532.5,50489.6
2045-04-28,0.0,9.22,0.35,486.9,607.7,50675.9
2045-04-29,0.0,14.38,-0.5,621.9,490.5,50860.8
2045-04-30,0.0,19.04,-1.92,657.4,409.5,51044.1
2045-05-01,0.0,20.69,3.13,630.1,581.6,51225.8
2045-05-02,21.05,12.2,2.86,357.7,750.2,51405.8
2045-05-03,3.82,10.12,5.08,218.9,877.0,51584.1
2045-05-04,0.0,13.64,2.71,530.8,680.6,51760.6
2045-05-05,3.3,21.11,-1.15,490.7,503.6,51935.1
2045-05-06,17.77,13.3,4.38,336.8,835.0,52107.8
2045-05-07,4.42,18.44,7.28,377.6,1020.9,52278.4
2045-05-08,3.57,15.09,5.49,342.7,902.2,52446.9
2045-05-09,0.0,15.42,-0.41,604.3,537.2,52613.2
2045-05-10,0.0,15.64,0.85,586.8,588.2,52777.3
2045-05-11,25.81,12.23,4.31,293.7,831.0,52939.1
2045-05-12,2.92,17.9,9.0,316.6,1147.7,53098.5
2045-05-13,9.05,15.75,8.65,270.9,1120.8,53255.4
2045-05-14,6.3,11.7,3.77,307.2,799.7,53409.7
2045-05-15,0.0,18.72,6.67,527.1,958.3,53561.4
2045-05-16,0.0,23.85,8.12,577.2,992.2,53710.5
2045-05-17,0.0,26.44,6.65,613.5,853.4,53856.7
2045-05-18,0.0,28.08,6.84,614.7,855.1,54000.0
2045-05-19,0.0,28.84,8.9,595.8,990.2,54140.4
2045-05-20,2.76,23.86,11.4,359.5,1347.6,54277.8
2045-05-21,5.46,22.7,11.18,342.3,1327.9,54412.0
2045-05-22,9.04,15.9,8.0,262.4,1072.5,54543.1
2045-05-23,0.0,18.01,7.81,424.4,1058.4,54670.8
2045-05-24,3.56,20.57,5.87,394.6,926.2,54795.2
2045-05-25,0.0,22.84,9.44,488.9,1149.8,54916.2
2045-05-26,7.77,25.57,10.76,379.3,1290.9,55033.6
2045-05-27,8.52,22.23,11.62,306.8,1366.9,55147.4
2045-05-28,0.0,14.49,5.93,359.1,930.1,55257.6
2045-05-29,4.16,22.98,2.88,435.7,751.0,55364.0
2045-05-30,7.2,16.67,9.21,214.3,1164.0,55466.5
2045-05-31,18.77,19.45,7.19,317.5,1014.8,55565.2
2045-06-01,8.52,16.49,10.89,167.5,1302.3,55659.8
2045-06-02,0.0,16.19,10.19,238.9,1242.9,55750.4
2045-06-03,7.58,23.39,7.43,361.0,1031.1,55836.9
2045-06-04,12.26,16.23,10.87,165.6,1300.4,55919.2
2045-06-05,0.0,20.83,6.53,468.6,969.2,55997.2
2045-06-06,0.0,17.0,3.94,453.0,809.8,56070.9
2045-06-07,0.0,23.81,7.7,485.4,1050.4,56140.2
2045-06-08,0.0,15.63,8.12,300.4,1081.1,56205.1
2045-06-09,0.0,19.83,8.63,407.6,1119.2,56265.6
2045-06-10,31.58,10.05,5.78,139.9,920.6,56321.4
2045-06-11,4.7,10.94,6.66,141.0,978.3,56372.7
2045-06-12,0.0,14.65,6.18,343.5,946.3,56419.4
2045-06-13,0.0,18.25,1.7,510.6,690.4,56461.3
2045-06-14,0.0,20.08,2.97,511.4,756.2,56498.6
2045-06-15,5.17,21.55,4.13,382.9,820.2,56531.2
2045-06-16,6.38,13.27,8.68,148.4,1122.7,56558.9
2045-06-17,0.0,17.88,10.16,320.2,1240.9,56581.9
2045-06-18,2.66,21.49,10.49,313.4,1268.6,56600.1
2045-06-19,0.0,24.33,8.08,503.5,1078.1,56613.4
2045-06-20,0.0,27.65,8.56,519.5,1113.8,56621.9
2045-06-21,0.0,28.97,11.42,496.4,1349.1,56625.6
2045-06-22,0.0,30.14,10.16,513.4,1240.8,56624.3
2045-06-23,0.0,29.23,12.49,480.7,1447.8,56618.3
2045-06-24,0.0,23.07,9.01,459.4,1148.6,56607.4
2045-06-25,0.0,26.54,9.56,492.5,1191.3,56591.7
2045-06-26,0.0,29.58,11.31,494.3,1339.0,56571.1
2045-06-27,0.0,29.09,14.12,446.0,1610.6,56545.8
2045-06-28,6.61,25.54,16.0,253.3,1816.9,56515.6
2045-06-29,0.0,20.42,10.25,369.8,1248.1,56480.7
2045-06-30,0.0,20.59,5.47,477.8,901.2,56441.1
2045-07-01,5.97,22.4,4.08,382.4,817.8,56396.8
2045-07-02,1.57,19.59,10.42,329.6,1262.5,56347.9
2045-07-03,0.0,22.66,6.11,485.7,941.8,56294.3
2045-07-04,3.4,27.28,11.17,344.4,1326.8,56236.2
2045-07-05,0.0,28.71,14.22,425.7,1621.2,56173.5
2045-07-06,0.0,30.7,16.58,409.7,1885.2,56106.4
2045-07-07,0.0,25.85,16.02,327.0,1819.2,56034.9
2045-07-08,0.0,23.67,5.98,490.2,933.1,55959.1
2045-07-09,0.0,25.92,6.27,503.4,952.4,55878.9
2045-07-10,27.21,18.39,10.59,202.9,1277.0,55794.5
2045-07-11,5.85,17.85,12.46,142.8,1445.0,55706.0
2045-07-12,0.0,24.76,9.93,431.2,1221.3,55613.4
2045-07-13,0.0,23.66,8.89,433.7,1139.3,55516.8
2045-07-14,0.0,22.99,10.7,385.2,1286.0,55416.2
2045-07-15,0.0,22.7,5.44,478.5,899.4,55311.7
2045-07-16,0.0,24.92,6.58,480.9,973.0,55203.4
2045-07-17,0.0,24.75,8.77,442.1,1129.6,55091.5
2045-07-18,0.0,27.11,10.66,439.7,1282.9,54975.8
2045-07-19,0.0,24.06,13.13,334.0,1509.4,54856.7
2045-07-20,0.0,21.98,6.5,440.8,967.2,54734.0
2045-07-21,0.0,26.09,5.31,499.8,891.3,54607.9
2045-07-22,0.0,25.25,8.48,452.2,1108.0,54478.5
2045-07-23,0.0,25.87,6.94,478.7,997.6,54345.9
2045-07-24,0.0,29.06,7.22,497.4,1016.9,54210.1
2045-07-25,0.0,32.83,12.61,466.2,1458.8,54071.2
2045-07-26,0.0,31.65,15.57,411.1,1768.0,53929.4
2045-07-27,18.51,32.56,16.67,301.8,1896.3,53784.6
2045-07-28,7.16,19.49,15.46,100.3,1755.2,53637.0
2045-07-29,0.0,19.42,7.52,361.8,1037.4,53486.6
2045-07-30,0.0,20.83,5.64,427.1,911.4,53333.6
2045-07-31,0.0,24.89,5.4,478.2,896.7,53177.9
2045-08-01,0.0,27.47,6.82,479.4,989.3,53019.8
2045-08-02,5.93,26.64,9.3,328.5,1170.6,52859.2
2045-08-03,2.49,23.83,14.33,211.3,1632.3,52696.3
2045-08-04,6.1,24.32,16.59,174.3,1887.5,52531.0
2045-08-05,0.0,25.9,17.76,242.1,2032.5,52363.6
2045-08-06,7.55,27.59,17.27,222.0,1970.5,52194.1
2045-08-07,6.64,25.41,16.15,208.3,1834.9,52022.5
2045-08-08,0.0,18.43,11.71,223.2,1375.5,51848.9
2045-08-09,0.0,23.23,7.84,423.0,1060.9,51673.3
2045-08-10,0.0,26.46,8.94,440.3,1142.9,51496.0
2045-08-11,0.0,27.87,12.23,405.2,1423.5,51316.8
2045-08-12,10.96,21.37,14.84,153.1,1687.1,51136.0
2045-08-13,10.53,21.54,15.56,141.6,1766.5,50953.4
2045-08-14,9.54,26.4,17.14,207.0,1953.4,50769.4
2045-08-15,0.0,28.34,14.72,374.2,1673.8,50583.7
2045-08-16,8.46,25.01,15.58,216.4,1769.4,50396.6
2045-08-17,0.0,20.86,9.96,340.1,1223.7,50208.2
2045-08-18,0.0,23.19,6.26,441.7,951.5,50018.3
2045-08-19,0.0,25.97,6.58,459.4,972.6,49827.2
2045-08-20,4.81,22.9,8.4,302.5,1101.6,49634.9
2045-08-21,4.59,21.86,13.54,199.2,1550.6,49441.3
2045-08-22,0.0,21.96,12.86,291.8,1483.1,49246.7
2045-08-23,0.0,20.13,10.75,309.6,1290.3,49050.9
2045-08-24,0.0,16.42,6.29,342.2,953.4,48854.2
2045-08-25,0.0,14.99,4.52,354.8,843.0,48656.4
2045-08-26,0.0,14.84,4.85,344.9,862.8,48457.8
2045-08-27,0.0,19.63,1.99,454.7,704.7,48258.2
2045-08-28,0.0,23.69,3.91,459.7,807.8,48057.8
2045-08-29,2.1,26.67,8.67,433.4,1122.0,47856.6
2045-08-30,8.9,20.45,13.64,171.3,1561.3,47654.7
2045-08-31,0.0,16.67,11.0,204.3,1312.3,47452.0
2045-09-01,39.02,14.87,4.7,258.8,853.6,47248.7
2045-09-02,0.0,17.91,8.38,320.9,1100.6,47044.8
2045-09-03,0.0,14.72,2.45,382.9,728.4,46840.2
2045-09-04,0.0,20.02,-0.94,458.6,570.2,46635.1
2045-09-05,0.0,21.61,1.56,445.8,683.7,46429.5
2045-09-06,0.0,22.87,6.82,401.9,989.4,46223.4
2045-09-07,0.0,26.17,10.36,384.2,1257.6,46016.8
2045-09-08,0.0,26.85,10.76,383.1,1291.0,45809.8
2045-09-09,0.0,27.73,13.28,356.3,1524.2,45602.5
2045-09-10,11.81,29.92,17.34,237.0,1979.2,45394.8
2045-09-11,0.0,17.47,13.31,132.2,1527.4,45186.7
2045-09-12,0.0,21.77,12.1,274.5,1410.8,44978.4
2045-09-13,1.78,19.93,7.44,333.3,1032.4,44769.9
2045-09-14,5.37,14.62,7.25,169.3,1018.8,44561.1
2045-09-15,2.92,18.84,7.55,232.6,1039.5,44352.1
2045-09-16,4.04,22.02,3.69,295.8,795.3,44143.0
2045-09-17,1.33,15.51,7.09,246.5,1007.4,43933.7
2045-09-18,0.0,21.33,6.61,355.5,974.8,43724.4
2045-09-19,1.64,18.85,3.55,364.2,787.4,43514.9
2045-09-20,3.01,19.93,8.11,229.5,1080.1,43305.4
2045-09-21,0.0,23.56,11.63,295.8,1368.0,43095.9
2045-09-22,10.23,22.8,10.29,227.7,1251.6,42886.4
2045-09-23,2.42,24.35,9.69,245.5,1202.3,42677.0
2045-09-24,0.0,10.05,3.38,191.3,778.1,42467.6
2045-09-25,0.0,15.99,-2.49,372.5,508.6,42258.4
2045-09-26,6.29,12.97,1.06,223.3,659.3,42049.2
2045-09-27,0.0,6.39,-0.62,201.7,583.7,41840.3
2045-09-28,0.0,11.0,-3.29,335.3,479.2,41631.5
2045-09-29,2.69,14.79,1.99,229.0,705.1,41422.9
2045-09-30,0.0,10.88,-0.12,274.8,605.6,41214.6
2045-10-01,0.0,13.99,-2.77,340.7,498.2,41006.6
2045-10-02,12.42,21.07,4.36,244.1,833.8,40798.9
2045-10-03,0.0,18.46,3.42,307.7,780.3,40591.5
2045-10-04,2.4,4.76,-1.85,131.7,533.2,40384.6
2045-10-05,0.0,7.13,-1.13,214.7,562.4,40178.0
2045-10-06,2.73,6.97,-1.44,164.4,549.7,39971.9
2045-10-07,2.42,8.86,2.04,137.1,707.6,39766.2
2045-10-08,0.0,7.51,0.59,187.9,637.6,39561.1
2045-10-09,0.0,7.6,-1.9,243.3,531.3,39356.6
2045-10-10,0.0,8.37,-4.21,287.8,447.2,39152.6
2045-10-11,0.0,10.8,-3.29,295.7,479.1,38949.3
2045-10-12,1.7,11.01,-0.71,262.5,580.0,38746.6
2045-10-13,1.53,14.9,1.43,276.7,677.2,38544.7
2045-10-14,0.0,7.53,-0.9,203.3,571.7,38343.5
2045-10-15,1.37,12.53,-4.37,299.7,441.9,38143.1
2045-10-16,15.27,10.58,-0.16,177.6,603.7,37943.5
2045-10-17,0.0,3.6,-0.97,116.3,569.1,37744.9
2045-10-18,0.0,1.12,-1.92,82.8,530.4,37547.1
2045-10-19,0.0,5.97,-6.17,256.6,385.4,37350.4
2045-10-20,14.47,13.24,-7.65,253.7,343.7,37154.6
2045-10-21,4.74,16.25,1.46,220.9,678.9,36959.9
2045-10-22,0.0,7.05,-0.35,189.7,595.5,36766.4
2045-10-23,0.0,11.29,-2.22,280.6,519.0,36574.0
2045-10-24,0.0,14.08,-0.96,285.2,569.2,36382.9
2045-10-25,0.0,20.57,-0.3,305.0,597.7,36193.1
2045-10-26,0.0,15.05,-0.48,250.6,589.8,36004.6
2045-10-27,0.0,18.28,3.32,237.4,774.7,35817.5
2045-10-28,0.0,20.66,7.76,212.8,1055.1,35631.9
2045-10-29,0.0,17.58,5.64,204.1,912.0,35447.8
2045-10-30,0.0,20.51,7.12,211.5,1009.5,35265.2
2045-10-31,10.21,20.01,4.98,168.0,870.6,35084.4
2045-11-01,4.92,13.35,4.66,120.5,851.5,34905.2
2045-11-02,0.0,5.01,-0.99,122.0,567.9,34727.8
2045-11-03,8.2,4.37,0.09,66.5,614.7,34552.3
2045-11-04,0.0,-0.94,-4.82,82.6,426.9,34378.7
2045-11-05,0.0,2.09,-9.42,198.4,299.3,34207.0
2045-11-06,3.99,8.2,-4.44,151.5,439.6,34037.5
2045-11-07,1.05,6.58,1.33,99.8,672.3,33870.0
2045-11-08,1.54,4.3,-0.11,85.6,606.0,33704.8
2045-11-09,18.39,12.17,1.19,132.8,665.5,33541.9
2045-11-10,0.0,7.5,1.28,115.3,669.8,33381.3
2045-11-11,1.76,7.69,-0.61,146.4,584.3,33223.1
2045-11-12,0.0,2.92,-1.72,90.1,538.5,33067.5
2045-11-13,2.82,-1.24,-6.94,91.8,363.2,32914.4
2045-11-14,3.71,-0.01,-4.93,81.4,423.5,32764.0
2045-11-15,6.68,7.94,-2.26,140.6,517.4,32616.4
2045-11-16,11.78,17.26,0.99,147.6,656.0,32471.6
2045-11-17,0.0,3.45,-0.8,78.3,575.9,32329.7
2045-11-18,3.44,-0.21,-5.76,76.5,397.4,32190.8
2045-11-19,1.44,-4.6,-10.83,129.6,267.6,32055.0
2045-11-20,3.7,-5.11,-12.28,110.3,238.1,31922.3
2045-11-21,0.0,-6.04,-9.92,85.6,287.6,31792.9
2045-11-22,0.0,-6.29,-11.11,105.6,261.7,31666.8
2045-11-23,0.0,-8.88,-18.32,178.5,144.3,31544.1
2045-11-24,0.0,-7.17,-21.19,209.5,112.6,31424.9
2045-11-25,4.9,-10.05,-19.43,134.5,131.2,31309.3
2045-11-26,3.1,-7.47,-14.76,115.3,194.5,31197.3
2045-11-27,5.26,-7.91,-13.98,101.3,207.4,31089.0
2045-11-28,10.6,-3.01,-18.04,157.0,147.8,30984.5
2045-11-29,0.0,-10.33,-15.68,121.9,180.2,30883.9
2045-11-30,1.64,-10.14,-21.6,194.5,108.6,30787.2
2045-12-01,0.0,-12.91,-22.22,177.1,102.8,30694.6
2045-12-02,2.73,-12.09,-21.69,133.6,107.8,30606.0
2045-12-03,15.37,-6.56,-19.15,146.3,134.4,30521.6
2045-12-04,0.0,-10.82,-14.29,78.5,202.1,30441.4
2045-12-05,0.0,-8.82,-19.23,178.9,133.5,30365.6
2045-12-06,3.74,-3.63,-19.04,149.5,135.6,30294.0
2045-12-07,0.0,-10.14,-15.52,113.0,182.6,30226.9
2045-12-08,0.0,-14.99,-22.45,144.6,100.8,30164.2
2045-12-09,0.0,-14.31,-25.41,178.6,77.2,30106.1
2045-12-10,1.19,-10.47,-25.81,192.7,74.5,30052.5
2045-12-11,0.0,-10.93,-22.22,174.3,102.8,30003.5
2045-12-12,0.0,-13.05,-25.25,177.7,78.4,29959.2
2045-12-13,0.0,-15.5,-25.28,159.2,78.1,29919.5
2045-12-14,1.53,-16.64,-24.11,133.0,86.9,29884.6
2045-12-15,0.0,-14.49,-20.1,106.5,123.8,29854.4
2045-12-16,15.65,-4.12,-25.97,148.7,73.4,29829.0
2045-12-17,5.15,-6.87,-16.22,114.9,172.2,29808.5
2045-12-18,0.0,-8.75,-13.24,85.1,220.3,29792.7
2045-12-19,0.0,-9.56,-20.09,162.3,123.9,29781.8
2045-12-20,0.0,-11.96,-24.98,177.7,80.3,29775.7
2045-12-21,0.0,-12.97,-21.7,142.6,107.6,29774.4
2045-12-22,0.0,-15.81,-21.58,102.9,108.8,29778.1
2045-12-23,0.0,-16.43,-24.74,138.2,82.1,29786.5
2045-12-24,0.0,-11.32,-29.69,193.2,51.9,29799.8
2045-12-25,1.81,-8.76,-20.78,170.2,116.7,29818.0
2045-12-26,2.33,-7.4,-13.73,82.7,211.7,29840.9
2045-12-27,0.0,-16.04,-22.6,114.6,99.4,29868.6
2045-12-28,0.0,-14.37,-25.43,166.3,77.1,29901.2
2045-12-29,0.0,-19.8,-28.23,140.7,59.5,29938.4
2045-12-30,0.0,-14.23,-35.54,200.2,29.3,29980.4
2045-12-31,9.34,-2.11,-31.04,154.2,45.6,30027.0
2046-01-01,0.0,2.21,-18.25,200.5,145.2,30078.5
2046-01-02,0.0,-2.42,-15.91,172.2,176.8,30134.3
2046-01-03,0.0,-0.13,-12.38,163.1,236.4,30194.7
2046-01-04,5.27,2.74,-9.46,123.0,298.4,30259.6
2046-01-05,0.0,-6.27,-11.82,88.1,247.2,30328.9
2046-01-06,3.83,-6.15,-19.1,131.8,135.0,30402.6
2046-01-07,2.98,-6.68,-25.98,158.1,73.3,30480.7
2046-01-08,0.0,-0.8,-19.68,209.8,128.4,30562.9
2046-01-09,4.0,-2.03,-14.84,134.6,193.3,30649.4
2046-01-10,2.47,-1.34,-10.8,109.9,268.2,30740.0
2046-01-11,6.33,-7.83,-18.03,119.2,147.9,30834.6
2046-01-12,3.54,-6.0,-15.13,110.4,188.6,30933.3
2046-01-13,0.0,-8.58,-14.56,103.3,197.8,31035.8
2046-01-14,0.0,-13.58,-21.44,134.2,110.2,31142.2
2046-01-15,4.82,-13.01,-30.71,169.6,47.1,31252.3
2046-01-16,0.0,-5.75,-25.24,232.9,78.4,31366.2
2046-01-17,5.29,4.44,-21.15,186.2,113.0,31483.6
2046-01-18,1.96,6.94,-11.25,231.1,258.7,31604.5
2046-01-19,0.0,-10.42,-16.55,114.2,167.5,31728.9
2046-01-20,0.0,-6.45,-24.91,241.7,80.8,31856.7
2046-01-21,0.0,-15.8,-23.98,151.6,87.9,31987.7
2046-01-22,6.52,-11.45,-23.93,157.4,88.3,32121.9
2046-01-23,0.0,-3.46,-16.53,215.6,167.9,32259.3
2046-01-24,5.17,1.83,-16.9,192.7,162.8,32399.7
2046-01-25,7.83,3.79,-6.74,143.8,368.7,32543.0
2046-01-26,4.31,4.06,-0.63,71.2,583.3,32689.2
2046-01-27,0.0,-0.39,-7.86,149.8,338.3,32838.2
2046-01-28,0.0,4.72,-7.56,220.0,346.2,32989.9
2046-01-29,6.22,-0.25,-14.99,188.4,190.9,33144.3
2046-01-30,17.21,-5.48,-13.01,121.0,224.6,33301.2
2046-01-31,0.0,-2.56,-20.3,282.3,121.7,33460.6
2046-02-01,0.0,2.35,-14.06,275.8,206.0,33622.3
2046-02-02,0.0,-8.14,-18.59,219.8,141.0,33786.4
2046-02-03,0.0,-17.49,-26.79,206.9,68.1,33952.8
2046-02-04,0.0,-15.64,-27.82,250.4,61.9,34121.3
2046-02-05,0.0,-8.97,-31.46,320.4,43.8,34291.9
2046-02-06,0.0,-1.44,-24.17,324.1,86.4,34464.5
2046-02-07,0.0,1.03,-20.75,324.4,117.0,34639.0
2046-02-08,0.0,2.49,-15.26,306.9,186.6,34815.5
2046-02-09,4.87,7.07,-6.35,200.8,380.1,34993.8
2046-02-10,18.14,-0.82,-5.68,89.5,399.9,35173.8
2046-02-11,0.0,-3.17,-8.59,135.5,319.4,35355.5
2046-02-12,0.0,-7.58,-24.47,320.6,84.1,35538.8
2046-02-13,3.94,-3.78,-27.92,269.5,61.3,35723.7
2046-02-14,0.0,-8.27,-20.7,275.0,117.5,35910.0
2046-02-15,2.86,-11.06,-28.49,253.7,58.1,36097.8
2046-02-16,11.4,-8.52,-20.35,212.0,121.2,36287.0
2046-02-17,0.0,-10.02,-16.01,166.6,175.3,36477.5
2046-02-18,0.0,-10.7,-28.97,364.1,55.5,36669.2
2046-02-19,2.34,0.52,-21.29,289.9,111.6,36862.2
2046-02-20,0.0,-16.68,-22.37,162.4,101.4,37056.3
2046-02-21,0.0,-0.47,-28.02,410.6,60.7,37251.5
2046-02-22,7.8,10.43,-16.6,309.6,167.0,37447.8
2046-02-23,0.0,-2.36,-7.52,147.0,347.2,37645.0
2046-02-24,0.0,-12.78,-16.12,105.4,173.7,37843.2
2046-02-25,0.0,-14.26,-26.56,320.7,69.5,38042.3
2046-02-26,0.0,-16.28,-28.73,325.3,56.8,38242.3
2046-02-27,3.17,-7.71,-30.15,322.4,49.7,38443.1
2046-02-28,0.0,-11.03,-21.32,286.6,111.4,38644.7
2046-03-01,0.0,-2.17,-26.58,444.0,69.4,38847.0
2046-03-02,0.0,6.42,-15.41,432.0,184.4,39050.0
2046-03-03,0.0,-3.83,-14.29,291.1,202.2,39253.6
2046-03-04,0.0,-8.08,-15.83,230.0,178.0,39457.9
2046-03-05,0.0,-9.94,-22.26,339.4,102.5,39662.7
2046-03-06,0.0,-10.45,-28.0,421.4,60.8,39868.1
2046-03-07,0.0,-8.67,-24.52,407.1,83.8,40074.0
2046-03-08,0.0,1.26,-22.83,478.9,97.5,40280.3
2046-03-09,0.0,5.66,-13.38,447.7,217.9,40487.1
2046-03-10,0.0,10.23,-13.18,480.4,221.5,40694.3
2046-03-11,0.0,6.12,-7.33,374.7,352.5,40901.8
2046-03-12,0.0,7.67,-7.93,409.9,336.5,41109.7
2046-03-13,0.0,4.83,-4.22,273.8,446.8,41317.8
2046-03-14,5.78,5.5,-11.16,327.3,260.7,41526.3
2046-03-15,0.0,2.07,-4.86,228.3,425.9,41734.9
2046-03-16,3.92,6.92,0.0,171.4,610.8,41943.8
2046-03-17,12.34,6.16,1.34,126.9,672.6,42152.9
2046-03-18,0.0,5.77,1.17,165.8,664.5,42362.1
2046-03-19,0.0,3.46,-2.93,227.9,492.4,42571.4
2046-03-20,8.99,1.94,-8.01,261.9,334.3,42780.8
2046-03-21,3.55,1.61,-3.88,160.7,458.6,42990.3
2046-03-22,2.18,4.33,-11.48,364.1,254.1,43199.8
2046-03-23,0.0,6.19,-9.5,492.2,297.4,43409.3
2046-03-24,0.0,-4.46,-16.17,435.1,173.1,43618.7
2046-03-25,0.0,0.81,-15.23,512.0,187.2,43828.1
2046-03-26,0.0,1.93,-11.4,461.9,255.7,44037.5
2046-03-27,0.0,-7.96,-20.06,443.0,124.3,44246.7
2046-03-28,0.0,-2.71,-16.6,483.0,166.9,44455.7
2046-03-29,0.0,-3.99,-18.88,510.8,137.6,44664.6
2046-03-30,2.92,5.26,-20.17,450.4,123.1,44873.3
2046-03-31,0.0,2.72,-9.01,444.3,309.1,45081.7
2046-04-01,0.0,5.85,-1.35,306.3,553.2,45289.9
2046-04-02,0.0,3.13,-0.28,159.8,598.3,45497.8
2046-04-03,2.98,6.86,-0.72,246.2,579.3,45705.3
2046-04-04,15.57,7.53,0.71,226.9,642.8,45912.5
2046-04-05,0.64,5.12,1.73,167.0,691.9,46119.2
2046-04-06,0.0,4.89,-2.23,337.0,518.5,46325.6
2046-04-07,0.0,2.93,-5.38,402.1,409.2,46531.4
2046-04-08,0.0,2.21,-7.15,451.9,357.4,46736.8
2046-04-09,0.0,7.85,-9.2,608.8,304.5,46941.7
2046-04-10,8.96,0.65,-4.03,197.6,453.3,47145.9
2046-04-11,6.77,-1.57,-3.98,114.8,454.9,47349.6
2046-04-12,0.0,2.72,-7.09,501.5,358.8,47552.6
2046-04-13,0.0,4.2,-10.63,612.1,272.0,47754.9
2046-04-14,3.58,8.27,-5.15,438.6,416.3,47956.4
2046-04-15,4.07,4.56,-0.46,219.1,590.6,48157.2
2046-04-16,0.0,8.05,0.88,393.8,651.0,48357.2
2046-04-17,4.89,4.49,-3.66,330.0,466.2,48556.4
2046-04-18,0.0,0.73,-5.6,362.8,402.4,48754.6
2046-04-19,0.0,10.33,-7.36,643.5,334.4,48951.8
2046-04-20,7.2,14.4,0.4,438.4,628.6,49148.1
2046-04-21,0.0,8.99,2.52,356.9,732.2,49343.3
2046-04-22,0.0,13.74,-3.13,636.2,449.1,49537.4
2046-04-23,0.0,7.58,0.23,405.9,621.1,49730.4
2046-04-24,0.0,14.41,-3.24,648.0,431.5,49922.1
2046-04-25,0.0,11.57,-1.18,583.0,528.2,50112.6
2046-04-26,0.0,18.87,1.4,640.9,557.7,50301.8
2046-04-27,1.89,27.79,4.67,659.9,627.6,50489.6
2046-04-28,0.0,12.68,4.68,420.9,852.8,50675.9
2046-04-29,0.0,11.84,2.57,489.8,711.6,50860.8
2046-04-30,0.0,23.78,2.97,661.2,563.2,51044.1
2046-05-01,4.69,22.67,7.05,455.4,865.4,51225.8
2046-05-02,0.0,13.89,4.67,463.8,787.3,51405.8
2046-05-03,0.0,12.12,-2.31,606.4,435.6,51584.1
2046-05-04,0.0,14.09,-3.42,643.9,380.6,51760.6
2046-05-05,3.57,12.61,1.26,387.0,668.8,51935.1
2046-05-06,4.12,7.43,2.53,195.2,732.8,52107.8
2046-05-07,0.0,12.76,-0.39,565.5,521.7,52278.4
2046-05-08,0.0,16.03,-1.13,629.4,453.5,52446.9
2046-05-09,0.0,21.4,3.01,635.5,569.5,52613.2
2046-05-10,7.6,16.73,5.94,356.2,930.7,52777.3
2046-05-11,4.04,13.1,6.41,240.0,961.6,52939.1
2046-05-12,0.0,17.63,0.57,615.5,484.2,53098.5
2046-05-13,0.0,15.94,5.3,469.0,784.7,53255.4
2046-05-14,0.0,19.56,2.47,612.4,541.2,53409.7
2046-05-15,8.2,20.62,1.28,471.0,564.5,53561.4
2046-05-16,0.0,16.57,6.44,431.6,881.2,53710.5
2046-05-17,10.71,13.67,0.93,383.7,640.2,53856.7
2046-05-18,5.11,8.3,3.62,165.0,791.7,54000.0
2046-05-19,3.79,7.08,1.74,192.4,692.4,54140.4
2046-05-20,0.99,10.2,2.05,377.7,708.2,54277.8
2046-05-21,13.44,6.93,1.99,181.7,705.2,54412.0
2046-05-22,20.43,4.4,0.15,164.1,617.5,54543.1
2046-05-23,0.0,13.62,1.07,527.0,624.2,54670.8
2046-05-24,0.0,16.11,-1.23,617.6,476.0,54795.2
2046-05-25,0.0,20.53,-1.26,651.8,442.7,54916.2
2046-05-26,0.0,23.56,0.18,655.7,474.8,55033.6
2046-05-27,0.0,25.01,2.46,646.9,554.0,55147.4
2046-05-28,0.0,26.39,5.01,629.4,663.2,55257.6
2046-05-29,1.76,13.48,4.6,383.7,847.7,55364.0
2046-05-30,0.0,12.22,4.82,336.3,860.9,55466.5
2046-05-31,0.0,15.17,0.05,568.7,541.1,55565.2
2046-06-01,0.0,26.87,1.21,652.4,492.1,55659.8
2046-06-02,0.0,26.24,8.66,574.3,887.0,55750.4
2046-06-03,5.51,29.69,13.49,396.4,1422.6,55836.9
2046-06-04,5.52,19.78,10.82,272.7,1296.6,55919.2
2046-06-05,0.0,13.85,5.16,363.5,881.9,55997.2
2046-06-06,0.33,17.2,1.23,555.7,596.8,56070.9
2046-06-07,5.72,19.37,6.98,351.0,999.7,56140.2
2046-06-08,0.0,22.0,7.9,508.1,957.8,56205.1
2046-06-09,1.87,23.06,7.24,536.3,888.5,56265.6
2046-06-10,0.0,17.32,10.9,264.9,1303.2,56321.4
2046-06-11,0.0,21.21,8.17,477.4,1007.8,56372.7
2046-06-12,0.0,25.42,1.03,617.9,533.8,56419.4
2046-06-13,0.0,27.12,7.15,573.8,822.8,56461.3
2046-06-14,0.0,27.78,13.97,464.0,1418.7,56498.6
2046-06-15,7.44,21.22,14.79,169.2,1681.6,56531.2
2046-06-16,0.0,26.38,12.85,416.3,1363.4,56558.9
2046-06-17,6.47,28.78,14.39,311.8,1638.4,56581.9
2046-06-18,10.9,24.19,17.67,162.3,2021.1,56600.1
2046-06-19,7.94,14.05,9.65,123.1,1198.6,56613.4
2046-06-20,0.0,13.91,8.48,199.6,1108.1,56621.9
2046-06-21,4.55,17.23,10.26,184.9,1248.8,56625.6
2046-06-22,5.4,20.11,12.39,201.3,1437.8,56624.3
2046-06-23,10.06,16.43,12.45,113.9,1443.7,56618.3
2046-06-24,6.28,22.4,14.24,219.0,1623.0,56607.4
2046-06-25,0.0,24.94,12.77,405.8,1466.9,56591.7
2046-06-26,0.0,27.41,13.37,443.6,1466.2,56571.1
2046-06-27,5.95,24.45,13.18,297.1,1514.6,56545.8
2046-06-28,0.0,20.76,10.4,382.3,1260.7,56515.6
2046-06-29,0.0,23.65,6.39,504.5,904.1,56480.7
2046-06-30,0.0,23.45,10.82,426.4,1287.5,56441.1
2046-07-01,0.0,21.8,9.41,434.0,1175.9,56396.8
2046-07-02,0.0,25.87,8.62,504.6,1038.2,56347.9
2046-07-03,7.61,22.68,10.93,314.1,1305.5,56294.3
2046-07-04,0.0,17.32,12.35,209.6,1434.9,56236.2
2046-07-05,0.0,18.07,9.39,346.9,1178.3,56173.5
2046-07-06,0.0,16.45,4.49,444.7,841.5,56106.4
2046-07-07,0.0,18.65,5.99,454.8,922.8,56034.9
2046-07-08,7.55,23.52,4.38,394.9,834.9,55959.1
2046-07-09,3.61,24.68,11.69,330.9,1373.6,55878.9
2046-07-10,2.4,22.03,11.22,297.0,1331.8,55794.5
2046-07-11,0.0,21.35,10.69,395.7,1285.3,55706.0
2046-07-12,0.0,19.25,6.62,455.8,957.8,55613.4
2046-07-13,0.0,22.94,5.01,523.6,800.1,55516.8
2046-07-14,0.0,28.39,7.37,531.6,898.7,55416.2
2046-07-15,0.0,26.3,13.6,429.4,1478.2,55311.7
2046-07-16,0.0,29.59,17.55,402.0,1917.2,55203.4
2046-07-17,0.0,27.93,15.33,422.5,1636.6,55091.5
2046-07-18,0.0,28.77,14.19,453.6,1476.8,54975.8
2046-07-19,4.31,27.79,17.55,264.1,2005.0,54856.7
2046-07-20,0.0,23.06,13.71,340.2,1567.8,54734.0
2046-07-21,0.0,23.92,11.82,408.5,1343.0,54607.9
2046-07-22,0.0,25.87,8.6,488.9,1007.4,54478.5
2046-07-23,27.36,18.82,13.01,164.5,1498.4,54345.9
2046-07-24,5.94,21.28,14.5,187.0,1650.0,54210.1
2046-07-25,0.0,22.8,14.97,283.4,1701.2,54071.2
2046-07-26,0.0,28.14,14.34,421.6,1624.6,53929.4
2046-07-27,0.0,29.62,12.3,469.9,1364.8,53784.6
2046-07-28,0.0,29.91,13.14,457.8,1453.7,53637.0
2046-07-29,0.0,31.52,12.92,474.0,1408.5,53486.6
2046-07-30,0.0,31.42,14.18,454.2,1553.6,53333.6
2046-07-31,0.0,28.42,13.7,423.0,1549.4,53177.9
2046-08-01,0.0,18.95,14.15,178.8,1613.2,53019.8
2046-08-02,0.0,24.69,10.33,431.8,1254.3,52859.2
2046-08-03,0.0,28.16,10.75,461.7,1248.9,52696.3
2046-08-04,0.0,31.52,11.2,479.2,1246.6,52531.0
2046-08-05,0.0,31.26,12.54,459.2,1374.8,52363.6
2046-08-06,2.62,22.54,16.11,159.9,1829.6,52194.1
2046-08-07,5.22,20.35,15.04,139.5,1708.3,52022.5
2046-08-08,10.42,25.5,17.24,203.1,1966.5,51848.9
2046-08-09,0.0,26.57,14.24,373.1,1623.3,51673.3
2046-08-10,5.54,26.13,15.17,255.9,1722.6,51496.0
2046-08-11,12.23,21.97,17.22,124.5,1963.4,51316.8
2046-08-12,0.0,26.18,17.27,293.1,1969.7,51136.0
2046-08-13,49.52,20.48,13.83,182.8,1580.4,50953.4
2046-08-14,0.0,19.54,12.84,250.3,1481.1,50769.4
2046-08-15,0.0,23.09,8.56,436.1,1113.8,50583.7
2046-08-16,0.0,23.12,11.06,389.3,1317.2,50396.6
2046-08-17,0.0,27.8,11.67,440.1,1371.6,50208.2
2046-08-18,7.85,26.48,13.67,291.2,1563.4,50018.3
2046-08-19,0.0,17.16,5.14,394.2,880.8,49827.2
2046-08-20,0.0,19.43,2.35,464.1,723.6,49634.9
2046-08-21,0.0,23.24,4.41,470.3,836.6,49441.3
2046-08-22,0.0,26.01,6.1,466.6,941.3,49246.7
2046-08-23,0.0,27.98,8.15,454.8,1082.9,49050.9
2046-08-24,0.0,28.81,10.03,436.8,1230.1,48854.2
2046-08-25,0.0,28.78,12.33,405.3,1433.0,48656.4
2046-08-26,0.0,29.83,12.72,408.6,1470.2,48457.8
2046-08-27,17.13,29.02,16.01,258.5,1818.4,48258.2
2046-08-28,7.62,25.19,14.55,231.3,1655.2,48057.8
2046-08-29,7.89,22.52,13.79,202.0,1575.7,47856.6
2046-08-30,0.0,21.11,6.77,393.9,985.9,47654.7
2046-08-31,0.0,23.33,8.35,391.7,1098.0,47452.0
2046-09-01,0.0,25.59,8.6,409.8,1116.7,47248.7
2046-09-02,0.0,22.01,11.58,304.8,1363.4,47044.8
2046-09-03,0.0,18.73,4.5,388.1,842.1,46840.2
2046-09-04,3.17,21.22,1.79,329.9,694.9,46635.1
2046-09-05,0.0,20.95,7.33,365.0,1024.6,46429.5
2046-09-06,2.05,23.49,3.73,426.5,797.8,46223.4
2046-09-07,12.64,18.37,6.23,247.0,949.9,46016.8
2046-09-08,0.0,15.69,0.87,377.0,650.2,45809.8
2046-09-09,0.0,20.92,1.4,416.4,676.0,45602.5
2046-09-10,0.88,19.25,6.86,317.0,991.6,45394.8
2046-09-11,0.0,17.83,8.15,259.3,1083.6,45186.7
2046-09-12,0.0,21.01,1.07,404.9,659.8,44978.4
2046-09-13,1.87,14.66,5.41,243.3,897.2,44769.9
2046-09-14,0.0,22.63,3.88,382.9,806.1,44561.1
2046-09-15,10.89,19.74,12.73,134.2,1470.9,44352.1
2046-09-16,0.0,11.76,6.98,133.6,1000.2,44143.0
2046-09-17,0.0,8.97,0.65,226.9,640.2,43933.7
2046-09-18,0.0,9.17,-0.01,246.6,610.1,43724.4
2046-09-19,5.41,12.68,1.24,218.5,668.2,43514.9
2046-09-20,2.78,10.16,4.6,118.5,848.2,43305.4
2046-09-21,0.0,15.65,2.99,313.4,757.0,43095.9
2046-09-22,31.84,13.27,6.15,150.4,944.8,42886.4
2046-09-23,18.98,14.46,7.28,153.1,1020.7,42677.0
2046-09-24,0.0,11.47,5.17,186.5,882.4,42467.6
2046-09-25,0.0,16.79,4.4,313.6,836.1,42258.4
2046-09-26,0.0,17.07,6.83,273.0,989.5,42049.2
2046-09-27,0.0,19.15,10.41,235.5,1261.4,41840.3
2046-09-28,4.12,18.8,9.87,178.7,1216.5,41631.5
2046-09-29,1.38,13.82,8.49,156.1,1108.8,41422.9
2046-09-30,27.6,11.55,2.59,188.7,735.9,41214.6
2046-10-01,0.0,12.59,4.69,227.8,853.2,41006.6
2046-10-02,2.86,7.99,1.97,137.6,704.0,40798.9
2046-10-03,0.0,10.8,1.27,265.4,669.6,40591.5
2046-10-04,9.95,17.2,-1.71,266.9,538.8,40384.6
2046-10-05,3.35,13.71,3.27,206.2,772.3,40178.0
2046-10-06,4.02,20.26,3.41,250.3,779.9,39971.9
2046-10-07,12.44,11.61,5.77,130.1,919.7,39766.2
2046-10-08,4.34,7.17,3.57,86.5,788.8,39561.1
2046-10-09,18.44,5.29,2.87,63.6,750.7,39356.6
2046-10-10,2.62,6.84,2.54,106.8,733.3,39152.6
2046-10-11,7.0,13.08,3.94,192.0,809.7,38949.3
2046-10-12,10.64,17.38,7.41,198.8,1029.7,38746.6
2046-10-13,16.47,20.6,13.36,153.3,1532.6,38544.7
2046-10-14,4.69,17.77,12.48,122.8,1446.8,38343.5
2046-10-15,2.54,16.77,5.35,209.4,893.6,38143.1
2046-10-16,0.0,11.84,0.59,278.1,637.5,37943.5
2046-10-17,3.99,12.17,0.3,210.1,624.1,37744.9
2046-10-18,6.13,16.51,5.25,197.5,887.5,37547.1
2046-10-19,11.48,11.66,3.82,161.4,803.0,37350.4
2046-10-20,0.0,6.22,-1.37,211.4,552.6,37154.6
2046-10-21,0.0,11.61,-4.36,291.8,442.0,36959.9
2046-10-22,3.58,10.4,1.42,169.2,676.5,36766.4
2046-10-23,22.0,7.08,-2.58,176.2,505.1,36574.0
2046-10-24,32.39,4.41,0.37,87.1,627.2,36382.9
2046-10-25,0.0,4.26,-0.85,144.7,574.0,36193.1
2046-10-26,0.0,4.16,-1.93,168.0,530.3,36004.6
2046-10-27,0.0,0.96,-3.5,128.8,471.8,35817.5
2046-10-28,4.75,5.24,-6.53,208.5,374.8,35631.9
2046-10-29,1.55,3.4,-0.71,127.9,579.7,35447.8
2046-10-30,0.0,6.03,-2.86,233.1,494.6,35265.2
2046-10-31,0.0,2.9,-1.56,122.2,544.8,35084.4
2046-11-01,0.0,1.37,-4.77,159.6,428.6,34905.2
2046-11-02,2.12,1.17,-5.54,128.0,404.3,34727.8
2046-11-03,5.32,3.2,-2.18,108.4,520.2,34552.3
2046-11-04,10.25,13.27,0.16,174.6,617.8,34378.7
2046-11-05,4.91,3.05,-2.53,111.2,507.2,34207.0
2046-11-06,24.1,-0.9,-3.06,48.2,487.4,34037.5
2046-11-07,0.0,-1.13,-4.91,104.9,424.1,33870.0
2046-11-08,0.0,-2.83,-6.5,100.9,375.7,33704.8
2046-11-09,0.0,0.43,-9.91,208.5,287.8,33541.9
2046-11-10,34.4,0.98,-7.14,155.4,357.7,33381.3
2046-11-11,9.42,0.38,-4.37,103.4,441.7,33223.1
2046-11-12,7.04,-3.57,-6.95,76.9,362.9,33067.5
2046-11-13,1.22,0.09,-8.98,215.2,309.8,32914.4
2046-11-14,0.0,0.92,-4.98,161.2,422.0,32764.0
2046-11-15,0.0,5.14,-4.74,217.2,429.8,32616.4
2046-11-16,8.45,2.64,-2.58,108.6,505.0,32471.6
2046-11-17,0.0,1.96,-0.78,82.1,577.0,32329.7
2046-11-18,0.0,1.22,-3.26,128.1,480.2,32190.8
2046-11-19,11.8,-2.32,-8.08,119.4,332.5,32055.0
2046-11-20,0.0,0.1,-6.31,171.8,381.3,31922.3
2046-11-21,0.0,-0.32,-4.56,124.7,435.4,31792.9
2046-11-22,2.79,1.09,-5.66,132.3,400.6,31666.8
2046-11-23,3.28,1.52,-1.18,61.2,560.1,31544.1
2046-11-24,2.46,3.45,-0.32,81.4,596.8,31424.9
2046-11-25,5.06,1.98,-2.11,87.7,523.1,31309.3
2046-11-26,0.0,-2.84,-7.2,124.2,356.0,31197.3
2046-11-27,3.51,3.69,-11.92,163.0,245.3,31089.0
2046-11-28,0.0,11.69,-4.67,209.7,432.0,30984.5
2046-11-29,0.0,6.37,-0.11,151.8,605.7,30883.9
2046-11-30,0.0,-1.91,-9.13,165.1,306.2,30787.2
2046-12-01,0.0,3.38,-8.31,197.0,326.5,30694.6
2046-12-02,0.0,5.71,-5.52,191.0,405.0,30606.0
2046-12-03,12.68,-5.49,-12.02,112.5,243.2,30521.6
2046-12-04,23.84,1.76,-10.09,148.4,283.9,30441.4
2046-12-05,0.0,-0.68,-6.48,136.0,376.2,30365.6
2046-12-06,0.0,-2.47,-13.35,189.6,218.4,30294.0
2046-12-07,0.0,-0.27,-12.35,191.8,237.0,30226.9
2046-12-08,0.0,-0.53,-8.86,161.8,312.8,30164.2
2046-12-09,0.0,0.11,-6.61,140.7,372.4,30106.1
2046-12-10,0.0,1.21,-8.68,173.6,317.3,30052.5
2046-12-11,0.0,-9.5,-14.93,119.8,191.8,30003.5
2046-12-12,2.04,-3.93,-16.16,186.1,173.1,29959.2
2046-12-13,2.63,2.99,-14.51,147.7,198.6,29919.5
2046-12-14,0.0,-10.82,-17.59,135.4,153.5,29884.6
2046-12-15,0.0,-5.32,-19.47,190.4,130.8,29854.4
2046-12-16,3.31,-1.22,-16.56,144.4,167.5,29829.0
2046-12-17,0.0,0.82,-7.87,149.8,337.9,29808.5
2046-12-18,10.71,2.3,-7.88,122.3,337.7,29792.7
2046-12-19,0.0,-0.67,-8.62,139.8,318.8,29781.8
2046-12-20,0.0,-8.3,-19.87,174.4,126.3,29775.7
2046-12-21,5.9,0.56,-20.31,149.4,121.6,29774.4
2046-12-22,7.07,3.07,-6.01,109.7,390.0,29778.1
2046-12-23,16.77,5.7,-0.64,81.0,583.0,29786.5
2046-12-24,11.8,-6.69,-10.06,48.2,284.6,29799.8
2046-12-25,0.0,-8.05,-20.5,177.0,119.6,29818.0
2046-12-26,1.26,-6.25,-20.47,184.8,119.9,29840.9
2046-12-27,0.0,-12.37,-30.3,198.2,49.0,29868.6
2046-12-28,0.0,-6.2,-30.85,205.5,46.5,29901.2
2046-12-29,5.56,3.18,-19.31,152.8,132.6,29938.4
2046-12-30,7.36,3.12,-9.47,127.1,298.1,29980.4
2046-12-31,0.0,-13.47,-17.67,73.6,152.5,30027.0
2047-01-01,0.0,-8.07,-27.12,183.0,66.0,30078.5
2047-01-02,0.0,-1.41,-20.81,184.4,116.4,30134.3
2047-01-03,0.0,-11.97,-25.25,156.7,78.4,30194.7
2047-01-04,0.0,-7.87,-24.43,177.0,84.4,30259.6
2047-01-05,0.5,-5.1,-18.21,156.8,145.7,30328.9
2047-01-06,0.0,-5.64,-14.21,114.6,203.6,30402.6
2047-01-07,0.0,-16.27,-24.36,111.5,84.9,30480.7
2047-01-08,0.0,-19.57,-31.37,151.8,44.2,30562.9
2047-01-09,7.7,-9.14,-30.05,152.2,50.2,30649.4
2047-01-10,0.0,-11.66,-23.82,157.9,89.2,30740.0
2047-01-11,1.11,-17.52,-27.52,138.7,63.6,30834.6
2047-01-12,11.02,-13.98,-26.71,125.8,68.6,30933.3
2047-01-13,0.0,-10.46,-20.4,141.1,120.6,31035.8
2047-01-14,1.71,-8.34,-25.46,200.0,76.9,31142.2
2047-01-15,0.0,-7.39,-19.55,166.8,129.8,31252.3
2047-01-16,12.59,-0.14,-13.49,134.4,216.0,31366.2
2047-01-17,0.0,-1.42,-7.7,98.4,342.5,31483.6
2047-01-18,1.97,-4.4,-15.06,158.0,189.7,31604.5
2047-01-19,3.99,-9.01,-24.92,155.7,80.8,31728.9
2047-01-20,0.0,-6.11,-21.87,208.0,106.0,31856.7
2047-01-21,0.0,-19.08,-28.76,154.6,56.7,31987.7
2047-01-22,0.0,-18.11,-33.2,210.4,37.0,32121.9
2047-01-23,1.56,-10.04,-33.57,247.6,35.7,32259.3
2047-01-24,0.0,-3.62,-20.49,226.2,119.7,32399.7
2047-01-25,0.0,-22.21,-29.82,133.3,51.3,32543.0
2047-01-26,0.0,-10.66,-36.08,261.1,27.8,32689.2
2047-01-27,1.02,-4.06,-25.73,256.3,75.0,32838.2
2047-01-28,0.0,-0.11,-14.05,214.7,206.3,32989.9
2047-01-29,6.26,-8.59,-16.17,104.4,173.0,33144.3
2047-01-30,5.69,-7.41,-18.48,144.9,142.3,33301.2
2047-01-31,1.47,-9.39,-18.06,164.2,147.6,33460.6
2047-02-01,0.0,-14.73,-24.71,190.7,82.3,33622.3
2047-02-02,0.0,0.12,-26.2,290.4,71.9,33786.4
2047-02-03,0.0,5.1,-11.47,257.0,254.3,33952.8
2047-02-04,0.0,1.87,-2.62,94.4,503.7,34121.3
2047-02-05,0.0,3.78,-3.06,140.5,487.4,34291.9
2047-02-06,0.0,2.96,-12.45,260.2,235.0,34464.5
2047-02-07,0.0,2.05,-10.03,228.3,285.3,34639.0
2047-02-08,0.0,4.54,-7.82,236.3,339.3,34815.5
2047-02-09,0.0,2.49,-9.61,237.7,294.8,34993.8
2047-02-10,0.0,-4.74,-16.78,242.6,164.4,35173.8
2047-02-11,0.0,-10.38,-27.3,295.5,64.9,35355.5
2047-02-12,0.0,-15.09,-27.73,256.8,62.4,35538.8
2047-02-13,0.0,-8.59,-30.15,325.9,49.7,35723.7
2047-02-14,16.13,-8.81,-27.16,238.4,65.8,35910.0
2047-02-15,7.71,-2.27,-17.54,221.8,154.2,36097.8
2047-02-16,0.0,-11.31,-17.32,146.1,157.1,36287.0
2047-02-17,0.0,-5.39,-24.09,330.5,87.1,36477.5
2047-02-18,0.0,-4.26,-27.04,354.0,66.5,36669.2
2047-02-19,7.08,1.58,-24.1,275.7,87.0,36862.2
2047-02-20,0.0,4.67,-14.4,337.6,200.5,37056.3
2047-02-21,0.0,1.21,-10.87,264.0,266.8,37251.5
2047-02-22,4.88,2.16,-9.89,204.4,288.3,37447.8
2047-02-23,0.0,-15.07,-24.06,226.2,87.3,37645.0
2047-02-24,1.58,-10.36,-25.03,322.8,80.0,37843.2
2047-02-25,0.0,-6.63,-23.13,350.4,94.8,38042.3
2047-02-26,0.0,-6.19,-26.7,386.4,68.7,38242.3
2047-02-27,0.0,-4.24,-26.91,399.9,67.3,38443.1
2047-02-28,0.0,-4.04,-23.93,385.8,88.3,38644.7
2047-03-01,1.43,2.55,-17.58,387.7,153.6,38847.0
2047-03-02,9.51,6.8,-7.89,249.2,337.4,39050.0
2047-03-03,9.75,-1.18,-7.34,125.6,352.1,39253.6
2047-03-04,18.94,-6.82,-10.54,86.4,274.0,39457.9
2047-03-05,1.45,-5.2,-10.43,160.7,276.2,39662.7
2047-03-06,0.0,3.9,-17.58,434.5,153.6,39868.1
2047-03-07,18.32,0.59,-9.75,218.5,291.6,40074.0
2047-03-08,7.3,-8.25,-11.84,90.0,246.9,40280.3
2047-03-09,3.1,-8.12,-13.36,128.6,218.2,40487.1
2047-03-10,3.48,-2.96,-12.58,223.7,232.6,40694.3
2047-03-11,0.0,0.82,-8.74,298.6,315.8,40901.8
2047-03-12,0.0,0.23,-4.85,173.3,426.0,41109.7
2047-03-13,0.0,1.8,-3.47,184.4,472.9,41317.8
2047-03-14,0.0,3.22,-3.67,240.6,465.6,41526.3
2047-03-15,0.0,2.41,-7.98,351.8,335.0,41734.9
2047-03-16,0.0,2.85,-12.81,457.2,228.2,41943.8
2047-03-17,0.0,4.62,-10.83,457.1,267.7,42152.9
2047-03-18,4.74,7.8,-11.91,375.6,245.4,42362.1
2047-03-19,16.67,2.28,-4.48,191.4,438.2,42571.4
2047-03-20,0.0,-1.61,-5.14,150.1,416.9,42780.8
2047-03-21,0.0,-3.45,-14.07,406.5,205.9,42990.3
2047-03-22,0.0,-2.49,-19.54,519.4,129.9,43199.8
2047-03-23,11.41,1.01,-20.07,413.8,124.1,43409.3
2047-03-24,4.18,-0.37,-11.11,313.9,261.6,43618.7
2047-03-25,0.0,5.06,-11.05,515.6,262.9,43828.1
2047-03-26,0.0,9.71,-15.29,573.3,186.2,44037.5
2047-03-27,8.82,10.64,-9.68,417.9,293.3,44246.7
2047-03-28,9.52,7.29,-1.9,279.8,531.2,44455.7
2047-03-29,0.0,4.27,-2.26,292.8,517.2,44664.6
2047-03-30,0.0,-3.26,-11.53,377.0,253.0,44873.3
2047-03-31,0.0,2.84,-15.97,581.8,175.9,45081.7
2047-04-01,0.0,4.1,-11.54,553.4,252.9,45289.9
2047-04-02,0.0,5.32,-10.52,553.8,274.3,45497.8
2047-04-03,0.0,4.83,-7.35,485.8,351.9,45705.3
2047-04-04,0.0,12.33,-5.77,570.1,397.4,45912.5
2047-04-05,1.64,12.01,2.23,412.0,717.2,46119.2
2047-04-06,2.1,12.05,1.99,423.2,704.9,46325.6
2047-04-07,6.94,3.5,-0.69,151.9,580.9,46531.4
2047-04-08,4.09,8.02,-0.04,270.6,609.1,46736.8
2047-04-09,15.14,3.16,0.11,117.0,615.6,46941.7
2047-04-10,12.02,1.86,-1.52,130.5,546.5,47145.9
2047-04-11,4.97,2.66,-2.11,178.8,523.2,47349.6
2047-04-12,0.0,0.63,-6.51,346.8,375.4,47552.6
2047-04-13,0.0,6.86,-7.79,560.1,340.0,47754.9
2047-04-14,0.0,9.66,-8.32,602.5,326.2,47956.4
2047-04-15,1.99,11.09,-4.43,570.3,439.7,48157.2
2047-04-16,2.06,2.24,-2.58,243.8,505.2,48357.2
2047-04-17,0.0,7.51,-2.57,464.3,505.7,48556.4
2047-04-18,0.0,10.8,-5.42,594.8,408.0,48754.6
2047-04-19,0.0,12.59,-5.74,613.8,398.2,48951.8
2047-04-20,0.0,11.11,-4.01,570.2,454.1,49148.1
2047-04-21,15.87,7.41,-0.17,271.0,603.0,49343.3
2047-04-22,8.97,5.75,0.67,196.6,641.1,49537.4
2047-04-23,0.0,8.26,1.43,344.6,677.1,49730.4
2047-04-24,0.0,16.59,0.1,603.6,615.2,49922.1
2047-04-25,0.0,11.09,-0.54,528.8,587.2,50112.6
2047-04-26,0.0,19.37,-3.5,658.0,457.2,50301.8
2047-04-27,0.0,9.29,-0.18,464.0,602.6,50489.6
2047-04-28,0.0,11.43,-4.43,611.5,439.8,50675.9
2047-04-29,0.0,16.22,-4.1,648.5,446.6,50860.8
2047-04-30,4.49,15.92,-2.51,474.7,507.9,51044.1
2047-05-01,0.0,16.55,2.65,563.7,739.0,51225.8
2047-05-02,2.85,13.96,5.29,313.5,889.6,51405.8
2047-05-03,13.67,6.12,2.37,155.0,724.5,51584.1
2047-05-04,0.0,7.22,3.54,210.3,786.8,51760.6
2047-05-05,0.0,11.68,2.39,467.5,725.5,51935.1
2047-05-06,17.56,14.53,-2.65,476.3,502.5,52107.8
2047-05-07,2.0,12.96,3.21,470.9,769.0,52278.4
2047-05-08,0.0,12.73,4.9,395.9,866.1,52446.9
2047-05-09,0.0,15.17,0.0,596.6,610.7,52613.2
2047-05-10,0.0,17.15,-2.01,638.4,527.1,52777.3
2047-05-11,2.07,21.19,-0.68,648.8,566.2,52939.1
2047-05-12,0.0,19.18,7.98,463.9,1070.7,53098.5
2047-05-13,0.0,21.58,2.26,619.3,706.8,53255.4
2047-05-14,0.0,13.35,1.25,505.1,668.7,53409.7
2047-05-15,0.0,19.06,-2.51,646.9,502.5,53561.4
2047-05-16,14.55,19.59,3.37,429.2,777.6,53710.5
2047-05-17,5.27,10.26,6.14,146.1,943.5,53856.7
2047-05-18,0.0,9.59,-1.15,464.9,561.6,54000.0
2047-05-19,0.0,17.51,-3.72,644.8,461.2,54140.4
2047-05-20,0.0,24.18,1.28,642.6,634.6,54277.8
2047-05-21,0.0,26.43,10.06,548.7,1194.4,54412.0
2047-05-22,0.0,17.75,3.32,527.0,774.9,54543.1
2047-05-23,10.3,19.95,-1.63,468.9,542.1,54670.8
2047-05-24,3.26,27.38,6.61,445.4,975.2,54795.2
2047-05-25,0.0,21.15,12.51,331.6,1450.0,54916.2
2047-05-26,6.83,20.99,1.53,446.2,682.2,55033.6
2047-05-27,24.8,12.79,8.61,135.0,1117.9,55147.4
2047-05-28,2.71,18.07,8.55,282.6,1113.1,55257.6
2047-05-29,0.0,20.85,7.72,482.2,1052.2,55364.0
2047-05-30,0.0,18.29,3.16,535.7,766.4,55466.5
2047-05-31,3.34,11.99,8.73,113.7,1126.6,55565.2
2047-06-01,0.86,15.22,7.38,332.5,1027.6,55659.8
2047-06-02,0.0,19.22,4.38,522.5,835.0,55750.4
2047-06-03,0.0,17.33,3.59,495.1,789.8,55836.9
2047-06-04,0.0,15.77,3.88,447.6,806.3,55919.2
2047-06-05,0.0,15.78,5.76,393.7,919.6,55997.2
2047-06-06,0.0,21.81,3.56,563.5,758.9,56070.9
2047-06-07,0.0,27.24,6.35,576.7,874.5,56140.2
2047-06-08,0.0,22.2,10.06,425.1,1231.9,56205.1
2047-06-09,0.0,21.5,2.04,570.5,666.4,56265.6
2047-06-10,2.7,27.31,11.48,370.0,1354.3,56321.4
2047-06-11,0.0,25.88,16.79,288.9,1910.5,56372.7
2047-06-12,6.75,21.26,11.17,252.0,1327.3,56419.4
2047-06-13,0.0,14.5,9.35,191.5,1174.5,56461.3
2047-06-14,0.0,17.59,6.1,393.3,941.5,56498.6
2047-06-15,0.0,15.17,6.73,314.0,982.7,56531.2
2047-06-16,0.0,21.96,2.48,517.3,719.0,56558.9
2047-06-17,0.0,25.38,5.47,511.2,866.1,56581.9
2047-06-18,0.0,30.41,8.73,516.3,1021.5,56600.1
2047-06-19,0.0,30.79,13.85,459.6,1491.4,56613.4
2047-06-20,6.36,28.31,13.77,318.7,1573.8,56621.9
2047-06-21,0.0,17.92,10.69,262.5,1285.3,56625.6
2047-06-22,0.0,17.99,7.94,359.4,1068.0,56624.3
2047-06-23,0.0,22.24,5.59,492.5,863.5,56618.3
2047-06-24,0.0,26.14,5.17,526.7,800.2,56607.4
2047-06-25,0.0,28.35,6.85,525.2,887.8,56591.7
2047-06-26,0.0,27.22,11.42,453.7,1260.8,56571.1
2047-06-27,6.54,28.01,8.33,373.1,1083.1,56545.8
2047-06-28,7.09,29.67,15.15,308.5,1721.0,56515.6
2047-06-29,0.0,19.41,13.02,224.2,1498.9,56480.7
2047-06-30,0.0,18.54,5.38,415.6,895.4,56441.1
2047-07-01,0.0,16.82,4.79,390.2,859.1,56396.8
2047-07-02,0.0,20.22,9.17,359.8,1161.0,56347.9
2047-07-03,0.0,24.77,6.09,493.6,875.5,56294.3
2047-07-04,0.0,27.75,6.9,507.5,901.1,56236.2
2047-07-05,0.0,26.95,10.13,453.4,1169.4,56173.5
2047-07-06,1.81,16.72,12.06,163.4,1407.8,56106.4
2047-07-07,10.6,24.15,12.63,271.2,1460.7,56034.9
2047-07-08,35.57,21.72,14.95,172.2,1699.4,55959.1
2047-07-09,0.0,14.39,10.27,157.2,1250.0,55878.9
2047-07-10,0.0,16.75,8.82,290.6,1133.7,55794.5
2047-07-11,0.0,20.39,9.96,358.3,1223.8,55706.0
2047-07-12,0.0,24.74,7.63,481.1,987.0,55613.4
2047-07-13,4.35,25.93,12.23,308.4,1423.1,55516.8
2047-07-14,0.0,23.33,13.73,317.7,1569.8,55416.2
2047-07-15,0.0,25.57,9.98,446.4,1187.6,55311.7
2047-07-16,0.0,27.91,8.49,494.3,1022.5,55203.4
2047-07-17,1.35,23.96,15.88,271.2,1803.3,55091.5
2047-07-18,0.0,28.0,15.12,392.7,1710.8,54975.8
2047-07-19,0.0,33.26,14.07,478.6,1465.5,54856.7
2047-07-20,0.0,32.64,18.76,393.7,2116.5,54734.0
2047-07-21,1.29,23.8,16.91,235.7,1925.7,54607.9
2047-07-22,0.0,21.9,9.64,394.4,1189.4,54478.5
2047-07-23,3.18,18.38,7.67,275.1,1048.2,54345.9
2047-07-24,0.0,25.94,11.52,435.3,1285.5,54210.1
2047-07-25,0.0,27.25,11.56,455.7,1260.8,54071.2
2047-07-26,5.87,27.96,12.4,334.8,1438.9,53929.4
2047-07-27,0.0,24.27,12.76,382.0,1473.8,53784.6
2047-07-28,0.0,24.74,7.91,479.0,998.2,53637.0
2047-07-29,0.0,27.23,8.86,485.5,1046.0,53486.6
2047-07-30,0.0,29.4,9.76,490.2,1086.4,53333.6
2047-07-31,2.16,25.47,12.49,297.0,1447.8,53177.9
2047-08-01,6.81,26.49,11.94,315.6,1396.6,53019.8
2047-08-02,2.33,24.46,11.91,291.9,1393.9,52859.2
2047-08-03,0.0,24.22,11.41,400.2,1328.5,52696.3
2047-08-04,0.0,19.42,11.71,278.5,1375.4,52531.0
2047-08-05,3.61,18.31,12.61,157.7,1459.2,52363.6
2047-08-06,0.0,25.47,9.22,458.3,1059.2,52194.1
2047-08-07,0.0,27.41,11.29,445.4,1217.3,52022.5
2047-08-08,0.0,27.63,12.49,422.2,1344.5,51848.9
2047-08-09,8.44,29.67,11.37,338.5,1342.4,51673.3
2047-08-10,41.67,18.08,14.29,100.0,1627.8,51496.0
2047-08-11,5.09,20.7,14.22,165.0,1620.8,51316.8
2047-08-12,0.0,25.55,12.83,378.4,1480.7,51136.0
2047-08-13,0.0,30.42,13.16,433.7,1512.3,50953.4
2047-08-14,0.0,29.64,16.71,363.0,1901.0,50769.4
2047-08-15,0.0,29.25,15.8,376.9,1793.8,50583.7
2047-08-16,0.0,22.03,15.6,213.6,1771.2,50396.6
2047-08-17,0.0,27.89,8.03,466.9,1040.6,50208.2
2047-08-18,8.24,23.81,13.01,250.3,1498.1,50018.3
2047-08-19,46.67,21.18,9.46,271.9,1184.0,49827.2
2047-08-20,0.0,16.51,9.3,247.1,1170.8,49634.9
2047-08-21,14.02,15.4,6.9,217.2,994.2,49441.3
2047-08-22,4.95,23.09,10.34,281.8,1255.3,49246.7
2047-08-23,0.0,18.51,12.27,214.4,1426.7,49050.9
2047-08-24,0.0,20.4,4.63,433.1,849.5,48854.2
2047-08-25,1.55,22.42,3.8,457.2,801.4,48656.4
2047-08-26,0.0,25.56,7.69,437.7,1049.9,48457.8
2047-08-27,12.25,19.08,13.04,152.6,1500.5,48258.2
2047-08-28,0.0,23.29,11.96,343.6,1397.8,48057.8
2047-08-29,0.0,27.82,11.94,408.6,1396.7,47856.6
2047-08-30,31.12,27.51,15.13,263.1,1718.8,47654.7
2047-08-31,12.05,17.0,13.14,104.5,1510.9,47452.0
2047-09-01,0.0,14.56,4.17,343.4,822.5,47248.7
2047-09-02,0.0,19.08,2.04,437.8,707.4,47044.8
2047-09-03,0.0,24.22,5.83,433.4,923.6,46840.2
2047-09-04,0.71,20.57,9.08,338.1,1153.6,46635.1
2047-09-05,0.0,21.64,5.91,404.2,929.2,46429.5
2047-09-06,0.0,22.18,5.22,414.2,885.2,46223.4
2047-09-07,0.0,22.97,8.0,385.5,1072.5,46016.8
2047-09-08,0.0,18.96,7.24,341.0,1017.8,45809.8
2047-09-09,0.0,16.69,1.75,390.6,692.8,45602.5
2047-09-10,9.6,17.67,5.84,249.2,924.3,45394.8
2047-09-11,0.0,12.97,6.73,199.5,983.2,45186.7
2047-09-12,0.0,12.61,3.28,288.2,772.7,44978.4
2047-09-13,0.0,17.12,5.09,337.5,877.7,44769.9
2047-09-14,0.0,18.38,2.86,384.0,749.9,44561.1
2047-09-15,4.18,18.01,2.89,280.1,751.8,44352.1
2047-09-16,8.64,21.93,8.42,257.3,1103.5,44143.0
2047-09-17,0.0,23.4,13.08,278.1,1504.6,43933.7
2047-09-18,6.77,17.99,5.56,245.8,906.6,43724.4
2047-09-19,12.25,13.09,7.62,126.0,1044.8,43514.9
2047-09-20,0.0,10.75,2.58,243.3,735.0,43305.4
2047-09-21,0.0,12.36,1.38,303.3,674.5,43095.9
2047-09-22,0.0,16.45,-1.12,378.4,562.7,42886.4
2047-09-23,1.94,15.66,0.98,346.7,655.6,42677.0
2047-09-24,0.0,12.26,4.98,211.8,870.8,42467.6
2047-09-25,27.64,7.44,3.07,103.6,761.2,42258.4
2047-09-26,7.9,7.88,3.8,96.6,801.5,42049.2
2047-09-27,0.0,12.04,4.22,228.6,825.7,41840.3
2047-09-28,2.98,9.8,0.19,205.1,619.2,41631.5
2047-09-29,6.22,6.75,-1.32,180.6,554.6,41422.9
2047-09-30,2.63,8.09,-1.5,201.4,547.3,41214.6
2047-10-01,3.43,9.46,-1.4,216.2,551.4,41006.6
2047-10-02,6.06,15.63,2.56,234.8,734.3,40798.9
2047-10-03,7.57,21.26,6.99,237.0,1000.8,40591.5
2047-10-04,0.0,17.31,8.29,239.1,1093.6,40384.6
2047-10-05,2.76,17.22,5.01,220.1,872.7,40178.0
2047-10-06,35.32,15.15,8.12,148.8,1081.2,39971.9
2047-10-07,0.0,9.06,3.6,165.7,790.4,39766.2
2047-10-08,0.0,9.83,-0.87,279.3,573.2,39561.1
2047-10-09,2.07,15.41,-2.29,334.5,516.2,39356.6
2047-10-10,4.44,17.36,4.27,220.3,828.5,39152.6
2047-10-11,8.64,12.19,5.08,146.5,876.6,38949.3
2047-10-12,15.36,7.34,3.52,85.3,786.2,38746.6
2047-10-13,2.3,6.88,2.62,95.4,737.3,38544.7
2047-10-14,0.0,6.62,1.4,155.8,675.9,38343.5
2047-10-15,6.51,10.59,-3.06,223.0,487.6,38143.1
2047-10-16,12.29,10.89,0.21,196.8,620.0,37943.5
2047-10-17,0.0,13.93,-1.1,295.2,563.5,37744.9
2047-10-18,1.78,12.37,1.75,251.6,693.1,37547.1
2047-10-19,6.03,8.22,2.03,127.3,707.1,37350.4
2047-10-20,0.0,3.42,-3.22,181.8,481.5,37154.6
2047-10-21,1.25,3.16,-6.89,269.8,364.7,36959.9
2047-10-22,4.24,6.31,-4.88,212.5,425.0,36766.4
2047-10-23,0.0,5.97,-3.05,224.0,487.9,36574.0
2047-10-24,0.0,18.06,0.17,278.4,618.2,36382.9
2047-10-25,2.09,18.74,4.82,251.9,861.0,36193.1
2047-10-26,12.92,16.84,8.42,139.0,1103.1,36004.6
2047-10-27,28.25,6.35,3.55,55.4,787.7,35817.5
2047-10-28,0.0,2.04,-0.21,63.1,601.6,35631.9
2047-10-29,0.0,4.18,-4.5,198.0,437.5,35447.8
2047-10-30,0.0,10.51,-4.91,253.0,424.2,35265.2
2047-10-31,3.01,8.61,-0.04,141.2,608.9,35084.4
2047-11-01,2.44,8.58,4.52,74.0,842.9,34905.2
2047-11-02,0.0,9.67,4.18,130.6,823.2,34727.8
2047-11-03,0.0,7.63,2.42,125.5,727.2,34552.3
2047-11-04,0.0,3.89,-2.65,155.3,502.5,34378.7
2047-11-05,0.0,3.02,-6.98,204.5,362.0,34207.0
2047-11-06,0.0,4.07,-8.62,222.6,318.8,34037.5
2047-11-07,1.77,5.45,-4.09,190.4,451.1,33870.0
2047-11-08,0.0,0.25,-5.84,141.4,395.1,33704.8
2047-11-09,0.0,0.13,-13.2,221.3,221.2,33541.9
2047-11-10,0.0,3.2,-12.26,224.9,238.6,33381.3
2047-11-11,18.28,0.13,-8.02,139.2,334.1,33223.1
2047-11-12,0.0,-1.46,-3.93,65.5,456.6,33067.5
2047-11-13,0.0,-1.06,-3.77,70.4,462.4,32914.4
2047-11-14,0.0,1.39,-5.08,152.7,418.6,32764.0
2047-11-15,8.96,2.29,-3.58,105.3,469.0,32616.4
2047-11-16,0.0,2.33,-2.41,118.0,511.7,32471.6
2047-11-17,0.0,-0.37,-4.1,96.2,451.1,32329.7
2047-11-18,0.0,2.69,-5.2,174.3,414.9,32190.8
2047-11-19,0.0,6.8,-8.42,223.7,323.8,32055.0
2047-11-20,2.76,13.48,-1.78,161.9,536.2,31922.3
2047-11-21,0.0,6.48,0.62,128.8,638.8,31792.9
2047-11-22,0.0,7.34,-5.17,202.4,416.0,31666.8
2047-11-23,1.34,5.05,-4.1,176.4,451.0,31544.1
2047-11-24,11.36,4.59,-0.64,88.6,582.8,31424.9
2047-11-25,0.0,1.42,-2.12,84.2,522.8,31309.3
2047-11-26,0.0,-3.77,-5.85,53.2,395.0,31197.3
2047-11-27,0.0,-2.11,-7.47,120.1,348.6,31089.0
2047-11-28,0.0,1.99,-7.21,171.6,355.7,30984.5
2047-11-29,0.0,-0.23,-5.18,112.2,415.6,30883.9
2047-11-30,0.0,8.72,-12.13,204.5,241.2,30787.2
2047-12-01,0.0,4.09,-5.49,167.5,405.9,30694.6
2047-12-02,0.0,-4.08,-9.73,117.9,292.1,30606.0
2047-12-03,14.95,-7.24,-16.59,125.8,167.0,30521.6
2047-12-04,0.0,-4.91,-13.8,159.6,210.5,30441.4
2047-12-05,0.0,-13.81,-17.52,81.4,154.5,30365.6
2047-12-06,0.0,-16.68,-24.67,152.8,82.6,30294.0
2047-12-07,5.22,-15.62,-26.95,135.8,67.1,30226.9
2047-12-08,3.82,-0.16,-23.07,149.2,95.3,30164.2
2047-12-09,3.17,4.56,-15.47,146.2,183.4,30106.1
2047-12-10,0.0,-6.1,-17.36,171.3,156.5,30052.5
2047-12-11,0.0,1.56,-15.29,187.7,186.2,30003.5
2047-12-12,2.65,4.26,-7.22,123.4,355.4,29959.2
2047-12-13,2.85,7.0,-4.89,122.5,424.6,29919.5
2047-12-14,8.56,-0.86,-6.93,79.4,363.3,29884.6
2047-12-15,0.0,-7.29,-12.61,95.6,231.9,29854.4
2047-12-16,0.0,-15.03,-20.48,98.3,119.8,29829.0
2047-12-17,0.0,-15.82,-28.27,170.4,59.3,29808.5
2047-12-18,0.0,-13.15,-26.43,172.8,70.4,29792.7
2047-12-19,0.0,-12.62,-22.59,151.1,99.5,29781.8
2047-12-20,2.86,-7.57,-21.17,131.8,112.8,29775.7
2047-12-21,4.96,-3.99,-15.43,121.3,184.1,29774.4
2047-12-22,0.0,-2.76,-14.44,162.6,199.7,29778.1
2047-12-23,0.0,-0.6,-10.04,143.2,285.0,29786.5
2047-12-24,0.0,-11.7,-17.69,103.0,152.2,29799.8
2047-12-25,0.0,-15.45,-21.77,108.0,107.0,29818.0
2047-12-26,0.0,-9.8,-27.57,187.4,63.3,29840.9
2047-12-27,0.0,-9.01,-21.27,163.6,111.8,29868.6
2047-12-28,0.0,-3.62,-13.6,144.2,213.9,29901.2
2047-12-29,0.0,-1.42,-10.43,132.8,276.3,29938.4
2047-12-30,0.0,-9.9,-16.13,104.0,173.6,29980.4
2047-12-31,0.0,-4.26,-21.66,188.2,108.0,30027.0
2048-01-01,0.0,-4.71,-17.25,161.0,158.0,30078.5
2048-01-02,0.0,-3.83,-20.46,183.0,120.0,30134.3
2048-01-03,0.0,-2.78,-20.22,186.9,122.5,30194.7
2048-01-04,13.3,0.24,-16.48,140.8,168.6,30259.6
2048-01-05,34.82,1.96,-8.53,114.3,320.9,30328.9
2048-01-06,2.59,2.0,-0.26,31.0,599.0,30402.6
2048-01-07,0.0,-1.56,-3.61,39.4,467.9,30480.7
2048-01-08,0.0,-8.6,-11.99,60.4,243.9,30562.9
2048-01-09,4.1,-6.84,-17.09,118.6,160.1,30649.4
2048-01-10,0.0,-5.82,-12.86,118.3,227.3,30740.0
2048-01-11,0.0,-14.5,-19.86,94.8,126.4,30834.6
2048-01-12,0.0,-9.89,-22.42,183.3,101.1,30933.3
2048-01-13,1.9,-2.12,-16.98,199.6,161.7,31035.8
2048-01-14,15.07,2.56,-7.63,123.1,344.3,31142.2
2048-01-15,0.0,-10.12,-16.1,109.8,174.0,31252.3
2048-01-16,0.0,-19.02,-26.34,133.4,70.9,31366.2
2048-01-17,0.0,-17.85,-28.69,181.2,57.1,31483.6
2048-01-18,0.0,-17.13,-26.83,169.9,67.8,31604.5
2048-01-19,0.0,-19.7,-25.52,113.0,76.5,31728.9
2048-01-20,0.0,-17.48,-30.02,204.0,50.3,31856.7
2048-01-21,0.0,-15.83,-29.87,218.3,51.0,31987.7
2048-01-22,0.0,-16.04,-26.88,192.2,67.5,32121.9
2048-01-23,24.98,4.68,-26.79,197.0,68.0,32259.3
2048-01-24,0.0,4.63,-14.56,251.6,197.8,32399.7
2048-01-25,0.0,-14.05,-23.1,179.1,95.1,32543.0
2048-01-26,0.0,-17.56,-28.01,201.1,60.8,32689.2
2048-01-27,0.0,-15.05,-31.2,253.4,45.0,32838.2
2048-01-28,0.0,-6.27,-29.63,276.2,52.2,32989.9
2048-01-29,0.0,-2.26,-21.4,270.1,110.5,33144.3
2048-01-30,12.51,-3.89,-7.22,59.3,355.3,33301.2
2048-01-31,5.78,-8.46,-10.58,43.4,273.0,33460.6
2048-02-01,0.0,-11.62,-14.25,71.8,202.9,33622.3
2048-02-02,0.0,-8.39,-14.69,161.6,195.6,33786.4
2048-02-03,0.0,-7.12,-14.76,195.5,194.5,33952.8
2048-02-04,1.69,-8.52,-18.08,233.7,147.3,34121.3
2048-02-05,1.51,-9.42,-16.04,178.4,174.9,34291.9
2048-02-06,0.0,-10.51,-20.2,238.0,122.8,34464.5
2048-02-07,0.0,-8.17,-26.07,310.3,72.8,34639.0
2048-02-08,3.76,-8.6,-20.32,200.7,121.5,34815.5
2048-02-09,0.0,-7.27,-18.64,264.1,140.4,34993.8
2048-02-10,0.0,-12.39,-25.06,282.6,79.8,35173.8
2048-02-11,3.41,-4.16,-21.17,240.9,112.8,35355.5
2048-02-12,0.0,-17.39,-27.56,256.2,63.4,35538.8
2048-02-13,0.0,-6.0,-28.45,347.5,58.3,35723.7
2048-02-14,0.0,-5.42,-19.95,309.6,125.4,35910.0
2048-02-15,13.65,-5.92,-23.28,253.0,93.6,36097.8
2048-02-16,8.19,-5.56,-13.73,163.2,211.8,36287.0
2048-02-17,1.75,0.51,-18.56,354.2,141.3,36477.5
2048-02-18,5.16,-1.2,-14.26,228.1,202.8,36669.2
2048-02-19,14.11,-0.36,-9.54,182.7,296.6,36862.2
2048-02-20,0.0,-4.93,-9.41,134.2,299.6,37056.3
2048-02-21,0.0,-8.92,-21.71,322.3,107.6,37251.5
2048-02-22,1.7,-7.04,-27.26,394.6,65.2,37447.8
2048-02-23,0.0,-5.82,-21.21,368.5,112.4,37645.0
2048-02-24,0.0,-7.44,-27.27,401.6,65.1,37843.2
2048-02-25,3.72,-5.25,-27.16,310.8,65.8,38042.3
2048-02-26,0.0,-0.98,-17.63,385.4,153.0,38242.3
2048-02-27,2.47,-0.38,-14.06,270.7,206.1,38443.1
2048-02-28,4.41,-10.16,-20.87,242.2,115.8,38644.7
2048-02-29,0.0,-14.09,-20.58,217.1,118.8,38847.0
2048-03-01,0.0,-15.76,-29.0,369.8,55.4,39050.0
2048-03-02,0.0,-7.96,-26.47,424.7,70.1,39253.6
2048-03-03,0.0,-1.9,-27.7,457.2,62.5,39457.9
2048-03-04,0.0,-1.43,-23.34,445.2,93.1,39662.7
2048-03-05,0.0,4.89,-14.48,427.5,199.1,39868.1
2048-03-06,5.01,0.02,-15.41,292.0,184.3,40074.0
2048-03-07,11.94,0.95,-15.61,306.4,181.3,40280.3
2048-03-08,0.0,0.89,-5.17,188.9,415.9,40487.1
2048-03-09,0.0,3.74,-15.28,444.9,186.4,40694.3
2048-03-10,3.77,7.44,-8.38,305.7,324.7,40901.8
2048-03-11,10.56,5.44,-1.02,151.6,567.0,41109.7
2048-03-12,0.0,-1.49,-6.53,169.6,374.7,41317.8
2048-03-13,0.0,-10.61,-17.74,240.0,151.6,41526.3
2048-03-14,0.0,-12.88,-19.89,246.7,126.1,41734.9
2048-03-15,0.0,-9.06,-19.94,360.9,125.5,41943.8
2048-03-16,0.0,-5.77,-19.22,421.7,133.6,42152.9
2048-03-17,0.0,-0.56,-15.75,449.7,179.2,42362.1
2048-03-18,0.0,-5.79,-17.42,390.9,155.7,42571.4
2048-03-19,0.0,-3.87,-21.0,488.5,114.4,42780.8
2048-03-20,0.0,-2.02,-21.05,508.6,114.0,42990.3
2048-03-21,0.0,-4.31,-17.17,415.6,159.1,43199.8
2048-03-22,0.0,-4.23,-19.4,462.7,131.6,43409.3
2048-03-23,0.0,-1.13,-19.81,514.0,127.0,43618.7
2048-03-24,0.0,-1.68,-17.97,487.5,148.6,43828.1
2048-03-25,0.0,1.47,-18.84,537.2,138.0,44037.5
2048-03-26,4.31,8.11,-11.17,397.1,260.4,44246.7
2048-03-27,7.53,6.12,-0.09,177.3,606.7,44455.7
2048-03-28,12.91,5.6,1.22,131.8,666.9,44664.6
2048-03-29,1.84,1.65,-1.29,129.9,555.7,44873.3
2048-03-30,0.0,2.3,-4.89,288.5,424.8,45081.7
2048-03-31,0.0,6.22,-7.94,485.0,336.1,45289.9
2048-04-01,1.78,7.65,-4.09,435.5,451.2,45497.8
2048-04-02,7.22,3.56,-0.34,132.6,595.9,45705.3
2048-04-03,8.33,1.13,-1.7,106.4,539.4,45912.5
2048-04-04,2.84,3.51,-1.51,182.6,546.9,46119.2
2048-04-05,2.04,3.77,-1.2,248.9,559.3,46325.6
2048-04-06,0.0,4.54,-0.61,265.1,584.1,46531.4
2048-04-07,5.58,5.96,-5.28,369.1,412.3,46736.8
2048-04-08,0.0,2.12,-3.62,304.4,467.4,46941.7
2048-04-09,0.0,9.05,-6.76,586.5,368.4,47145.9
2048-04-10,0.0,4.21,-4.64,436.6,432.7,47349.6
2048-04-11,3.21,-0.29,-8.49,312.8,322.0,47552.6
2048-04-12,1.38,3.52,-7.18,498.5,356.4,47754.9
2048-04-13,0.0,-3.73,-12.96,457.7,225.5,47956.4
2048-04-14,0.0,-0.77,-11.81,515.8,247.5,48157.2
2048-04-15,0.0,2.82,-8.78,531.6,314.7,48357.2
2048-04-16,0.0,7.92,-9.15,620.7,305.7,48556.4
2048-04-17,0.0,8.27,-6.87,597.6,365.1,48754.6
2048-04-18,0.0,12.42,-5.66,629.0,383.6,48951.8
2048-04-19,0.0,15.2,-4.01,637.1,420.0,49148.1
2048-04-20,0.0,18.18,0.62,617.2,577.8,49343.3
2048-04-21,7.94,18.53,3.93,429.4,809.0,49537.4
2048-04-22,22.41,6.96,1.97,207.3,703.7,49730.4
2048-04-23,8.64,2.63,0.06,120.3,613.5,49922.1
2048-04-24,1.27,3.97,-0.53,275.3,587.4,50112.6
2048-04-25,0.0,5.19,-1.6,408.5,543.4,50301.8
2048-04-26,0.0,8.76,-6.09,630.6,387.7,50489.6
2048-04-27,0.0,11.64,-5.54,648.3,390.9,50675.9
2048-04-28,0.0,13.3,-3.12,634.7,462.6,50860.8
2048-04-29,0.0,16.85,-2.06,649.8,480.4,51044.1
2048-04-30,5.4,15.47,-0.14,460.7,604.4,51225.8
2048-05-01,0.0,9.56,1.42,427.7,676.6,51405.8
2048-05-02,11.47,10.07,-1.45,404.0,549.3,51584.1
2048-05-03,7.4,5.47,0.38,210.4,627.9,51760.6
2048-05-04,0.0,6.04,-0.94,372.2,570.3,51935.1
2048-05-05,0.0,8.36,-4.18,561.8,448.2,52107.8
2048-05-06,0.0,8.24,-2.79,515.8,497.4,52278.4
2048-05-07,0.0,16.68,-4.96,668.2,382.9,52446.9
2048-05-08,0.0,23.31,1.48,654.6,581.9,52613.2
2048-05-09,1.64,23.16,2.36,645.4,617.3,52777.3
2048-05-10,0.0,18.62,4.16,558.6,769.0,52939.1
2048-05-11,0.0,22.33,-1.1,660.8,481.7,53098.5
2048-05-12,0.0,26.68,4.68,637.5,705.4,53255.4
2048-05-13,13.59,27.23,9.2,431.0,1127.1,53409.7
2048-05-14,0.0,10.44,3.93,288.0,808.8,53561.4
2048-05-15,0.0,15.87,-2.64,611.4,475.9,53710.5
2048-05-16,0.0,21.89,1.96,618.6,609.9,53856.7
2048-05-17,2.23,24.44,7.25,423.6,989.9,54000.0
2048-05-18,0.0,14.9,7.83,301.8,1060.2,54140.4
2048-05-19,0.0,21.8,-2.63,658.1,412.2,54277.8
2048-05-20,0.0,26.25,4.27,630.4,633.5,54412.0
2048-05-21,0.0,30.88,10.47,596.9,960.1,54543.1
2048-05-22,0.0,33.26,14.29,558.8,1259.4,54670.8
2048-05-23,4.52,31.17,10.88,426.1,1162.8,54795.2
2048-05-24,0.0,10.37,2.09,321.4,710.0,54916.2
2048-05-25,0.0,13.45,-2.0,520.8,497.8,55033.6
2048-05-26,0.0,15.15,-1.49,541.8,496.3,55147.4
2048-05-27,0.0,16.09,1.3,501.7,618.8,55257.6
2048-05-28,2.06,18.1,4.5,469.7,776.2,55364.0
2048-05-29,0.0,24.05,6.58,542.0,797.1,55466.5
2048-05-30,0.0,26.27,5.11,589.2,676.8,55565.2
2048-05-31,0.0,23.11,9.71,443.4,1083.6,55659.8
2048-06-01,8.29,19.12,11.2,211.8,1329.7,55750.4
2048-06-02,0.8,20.09,9.23,371.4,1157.8,55836.9
2048-06-03,0.83,19.57,4.41,482.7,764.0,55919.2
2048-06-04,0.0,15.05,5.95,321.9,931.6,55997.2
2048-06-05,0.0,17.2,0.03,524.4,547.6,56070.9
2048-06-06,20.39,17.92,7.56,267.8,1040.3,56140.2
2048-06-07,1.42,23.83,12.5,375.8,1412.0,56205.1
2048-06-08,2.35,26.3,15.6,263.2,1771.9,56265.6
2048-06-09,2.48,19.1,11.62,201.7,1366.7,56321.4
2048-06-10,0.0,15.38,4.7,349.3,853.7,56372.7
2048-06-11,0.0,21.96,4.4,483.5,741.7,56419.4
2048-06-12,4.29,22.05,5.27,351.1,888.4,56461.3
2048-06-13,7.96,25.32,8.01,347.7,1064.7,56498.6
2048-06-14,0.0,18.64,8.58,328.2,1115.1,56531.2
2048-06-15,0.0,17.57,3.67,429.1,778.8,56558.9
2048-06-16,0.0,20.46,1.11,510.1,598.9,56581.9
2048-06-17,0.0,28.05,4.69,529.0,718.8,56600.1
2048-06-18,0.0,28.61,10.47,472.9,1112.8,56613.4
2048-06-19,0.0,28.49,11.59,456.2,1217.3,56621.9
2048-06-20,11.53,25.45,14.57,253.1,1657.9,56625.6
2048-06-21,7.64,22.5,16.36,156.0,1859.4,56624.3
2048-06-22,55.75,17.79,13.5,119.7,1546.8,56618.3
2048-06-23,11.62,13.06,10.05,92.2,1231.3,56607.4
2048-06-24,2.89,19.91,9.76,266.6,1208.1,56591.7
2048-06-25,14.95,14.08,11.0,96.7,1311.9,56571.1
2048-06-26,0.0,17.47,10.45,273.0,1265.0,56545.8
2048-06-27,0.0,23.08,7.85,473.1,1061.1,56515.6
2048-06-28,0.0,23.08,8.19,468.3,1086.5,56480.7
2048-06-29,12.12,23.06,7.43,361.8,1031.7,56441.1
2048-06-30,7.68,22.2,11.55,287.2,1360.4,56396.8
2048-07-01,2.52,18.98,9.26,272.6,1167.8,56347.9
2048-07-02,0.0,15.95,6.77,354.7,986.0,56294.3
2048-07-03,0.0,18.64,4.52,470.4,843.3,56236.2
2048-07-04,9.42,13.55,8.11,170.1,1080.0,56173.5
2048-07-05,5.55,14.89,9.4,174.9,1178.5,56106.4
2048-07-06,12.47,18.03,11.2,211.1,1329.5,56034.9
2048-07-07,0.39,18.07,9.66,340.0,1199.6,55959.1
2048-07-08,2.94,24.7,7.75,375.9,1054.0,55878.9
2048-07-09,25.64,15.92,10.53,170.9,1271.5,55794.5
2048-07-10,1.51,20.13,12.63,302.1,1461.2,55706.0
2048-07-11,1.49,22.3,10.5,427.2,1268.7,55613.4
2048-07-12,9.02,21.38,6.32,367.5,955.7,55516.8
2048-07-13,5.89,20.78,10.85,291.3,1299.0,55416.2
2048-07-14,1.13,19.56,8.18,428.8,1085.2,55311.7
2048-07-15,0.0,22.38,9.49,453.7,1185.7,55203.4
2048-07-16,0.0,21.5,3.78,521.8,800.4,55091.5
2048-07-17,20.53,21.34,7.96,353.0,1069.5,54975.8
2048-07-18,8.59,22.38,9.02,352.0,1149.0,54856.7
2048-07-19,0.0,23.0,9.58,470.1,1192.8,54734.0
2048-07-20,8.81,26.4,8.12,384.8,1081.2,54607.9
2048-07-21,0.0,19.29,10.05,375.1,1231.6,54478.5
2048-07-22,0.0,20.54,4.51,501.4,842.7,54345.9
2048-07-23,0.0,23.91,7.45,491.3,1033.0,54210.1
2048-07-24,0.0,26.84,8.04,503.3,1074.9,54071.2
2048-07-25,0.0,26.52,11.47,452.4,1353.4,53929.4
2048-07-26,22.98,20.19,12.91,205.5,1488.2,53784.6
2048-07-27,26.71,20.48,14.25,180.3,1623.9,53637.0
2048-07-28,0.23,21.22,12.6,324.6,1458.5,53486.6
2048-07-29,0.0,23.35,9.79,442.6,1210.2,53333.6
2048-07-30,0.0,19.38,9.36,372.0,1175.9,53177.9
2048-07-31,21.41,21.7,7.27,343.3,1020.4,53019.8
2048-08-01,8.79,14.83,9.55,162.7,1190.9,52859.2
2048-08-02,10.96,21.1,8.4,321.7,1101.4,52696.3
2048-08-03,2.44,23.89,13.16,278.4,1512.7,52531.0
2048-08-04,21.05,19.9,12.4,212.5,1439.4,52363.6
2048-08-05,2.18,20.5,13.33,202.4,1529.4,52194.1
2048-08-06,0.0,22.03,10.51,390.1,1270.1,52022.5
2048-08-07,0.0,25.89,9.55,462.9,1190.5,51848.9
2048-08-08,0.0,26.21,9.96,454.7,1224.4,51673.3
2048-08-09,0.0,23.29,12.96,345.5,1493.2,51496.0
2048-08-10,0.0,24.67,14.0,349.6,1598.2,51316.8
2048-08-11,2.53,24.21,14.75,240.5,1677.2,51136.0
2048-08-12,0.0,17.19,5.94,383.5,930.9,50953.4
2048-08-13,0.0,20.98,4.69,461.0,853.1,50769.4
2048-08-14,0.0,20.88,8.2,401.0,1086.7,50583.7
2048-08-15,0.0,21.21,7.4,422.1,1029.1,50396.6
2048-08-16,0.0,21.69,8.37,410.5,1099.4,50208.2
2048-08-17,0.0,23.73,10.78,396.4,1293.0,50018.3
2048-08-18,5.07,21.26,12.41,228.8,1440.0,49827.2
2048-08-19,3.98,22.79,13.52,237.7,1548.9,49634.9
2048-08-20,0.0,18.53,10.08,303.1,1233.7,49441.3
2048-08-21,0.0,21.98,11.34,356.4,1342.0,49246.7
2048-08-22,0.0,23.62,11.85,378.1,1388.1,49050.9
2048-08-23,0.0,25.16,7.62,456.4,1044.6,48854.2
2048-08-24,0.0,28.27,11.68,434.2,1372.1,48656.4
2048-08-25,0.0,28.93,16.37,367.0,1860.7,48457.8
2048-08-26,0.0,27.85,14.31,383.7,1630.2,48258.2
2048-08-27,8.41,21.98,14.99,179.8,1703.7,48057.8
2048-08-28,7.83,16.25,12.54,105.7,1452.9,47856.6
2048-08-29,6.5,19.55,12.81,181.2,1478.4,47654.7
2048-08-30,3.02,19.94,11.53,221.2,1358.7,47452.0
2048-08-31,6.44,19.6,11.91,203.5,1393.1,47248.7
2048-09-01,0.0,16.09,7.99,291.8,1071.2,47044.8
2048-09-02,0.0,16.3,6.82,328.6,989.4,46840.2
2048-09-03,1.96,14.61,6.14,301.7,943.6,46635.1
2048-09-04,0.65,14.57,8.29,232.1,1093.3,46429.5
2048-09-05,0.0,21.1,8.01,384.6,1073.2,46223.4
2048-09-06,0.0,24.05,8.17,411.0,1084.8,46016.8
2048-09-07,0.0,22.07,10.62,350.9,1279.4,45809.8
2048-09-08,0.68,23.21,14.74,277.1,1676.2,45602.5
2048-09-09,0.0,22.22,13.62,282.4,1559.0,45394.8
2048-09-10,16.24,25.61,6.22,317.6,949.2,45186.7
2048-09-11,0.0,20.84,8.69,353.4,1123.7,44978.4
2048-09-12,0.0,14.58,2.18,368.9,714.6,44769.9
2048-09-13,0.0,20.56,2.45,415.7,728.5,44561.1
2048-09-14,0.0,24.15,7.0,396.9,1001.4,44352.1
2048-09-15,0.0,23.57,8.59,373.1,1116.4,44143.0
2048-09-16,6.68,22.09,10.95,237.3,1307.4,43933.7
2048-09-17,4.37,23.89,12.11,239.4,1412.4,43724.4
2048-09-18,9.62,23.22,16.12,159.5,1831.4,43514.9
2048-09-19,0.0,17.66,11.65,191.6,1370.2,43305.4
2048-09-20,0.0,16.16,0.99,373.4,656.0,43095.9
2048-09-21,5.59,18.36,2.37,280.2,724.3,42886.4
2048-09-22,15.24,17.69,6.64,230.4,977.2,42677.0
2048-09-23,0.0,10.73,3.96,219.4,810.8,42467.6
2048-09-24,0.0,12.8,-2.63,370.2,503.4,42258.4
2048-09-25,0.0,21.81,-0.61,391.0,584.2,42049.2
2048-09-26,0.0,21.43,1.52,375.8,681.5,41840.3
2048-09-27,2.66,17.49,4.55,234.7,844.8,41631.5
2048-09-28,0.0,18.11,9.46,228.4,1183.9,41422.9
2048-09-29,0.0,13.56,3.19,267.7,767.6,41214.6
2048-09-30,0.0,3.99,0.05,118.4,613.0,41006.6
2048-10-01,1.22,4.08,-1.41,160.0,550.9,40798.9
2048-10-02,4.45,9.39,-1.73,209.9,537.8,40591.5
2048-10-03,0.93,12.54,1.31,273.7,671.3,40384.6
2048-10-04,0.0,8.15,-2.55,264.0,506.4,40178.0
2048-10-05,0.0,8.8,-2.66,273.9,502.1,39971.9
2048-10-06,0.0,10.11,-1.5,273.9,547.0,39766.2
2048-10-07,0.0,14.84,-1.94,320.9,529.9,39561.1
2048-10-08,0.0,16.64,-0.45,315.1,590.8,39356.6
2048-10-09,17.79,17.34,0.53,230.2,634.5,39152.6
2048-10-10,4.98,16.51,5.48,180.1,901.6,38949.3
2048-10-11,2.58,16.68,5.0,185.3,872.3,38746.6
2048-10-12,2.19,15.1,7.34,134.2,1025.1,38544.7
2048-10-13,1.55,10.72,3.91,165.1,807.7,38343.5
2048-10-14,1.16,8.39,-1.21,223.1,559.2,38143.1
2048-10-15,0.0,10.19,-3.37,273.7,476.4,37943.5
2048-10-16,3.25,10.06,-3.76,204.4,462.5,37744.9
2048-10-17,0.0,7.38,-1.41,202.2,550.8,37547.1
2048-10-18,0.0,6.47,-4.85,238.6,426.1,37350.4
2048-10-19,0.0,4.07,-3.29,170.1,479.0,37154.6
2048-10-20,0.0,7.71,-1.98,209.4,528.2,36959.9
2048-10-21,9.96,5.07,-1.91,122.4,530.8,36766.4
2048-10-22,2.46,6.57,1.44,91.9,677.9,36574.0
2048-10-23,7.59,9.18,2.39,115.8,725.3,36382.9
2048-10-24,4.19,9.97,3.4,113.0,779.2,36193.1
2048-10-25,26.54,4.68,1.78,57.0,694.5,36004.6
2048-10-26,21.23,6.12,1.37,90.9,674.5,35817.5
2048-10-27,2.0,3.07,0.31,76.2,624.5,35631.9
2048-10-28,0.0,3.66,-0.76,116.0,577.9,35447.8
2048-10-29,0.0,3.99,-2.05,152.9,525.3,35265.2
2048-10-30,0.0,1.26,-6.57,185.4,373.6,35084.4
2048-10-31,0.0,1.12,-8.83,211.7,313.6,34905.2
2048-11-01,0.0,-0.27,-7.51,170.4,347.4,34727.8
2048-11-02,0.0,1.06,-5.42,155.1,407.9,34552.3
2048-11-03,4.39,1.08,-7.49,158.3,348.1,34378.7
2048-11-04,4.28,8.24,-3.54,182.1,470.1,34207.0
2048-11-05,2.81,7.31,1.96,94.5,703.5,34037.5
2048-11-06,0.0,2.55,-1.04,91.3,566.1,33870.0
2048-11-07,0.0,-2.66,-7.15,116.8,357.2,33704.8
2048-11-08,0.0,-1.88,-12.04,207.8,243.0,33541.9
2048-11-09,0.0,-2.05,-11.32,197.3,257.3,33381.3
2048-11-10,2.57,0.11,-13.0,184.5,224.6,33223.1
2048-11-11,4.46,3.51,-7.98,173.5,335.1,33067.5
2048-11-12,15.56,9.97,-3.15,174.4,484.2,32914.4
2048-11-13,0.0,11.26,-0.06,214.8,608.2,32764.0
2048-11-14,0.0,4.94,-0.72,141.8,579.3,32616.4
2048-11-15,0.0,1.57,-6.06,179.7,388.4,32471.6
2048-11-16,0.82,-2.29,-7.73,140.6,341.5,32329.7
2048-11-17,0.0,-2.61,-11.7,197.7,249.7,32190.8
2048-11-18,0.0,-5.79,-14.31,189.2,201.9,32055.0
2048-11-19,0.0,-6.26,-17.36,210.1,156.5,31922.3
2048-11-20,0.0,-1.83,-16.11,219.4,173.9,31792.9
2048-11-21,4.46,4.56,-12.65,166.3,231.2,31666.8
2048-11-22,0.0,8.5,-3.37,196.4,476.3,31544.1
2048-11-23,0.0,0.75,-1.82,61.5,534.4,31424.9
2048-11-24,0.0,0.07,-2.45,59.9,510.3,31309.3
2048-11-25,1.54,0.42,-2.34,58.3,514.3,31197.3
2048-11-26,7.1,4.04,-1.78,82.7,536.2,31089.0
2048-11-27,1.61,5.34,-0.87,113.5,573.1,30984.5
2048-11-28,0.0,4.35,-5.87,156.2,394.2,30883.9
2048-11-29,0.0,4.09,-3.71,131.8,464.4,30787.2
2048-11-30,0.0,1.83,-4.16,108.8,448.8,30694.6
2048-12-01,0.0,0.71,-2.94,70.4,491.9,30606.0
2048-12-02,0.0,1.48,-3.31,89.5,478.3,30521.6
2048-12-03,1.98,0.35,-1.51,39.2,546.9,30441.4
2048-12-04,0.0,-1.5,-3.69,46.0,465.2,30365.6
2048-12-05,0.0,-5.29,-11.64,117.0,250.9,30294.0
2048-12-06,0.0,-6.16,-13.64,129.4,213.3,30226.9
2048-12-07,0.0,-5.14,-12.29,123.8,238.1,30164.2
2048-12-08,0.0,-8.85,-14.4,103.2,200.5,30106.1
2048-12-09,0.0,-7.92,-14.93,122.8,191.8,30052.5
2048-12-10,0.0,-6.44,-19.64,163.2,128.8,30003.5
2048-12-11,0.0,-5.93,-16.44,151.6,169.1,29959.2
2048-12-12,0.0,-2.78,-11.18,135.9,260.4,29919.5
2048-12-13,0.0,-1.34,-9.74,135.8,291.9,29884.6
2048-12-14,0.0,-2.33,-11.46,141.1,254.5,29854.4
2048-12-15,0.0,1.33,-8.45,143.8,323.0,29829.0
2048-12-16,0.0,5.34,-4.28,139.9,444.7,29808.5
2048-12-17,7.24,5.04,-0.25,70.1,599.5,29792.7
2048-12-18,0.0,-0.68,-4.64,74.7,433.0,29781.8
2048-12-19,2.86,-0.49,-15.75,137.0,179.2,29775.7
2048-12-20,7.21,1.71,-10.52,131.0,274.3,29774.4
2048-12-21,1.21,-8.86,-14.87,124.6,192.8,29778.1
2048-12-22,0.0,-3.43,-17.52,182.3,154.5,29786.5
2048-12-23,2.31,-0.06,-8.7,114.8,316.8,29799.8
2048-12-24,4.19,-7.5,-14.55,103.0,197.9,29818.0
2048-12-25,4.79,-8.25,-25.31,142.5,78.0,29840.9
2048-12-26,0.0,-8.82,-22.59,182.2,99.5,29868.6
2048-12-27,0.0,-15.46,-23.84,148.4,89.0,29901.2
2048-12-28,0.0,-4.58,-22.76,190.0,98.1,29938.4
2048-12-29,7.65,-4.01,-15.37,128.2,185.0,29980.4
2048-12-30,1.71,-7.27,-11.86,91.0,246.4,30027.0
2048-12-31,0.85,-8.3,-13.77,91.5,213.3,30052.7
2049-01-01,0.0,-9.34,-15.68,92.1,180.2,30078.5
2049-01-02,0.0,-15.73,-24.52,123.9,83.7,30134.3
2049-01-03,1.49,-4.14,-27.67,201.0,62.8,30194.7
2049-01-04,10.1,2.96,-20.31,152.4,121.6,30259.6
2049-01-05,7.94,1.24,-5.42,73.3,408.1,30328.9
2049-01-06,0.0,-8.1,-22.0,174.4,104.9,30402.6
2049-01-07,0.0,-2.72,-18.74,187.0,139.1,30480.7
2049-01-08,0.0,-6.19,-15.68,137.8,180.2,30562.9
2049-01-09,0.0,-16.69,-28.27,162.1,59.4,30649.4
2049-01-10,0.0,-17.26,-32.86,192.4,38.2,30740.0
2049-01-11,0.0,-11.65,-30.32,206.6,48.9,30834.6
2049-01-12,0.0,-9.21,-27.31,206.1,64.9,30933.3
2049-01-13,0.0,-13.48,-23.8,155.0,89.3,31035.8
2049-01-14,0.0,-13.45,-24.62,165.8,83.0,31142.2
2049-01-15,0.0,-13.15,-27.98,197.3,61.0,31252.3
2049-01-16,0.0,-4.11,-23.66,219.1,90.5,31366.2
2049-01-17,0.0,-2.72,-15.18,181.7,187.9,31483.6
2049-01-18,0.0,-10.92,-15.31,77.9,185.9,31604.5
2049-01-19,1.3,-15.29,-25.02,158.6,80.1,31728.9
2049-01-20,0.0,-8.61,-22.98,205.1,96.1,31856.7
2049-01-21,0.0,-6.65,-23.62,223.2,90.8,31987.7
2049-01-22,6.77,0.3,-21.05,181.7,114.0,32121.9
2049-01-23,2.7,1.06,-11.49,147.5,253.9,32259.3
2049-01-24,8.63,2.33,-3.91,85.0,457.5,32399.7
2049-01-25,0.0,-1.21,-9.63,150.9,294.4,32543.0
2049-01-26,0.0,-9.3,-21.66,205.0,108.1,32689.2
2049-01-27,1.9,-3.65,-17.8,223.4,150.9,32838.2
2049-01-28,0.99,-8.35,-15.18,132.8,187.9,32989.9
2049-01-29,1.58,-8.97,-20.5,204.4,119.6,33144.3
2049-01-30,0.0,-19.72,-27.85,160.6,61.7,33301.2
2049-01-31,3.88,-19.68,-34.46,181.9,32.7,33460.6
2049-02-01,1.29,-15.94,-26.31,196.3,71.1,33622.3
2049-02-02,0.0,-12.23,-28.63,261.7,57.3,33786.4
2049-02-03,0.0,-4.71,-24.56,281.7,83.4,33952.8
2049-02-04,0.0,-11.09,-16.81,125.8,164.0,34121.3
2049-02-05,0.0,-9.27,-21.11,231.1,113.4,34291.9
2049-02-06,0.0,-21.37,-30.41,197.4,48.4,34464.5
2049-02-07,2.15,-15.98,-35.51,224.5,29.4,34639.0
2049-02-08,0.0,-11.71,-25.71,264.2,75.1,34815.5
2049-02-09,0.0,-11.98,-26.17,270.4,72.0,34993.8
2049-02-10,0.0,-3.51,-23.21,309.4,94.2,35173.8
2049-02-11,0.0,-12.67,-20.74,191.1,117.1,35355.5
2049-02-12,8.55,-8.38,-28.33,242.1,59.0,35538.8
2049-02-13,13.67,-4.98,-20.17,222.8,123.1,35723.7
2049-02-14,0.0,-5.05,-10.38,136.8,277.5,35910.0
2049-02-15,0.0,-6.9,-23.08,317.6,95.3,36097.8
2049-02-16,17.35,-6.92,-25.88,257.2,74.0,36287.0
2049-02-17,2.46,-6.36,-18.38,208.6,143.5,36477.5
2049-02-18,0.0,-13.76,-23.9,251.1,88.6,36669.2
2049-02-19,0.0,-12.35,-35.2,369.6,30.4,36862.2
2049-02-20,0.0,-14.68,-33.73,358.2,35.1,37056.3
2049-02-21,2.04,-15.25,-35.82,371.5,28.5,37251.5
2049-02-22,8.85,-13.79,-28.94,253.3,55.7,37447.8
2049-02-23,2.42,-9.48,-18.88,185.5,137.6,37645.0
2049-02-24,0.0,-7.83,-19.78,297.0,127.3,37843.2
2049-02-25,0.0,-10.54,-24.56,332.6,83.4,38042.3
2049-02-26,0.0,-7.44,-30.09,402.8,50.0,38242.3
2049-02-27,0.0,-7.31,-27.96,395.1,61.1,38443.1
2049-02-28,0.0,-4.06,-29.32,416.5,53.8,38644.7
2049-03-01,0.0,-3.08,-24.47,401.2,84.1,38847.0
2049-03-02,0.0,0.81,-22.61,414.1,99.3,39050.0
2049-03-03,0.0,1.13,-16.73,375.2,165.1,39253.6
2049-03-04,0.0,-1.54,-16.9,350.3,162.8,39457.9
2049-03-05,4.91,-5.05,-17.49,234.7,154.9,39662.7
2049-03-06,5.79,-7.9,-11.98,90.6,244.0,39868.1
2049-03-07,0.0,-5.02,-12.61,214.2,231.9,40074.0
2049-03-08,0.0,0.55,-18.64,415.3,140.4,40280.3
2049-03-09,0.0,1.2,-17.92,418.9,149.2,40487.1
2049-03-10,2.78,-1.08,-13.35,244.9,218.3,40694.3
2049-03-11,0.0,-0.78,-9.07,239.4,307.6,40901.8
2049-03-12,0.0,-8.29,-19.61,322.3,129.2,41109.7
2049-03-13,25.78,-4.53,-25.31,347.8,78.0,41317.8
2049-03-14,4.67,-6.45,-17.35,242.6,156.7,41526.3
2049-03-15,0.0,-9.96,-21.92,353.4,105.6,41734.9
2049-03-16,0.0,2.17,-22.92,501.9,96.6,41943.8
2049-03-17,2.41,4.32,-16.3,356.6,171.1,42152.9
2049-03-18,0.0,-11.53,-21.16,299.8,112.9,42362.1
2049-03-19,0.0,-0.45,-27.94,525.8,61.2,42571.4
2049-03-20,0.0,3.65,-22.66,521.7,98.9,42780.8
2049-03-21,5.15,0.94,-9.66,240.4,293.6,42990.3
2049-03-22,0.0,0.72,-3.24,136.7,481.1,43199.8
2049-03-23,0.0,1.79,-14.1,447.5,205.4,43409.3
2049-03-24,0.0,7.55,-18.11,540.6,146.9,43618.7
2049-03-25,0.0,11.14,-10.82,514.2,267.9,43828.1
2049-03-26,0.0,16.17,-3.49,485.9,460.6,44037.5
2049-03-27,0.0,17.08,-3.37,495.5,457.6,44246.7
2049-03-28,0.0,17.02,-3.82,504.4,439.1,44455.7
2049-03-29,0.0,13.26,-3.54,458.0,470.2,44664.6
2049-03-30,0.0,10.44,-3.64,418.4,466.8,44873.3
2049-03-31,0.0,-0.47,-6.31,206.8,381.2,45081.7
2049-04-01,0.0,-0.15,-12.66,412.1,231.1,45289.9
2049-04-02,1.64,-0.57,-7.68,261.7,342.9,45497.8
2049-04-03,2.6,1.78,-6.8,236.3,367.2,45705.3
2049-04-04,0.0,8.0,-6.62,471.2,372.3,45912.5
2049-04-05,0.0,9.4,-8.71,525.7,308.8,46119.2
2049-04-06,0.0,12.41,-8.07,551.7,301.5,46325.6
2049-04-07,0.0,14.67,-7.09,565.7,313.0,46531.4
2049-04-08,0.0,13.26,-6.39,546.9,338.7,46736.8
2049-04-09,0.0,13.42,-4.46,522.0,397.0,46941.7
2049-04-10,2.6,12.86,0.08,312.4,614.1,47145.9
2049-04-11,21.32,10.88,5.33,150.0,892.0,47349.6
2049-04-12,3.17,6.45,1.69,136.9,690.2,47552.6
2049-04-13,0.0,7.9,0.1,289.9,615.2,47754.9
2049-04-14,0.0,5.63,-3.58,342.4,469.0,47956.4
2049-04-15,0.0,10.03,-3.24,463.7,480.9,48157.2
2049-04-16,1.91,9.03,0.24,341.0,621.6,48357.2
2049-04-17,4.02,11.45,3.04,244.5,759.9,48556.4
2049-04-18,0.0,7.62,2.96,200.7,755.4,48754.6
2049-04-19,1.94,6.91,-2.51,396.0,507.7,48951.8
2049-04-20,8.07,3.42,-3.9,243.4,457.8,49148.1
2049-04-21,9.86,12.45,-1.42,384.3,550.4,49343.3
2049-04-22,23.67,4.31,0.39,138.3,628.3,49537.4
2049-04-23,10.42,4.15,0.51,136.0,633.7,49730.4
2049-04-24,1.66,8.45,-0.65,419.4,582.4,49922.1
2049-04-25,8.19,6.68,-2.1,315.0,523.4,50112.6
2049-04-26,0.0,5.09,0.93,225.5,653.0,50301.8
2049-04-27,0.0,7.91,-2.65,504.4,502.4,50489.6
2049-04-28,0.0,14.74,-5.04,641.1,399.6,50675.9
2049-04-29,0.0,18.71,-1.08,635.0,516.5,50860.8
2049-04-30,0.0,18.7,0.75,615.8,592.9,51044.1
2049-05-01,0.0,20.95,3.58,603.0,715.8,51225.8
2049-05-02,0.0,16.02,3.72,516.9,784.1,51405.8
2049-05-03,0.0,17.71,-0.97,619.0,519.8,51584.1
2049-05-04,0.0,20.53,4.82,572.9,786.4,51760.6
2049-05-05,7.57,23.84,7.64,425.4,1042.2,51935.1
2049-05-06,4.78,17.61,9.1,293.7,1155.4,52107.8
2049-05-07,0.0,16.66,5.52,491.9,903.9,52278.4
2049-05-08,0.0,22.39,-0.07,641.6,537.3,52446.9
2049-05-09,0.0,15.79,3.1,537.6,747.0,52613.2
2049-05-10,3.68,13.96,-0.7,434.8,580.5,52777.3
2049-05-11,2.89,9.65,2.05,283.9,707.8,52939.1
2049-05-12,13.72,12.55,4.33,296.6,832.2,53098.5
2049-05-13,3.31,8.88,3.81,196.6,802.2,53255.4
2049-05-14,0.0,12.93,-0.05,543.2,608.5,53409.7
2049-05-15,1.06,18.29,0.83,606.9,596.6,53561.4
2049-05-16,0.0,19.47,4.44,564.1,783.4,53710.5
2049-05-17,2.14,14.38,1.25,398.5,668.4,53856.7
2049-05-18,0.0,15.27,-0.39,574.8,555.1,54000.0
2049-05-19,0.0,18.27,-0.89,612.1,506.7,54140.4
2049-05-20,2.88,16.01,3.6,367.9,790.3,54277.8
2049-05-21,3.98,13.56,6.2,247.1,947.6,54412.0
2049-05-22,0.0,19.4,1.32,588.9,604.1,54543.1
2049-05-23,0.0,17.97,4.3,504.6,793.2,54670.8
2049-05-24,2.87,21.3,1.48,444.0,660.2,54795.2
2049-05-25,12.15,15.33,6.08,277.6,939.8,54916.2
2049-05-26,3.34,13.45,8.83,146.8,1134.0,55033.6
2049-05-27,2.67,12.33,7.04,168.7,1004.1,55147.4
2049-05-28,4.64,16.09,3.91,348.1,808.0,55257.6
2049-05-29,23.97,9.89,4.17,191.8,822.6,55364.0
2049-05-30,0.0,13.05,5.19,344.2,883.6,55466.5
2049-05-31,7.74,12.04,0.96,345.2,654.6,55565.2
2049-06-01,22.93,9.04,4.73,155.1,855.6,55659.8
2049-06-02,2.5,13.81,4.84,299.6,862.4,55750.4
2049-06-03,0.95,16.2,4.24,488.9,826.6,55836.9
2049-06-04,0.0,16.37,4.35,491.8,833.4,55919.2
2049-06-05,0.0,21.64,2.12,532.0,711.4,55997.2
2049-06-06,0.0,16.97,6.53,394.3,969.8,56070.9
2049-06-07,3.93,13.82,5.69,253.9,914.7,56140.2
2049-06-08,0.0,19.8,5.14,486.8,880.7,56205.1
2049-06-09,9.91,22.86,3.37,398.8,777.5,56265.6
2049-06-10,8.62,18.48,8.93,276.8,1142.3,56321.4
2049-06-11,0.0,22.48,9.79,437.2,1209.8,56372.7
2049-06-12,0.0,24.42,4.5,527.5,823.2,56419.4
2049-06-13,0.0,27.84,6.25,530.2,905.1,56461.3
2049-06-14,0.0,30.8,9.33,520.1,1106.8,56498.6
2049-06-15,0.0,29.81,10.35,503.5,1202.3,56531.2
2049-06-16,4.12,24.11,13.0,281.7,1496.8,56558.9
2049-06-17,0.0,21.88,8.21,443.2,1087.8,56581.9
2049-06-18,1.59,19.07,8.82,373.6,1133.6,56600.1
2049-06-19,0.0,24.7,10.66,446.2,1282.6,56613.4
2049-06-20,0.0,26.4,6.99,513.1,965.7,56621.9
2049-06-21,8.38,17.88,9.42,238.6,1180.1,56625.6
2049-06-22,18.21,21.17,12.82,232.4,1479.7,56624.3
2049-06-23,0.0,17.61,8.01,365.2,1073.0,56618.3
2049-06-24,0.0,20.12,3.21,506.5,768.9,56607.4
2049-06-25,0.0,27.99,6.81,523.6,973.9,56591.7
2049-06-26,0.0,28.31,11.41,470.4,1348.6,56571.1
2049-06-27,0.0,27.45,14.63,397.6,1664.4,56545.8
2049-06-28,9.62,24.55,13.82,264.1,1579.3,56515.6
2049-06-29,0.0,21.7,11.47,345.0,1353.8,56480.7
2049-06-30,0.0,18.8,10.1,307.6,1235.7,56441.1
2049-07-01,0.0,24.96,6.34,494.8,957.1,56396.8
2049-07-02,0.0,27.35,6.64,507.0,977.2,56347.9
2049-07-03,5.0,18.67,10.23,215.0,1246.4,56294.3
2049-07-04,0.0,22.84,12.05,346.0,1406.4,56236.2
2049-07-05,0.0,23.36,7.19,462.0,1014.7,56173.5
2049-07-06,0.0,29.91,13.12,447.9,1508.6,56106.4
2049-07-07,0.0,31.41,17.47,385.8,1995.0,56034.9
2049-07-08,0.0,27.81,14.49,387.2,1649.2,55959.1
2049-07-09,2.31,28.55,14.32,304.3,1631.6,55878.9
2049-07-10,2.2,29.24,15.37,294.9,1745.8,55794.5
2049-07-11,0.0,26.08,13.49,376.1,1546.1,55706.0
2049-07-12,18.51,24.84,11.2,304.8,1329.2,55613.4
2049-07-13,0.0,26.12,14.93,350.2,1696.4,55516.8
2049-07-14,6.28,25.0,11.03,316.1,1314.5,55416.2
2049-07-15,1.77,21.67,12.54,314.9,1452.6,55311.7
2049-07-16,2.72,21.03,8.61,302.6,1117.7,55203.4
2049-07-17,0.0,20.48,9.79,363.2,1210.2,55091.5
2049-07-18,0.0,22.8,5.99,477.1,934.2,54975.8
2049-07-19,3.01,25.24,6.23,371.4,949.5,54856.7
2049-07-20,8.31,20.4,11.7,227.5,1374.4,54734.0
2049-07-21,2.84,21.4,12.36,233.0,1435.8,54607.9
2049-07-22,4.3,18.44,7.9,269.4,1065.0,54478.5
2049-07-23,3.44,20.86,11.41,241.6,1348.0,54345.9
2049-07-24,3.55,20.61,8.74,292.6,1127.5,54210.1
2049-07-25,0.0,18.94,9.26,342.8,1167.9,54071.2
2049-07-26,0.0,24.15,5.6,496.6,909.2,53929.4
2049-07-27,0.36,17.78,8.57,331.2,1114.9,53784.6
2049-07-28,0.0,22.78,12.2,357.5,1420.0,53637.0
2049-07-29,19.66,21.41,14.89,176.9,1692.9,53486.6
2049-07-30,3.73,21.89,17.59,119.0,2009.8,53333.6
2049-07-31,5.76,24.46,16.12,222.0,1831.0,53177.9
2049-08-01,0.0,28.91,14.51,430.7,1650.9,53019.8
2049-08-02,10.61,27.35,15.83,281.1,1797.9,52859.2
2049-08-03,0.0,26.8,16.71,340.0,1901.8,52696.3
2049-08-04,7.07,26.39,13.55,306.2,1551.3,52531.0
2049-08-05,0.0,22.76,12.48,363.3,1446.7,52363.6
2049-08-06,0.0,21.95,7.67,449.9,1048.4,52194.1
2049-08-07,0.0,23.18,7.67,462.8,1048.6,52022.5
2049-08-08,0.16,24.73,8.44,466.5,1104.8,51848.9
2049-08-09,10.36,24.27,9.82,329.7,1212.3,51673.3
2049-08-10,3.95,24.42,12.92,285.5,1489.3,51496.0
2049-08-11,4.34,21.56,14.0,210.0,1597.5,51316.8
2049-08-12,0.0,23.52,12.9,363.9,1487.1,51136.0
2049-08-13,0.0,25.43,12.61,406.1,1459.4,50953.4
2049-08-14,0.0,26.06,11.19,435.0,1328.6,50769.4
2049-08-15,0.0,25.94,11.68,423.5,1372.5,50583.7
2049-08-16,7.55,25.32,7.96,346.7,1069.5,50396.6
2049-08-17,18.59,22.7,11.85,270.7,1387.8,50208.2
2049-08-18,0.0,19.91,13.76,232.4,1572.9,50018.3
2049-08-19,0.0,24.17,10.63,414.0,1280.3,49827.2
2049-08-20,6.81,23.03,12.65,261.1,1463.4,49634.9
2049-08-21,0.0,18.95,7.93,372.6,1067.2,49441.3
2049-08-22,0.0,20.34,4.58,447.8,846.5,49246.7
2049-08-23,0.0,24.77,5.83,465.0,924.1,49050.9
2049-08-24,17.47,21.32,10.66,258.5,1283.0,48854.2
2049-08-25,1.02,26.64,15.0,353.4,1704.3,48656.4
2049-08-26,0.0,28.38,15.96,359.8,1812.7,48457.8
2049-08-27,0.0,29.61,13.12,415.5,1509.2,48258.2
2049-08-28,0.0,27.31,13.87,372.8,1584.6,48057.8
2049-08-29,0.0,21.57,7.39,395.1,1028.3,47856.6
2049-08-30,0.0,20.24,6.49,386.3,966.6,47654.7
2049-08-31,12.97,20.52,9.65,245.6,1199.0,47452.0
2049-09-01,0.0,18.95,9.38,298.3,1177.1,47248.7
2049-09-02,9.46,22.11,3.64,326.1,792.8,47044.8
2049-09-03,24.62,18.79,7.63,247.1,1045.4,46840.2
2049-09-04,0.0,19.29,11.77,234.4,1380.9,46635.1
2049-09-05,3.46,22.92,7.47,294.3,1034.1,46429.5
2049-09-06,12.69,18.26,5.83,264.3,923.9,46223.4
2049-09-07,0.0,18.65,6.87,339.2,992.5,46016.8
2049-09-08,0.0,19.65,4.46,390.9,839.7,45809.8
2049-09-09,6.59,20.4,5.36,287.4,894.3,45602.5
2049-09-10,27.44,19.1,8.81,222.0,1132.6,45394.8
2049-09-11,0.0,14.15,8.06,192.2,1076.8,45186.7
2049-09-12,0.0,15.44,1.6,367.0,685.6,44978.4
2049-09-13,0.0,22.76,5.03,396.9,873.5,44769.9
2049-09-14,0.0,27.07,12.35,347.5,1434.8,44561.1
2049-09-15,3.42,25.33,13.07,234.5,1504.1,44352.1
2049-09-16,0.0,15.02,2.88,328.8,750.9,44143.0
2049-09-17,0.0,17.09,0.5,380.9,633.4,43933.7
2049-09-18,3.92,14.52,5.62,189.6,910.5,43724.4
2049-09-19,0.0,11.25,3.14,236.3,765.0,43514.9
2049-09-20,0.0,12.25,-0.98,336.7,568.7,43305.4
2049-09-21,0.0,16.73,-0.41,375.1,592.6,43095.9
2049-09-22,0.0,18.77,-0.14,383.4,604.5,42886.4
2049-09-23,7.63,17.07,3.44,244.2,781.6,42677.0
2049-09-24,0.0,15.44,5.04,269.5,874.7,42467.6
2049-09-25,0.0,18.28,2.7,341.9,741.5,42258.4
2049-09-26,9.86,12.65,4.85,159.9,862.8,42049.2
2049-09-27,23.56,16.45,8.38,161.2,1100.5,41840.3
2049-09-28,4.41,16.57,9.73,139.3,1205.6,41631.5
2049-09-29,1.31,13.92,5.08,237.0,876.9,41422.9
2049-09-30,0.0,7.99,-0.65,237.6,582.3,41214.6
2049-10-01,0.0,10.44,-2.98,315.3,490.5,41006.6
2049-10-02,14.87,13.26,-0.48,236.6,589.5,40798.9
2049-10-03,6.53,9.29,3.27,126.6,772.0,40591.5
2049-10-04,2.17,9.59,-0.93,199.0,570.4,40384.6
2049-10-05,0.81,7.55,-2.95,266.0,491.4,40178.0
2049-10-06,1.02,9.82,-3.24,299.2,480.9,39971.9
2049-10-07,0.0,15.66,0.19,314.2,619.0,39766.2
2049-10-08,2.4,4.18,-1.01,108.6,567.2,39561.1
2049-10-09,13.98,8.12,-0.12,162.1,605.4,39356.6
2049-10-10,0.0,3.19,-1.85,142.2,533.3,39152.6
2049-10-11,0.0,5.01,-6.38,269.4,379.2,38949.3
2049-10-12,14.2,7.21,-4.51,203.0,437.2,38746.6
2049-10-13,0.0,4.22,-1.84,165.3,533.7,38544.7
2049-10-14,0.0,7.16,-5.43,279.9,407.7,38343.5
2049-10-15,0.0,11.55,-5.46,307.5,406.8,38143.1
2049-10-16,2.92,12.52,-2.41,216.8,511.5,37943.5
2049-10-17,11.81,12.42,4.08,150.9,817.3,37744.9
2049-10-18,0.56,13.17,7.45,142.9,1032.6,37547.1
2049-10-19,0.0,7.08,-1.54,206.9,545.5,37350.4
2049-10-20,0.0,9.96,-5.26,280.6,413.0,37154.6
2049-10-21,22.65,8.53,-3.56,189.4,469.6,36959.9
2049-10-22,0.0,10.37,1.95,198.2,703.2,36766.4
2049-10-23,0.0,3.62,-1.71,139.0,538.8,36574.0
2049-10-24,3.16,5.66,-4.85,174.5,426.2,36382.9
2049-10-25,0.0,2.51,-1.79,115.0,535.6,36193.1
2049-10-26,0.0,2.87,-8.33,239.1,326.1,36004.6
2049-10-27,3.68,4.44,-5.07,159.9,419.1,35817.5
2049-10-28,2.18,4.35,0.35,76.6,626.4,35631.9
2049-10-29,0.0,7.16,-2.58,209.3,505.0,35447.8
2049-10-30,0.0,7.78,-0.22,179.5,601.0,35265.2
2049-10-31,0.0,4.36,-1.44,140.2,549.7,35084.4
2049-11-01,16.45,0.21,-2.15,48.4,521.4,34905.2
2049-11-02,0.0,0.73,-4.53,130.7,436.5,34727.8
2049-11-03,2.39,1.75,-9.32,183.9,301.6,34552.3
2049-11-04,1.57,4.71,-3.81,205.9,460.7,34378.7
2049-11-05,16.67,5.97,-0.73,116.0,579.1,34207.0
2049-11-06,0.0,7.93,0.63,164.4,639.2,34037.5
2049-11-07,0.0,1.72,-5.09,156.8,418.4,33870.0
2049-11-08,0.0,2.71,-6.94,194.7,363.2,33704.8
2049-11-09,0.0,5.8,-4.02,190.2,453.5,33541.9
2049-11-10,1.73,2.15,-4.89,153.6,424.7,33381.3
2049-11-11,3.64,1.87,-7.62,155.8,344.5,33223.1
2049-11-12,0.0,2.43,-5.58,182.4,403.1,33067.5
2049-11-13,4.34,2.42,-11.49,178.2,253.9,32914.4
2049-11-14,1.59,5.95,-4.23,205.7,446.5,32764.0
2049-11-15,9.99,0.83,-1.46,47.1,548.8,32616.4
2049-11-16,0.0,0.9,-3.4,110.8,475.1,32471.6
2049-11-17,1.6,2.74,-4.6,168.1,434.1,32329.7
2049-11-18,0.0,0.57,-3.42,101.4,474.6,32190.8
2049-11-19,14.16,4.06,-8.95,165.7,310.6,32055.0
2049-11-20,0.0,6.12,-3.23,190.0,481.3,31922.3
2049-11-21,0.0,3.5,-6.8,197.7,367.1,31792.9
2049-11-22,0.0,6.87,-5.84,207.8,395.2,31666.8
2049-11-23,2.7,-1.9,-11.05,138.3,263.0,31544.1
2049-11-24,0.0,-5.83,-12.51,148.7,233.8,31424.9
2049-11-25,0.0,-5.81,-17.77,202.4,151.2,31309.3
2049-11-26,0.0,-2.41,-15.09,202.8,189.3,31197.3
2049-11-27,0.0,0.85,-16.19,210.9,172.7,31089.0
2049-11-28,10.2,12.16,-7.61,157.1,344.8,30984.5
2049-11-29,0.0,5.14,-3.9,159.9,457.8,30883.9
2049-11-30,0.0,-3.86,-8.1,88.6,331.9,30787.2
2049-12-01,0.0,-1.36,-13.7,185.6,212.2,30694.6
2049-12-02,0.0,2.32,-11.46,188.7,254.5,30606.0
2049-12-03,3.79,1.8,-7.27,114.6,354.0,30521.6
2049-12-04,9.42,1.7,-3.3,70.7,478.7,30441.4
2049-12-05,0.0,1.09,-1.0,43.9,567.6,30365.6
2049-12-06,0.0,-0.43,-3.27,57.0,480.0,30294.0
2049-12-07,2.66,-1.67,-4.82,47.3,427.1,30226.9
2049-12-08,0.0,-0.62,-6.6,112.3,372.8,30164.2
2049-12-09,0.0,-2.36,-12.27,159.9,238.5,30106.1
2049-12-10,15.1,4.62,-9.6,137.0,295.0,30052.5
2049-12-11,37.14,6.13,-3.49,113.6,472.1,30003.5
2049-12-12,0.0,-2.45,-6.85,84.1,365.6,29959.2
2049-12-13,0.0,-2.47,-11.21,147.3,259.6,29919.5
2049-12-14,0.0,0.1,-8.5,145.0,321.8,29884.6
2049-12-15,0.0,2.11,-4.71,120.5,430.6,29854.4
2049-12-16,0.0,-1.13,-8.43,127.3,323.4,29829.0
2049-12-17,0.0,-1.53,-11.42,154.7,255.2,29808.5
2049-12-18,0.0,-2.01,-9.09,122.2,307.3,29792.7
2049-12-19,8.02,-1.7,-8.17,87.4,330.2,29781.8
2049-12-20,0.0,0.94,-4.95,107.5,422.7,29775.7
2049-12-21,15.98,3.4,-6.3,116.4,381.6,29774.4
2049-12-22,0.0,2.38,-6.49,148.1,375.9,29778.1
2049-12-23,0.0,-10.36,-16.72,121.1,165.2,29786.5
2049-12-24,0.0,-9.79,-22.01,177.0,104.8,29799.8
2049-12-25,2.0,-5.83,-18.07,177.3,147.4,29818.0
2049-12-26,0.0,-8.0,-17.33,157.6,156.9,29840.9
2049-12-27,0.0,-24.78,-28.78,85.4,56.6,29868.6
2049-12-28,0.0,-24.3,-31.55,144.2,43.4,29901.2
2049-12-29,0.0,-21.58,-31.82,174.5,42.3,29938.4
2049-12-30,0.0,-17.6,-26.76,164.6,68.3,29980.4
2049-12-31,1.57,-11.06,-24.19,189.5,86.2,30027.0
2050-01-01,2.47,-0.39,-20.05,142.6,124.4,30078.5
2050-01-02,0.29,-0.11,-19.63,190.2,129.0,30134.3
2050-01-03,0.0,-18.98,-29.9,145.4,50.8,30194.7
2050-01-04,22.12,-13.43,-26.74,126.6,68.4,30259.6
2050-01-05,0.0,-12.6,-19.1,97.3,134.9,30328.9
2050-01-06,0.0,-17.59,-24.87,108.9,81.1,30402.6
2050-01-07,0.0,-15.05,-27.79,167.7,62.0,30480.7
2050-01-08,11.73,-16.4,-26.81,112.4,68.0,30562.9
2050-01-09,0.0,-17.37,-21.92,73.8,105.6,30649.4
2050-01-10,0.0,-13.83,-21.42,117.6,110.4,30740.0
2050-01-11,0.0,-10.14,-27.13,201.9,66.0,30834.6
2050-01-12,0.0,-11.86,-23.97,171.1,88.0,30933.3
2050-01-13,0.0,-4.47,-19.53,194.4,130.1,31035.8
2050-01-14,11.1,-8.48,-16.1,92.5,174.0,31142.2
2050-01-15,0.41,-12.93,-19.33,107.1,132.3,31252.3
2050-01-16,0.0,-22.88,-29.66,114.6,52.1,31366.2
2050-01-17,15.13,-14.34,-29.52,157.7,52.8,31483.6
2050-01-18,0.0,-8.87,-22.21,197.1,103.0,31604.5
2050-01-19,0.0,-22.49,-28.35,105.1,58.9,31728.9
2050-01-20,0.0,-17.25,-35.38,232.8,29.8,31856.7
2050-01-21,0.0,-11.93,-32.63,244.6,39.1,31987.7
2050-01-22,0.0,-10.22,-28.21,237.7,59.7,32121.9
2050-01-23,1.77,-19.12,-31.72,204.0,42.7,32259.3
2050-01-24,1.8,-16.07,-29.5,215.1,52.8,32399.7
2050-01-25,0.0,-19.23,-32.34,214.9,40.2,32543.0
2050-01-26,0.0,-24.46,-35.51,195.4,29.4,32689.2
2050-01-27,5.63,-11.07,-34.44,205.1,32.8,32838.2
2050-01-28,15.01,6.02,-23.33,213.2,93.2,32989.9
2050-01-29,0.0,-0.99,-17.55,254.2,154.0,33144.3
2050-01-30,0.0,-18.55,-26.97,169.2,66.9,33301.2
2050-01-31,0.0,-15.56,-34.41,276.4,32.8,33460.6
2050-02-01,0.0,-13.1,-32.87,284.0,38.2,33622.3
2050-02-02,0.0,-9.56,-30.29,289.6,49.0,33786.4
2050-02-03,0.0,-8.01,-29.67,295.2,52.0,33952.8
2050-02-04,0.0,-8.83,-22.95,250.2,96.4,34121.3
2050-02-05,0.0,-5.03,-23.5,284.6,91.8,34291.9
2050-02-06,0.88,-10.2,-20.92,211.1,115.3,34464.5
2050-02-07,0.0,-17.02,-23.28,136.8,93.6,34639.0
2050-02-08,0.0,-21.36,-33.39,235.9,36.3,34815.5
2050-02-09,0.0,-19.28,-33.66,265.9,35.4,34993.8
2050-02-10,0.0,-14.6,-30.1,281.3,49.9,35173.8
2050-02-11,0.0,-10.27,-31.37,321.4,44.2,35355.5
2050-02-12,0.0,-6.93,-30.41,333.5,48.5,35538.8
2050-02-13,8.76,-9.18,-19.03,156.3,135.7,35723.7
2050-02-14,0.0,-8.07,-16.14,176.8,173.4,35910.0
2050-02-15,0.0,-6.39,-16.85,221.8,163.5,36097.8
2050-02-16,0.0,-4.49,-21.07,306.9,113.7,36287.0
2050-02-17,0.0,-3.56,-24.16,340.5,86.5,36477.5
2050-02-18,0.0,-2.35,-18.41,303.4,143.2,36669.2
2050-02-19,0.0,9.47,-17.91,371.0,149.4,36862.2
2050-02-20,0.56,13.79,-0.81,281.6,575.5,37056.3
2050-02-21,0.0,6.37,0.41,137.5,629.2,37251.5
2050-02-22,0.0,-8.43,-12.18,97.9,240.2,37447.8
2050-02-23,4.12,-10.48,-20.47,179.5,119.9,37645.0
2050-02-24,24.71,-13.42,-18.01,93.8,148.1,37843.2
2050-02-25,0.0,-10.48,-20.29,249.2,121.8,38042.3
2050-02-26,0.0,-11.32,-19.78,228.3,127.3,38242.3
2050-02-27,0.0,-13.19,-20.62,215.2,118.4,38443.1
2050-02-28,0.0,-9.99,-18.71,253.1,139.6,38644.7
2050-03-01,0.0,-11.48,-20.05,252.8,124.3,38847.0
2050-03-02,0.0,-4.85,-27.14,431.9,65.9,39050.0
2050-03-03,12.26,-4.54,-24.47,321.4,84.1,39253.6
2050-03-04,0.0,-3.95,-16.78,355.7,164.4,39457.9
2050-03-05,0.0,-4.66,-8.2,125.3,329.3,39662.7
2050-03-06,0.0,-2.53,-26.74,464.8,68.4,39868.1
2050-03-07,0.0,2.1,-18.79,454.8,138.7,40074.0
2050-03-08,0.0,5.79,-10.94,422.4,265.2,40280.3
2050-03-09,6.06,0.29,-11.02,256.8,263.5,40487.1
2050-03-10,10.26,-1.63,-6.94,138.6,363.0,40694.3
2050-03-11,0.0,-3.97,-11.39,257.8,255.8,40901.8
2050-03-12,0.0,-5.08,-25.41,483.4,77.2,41109.7
2050-03-13,0.0,1.05,-20.77,494.3,116.8,41317.8
2050-03-14,0.0,3.12,-8.82,385.8,313.8,41526.3
2050-03-15,3.9,4.04,-3.51,204.2,471.3,41734.9
2050-03-16,2.28,3.09,-0.62,108.8,583.9,41943.8
2050-03-17,2.32,-1.36,-6.59,154.4,373.0,42152.9
2050-03-18,0.0,-2.31,-9.17,272.0,305.4,42362.1
2050-03-19,1.31,-2.05,-10.95,350.4,265.1,42571.4
2050-03-20,0.0,2.25,-8.78,412.8,314.8,42780.8
2050-03-21,0.0,6.38,-2.48,364.9,508.8,42990.3
2050-03-22,11.55,1.57,-3.09,163.8,486.4,43199.8
2050-03-23,0.0,3.91,-1.85,265.8,533.1,43409.3
2050-03-24,2.54,4.95,-5.42,316.7,408.0,43618.7
2050-03-25,0.0,4.47,-3.36,347.7,476.6,43828.1
2050-03-26,0.0,2.85,-3.16,279.7,483.7,44037.5
2050-03-27,2.65,2.48,-9.64,357.4,294.2,44246.7
2050-03-28,0.0,2.77,-4.48,334.3,438.1,44455.7
2050-03-29,0.0,3.74,-2.36,289.0,513.6,44664.6
2050-03-30,0.0,0.26,-7.38,358.0,351.1,44873.3
2050-03-31,0.0,3.38,-5.56,404.4,403.7,45081.7
2050-04-01,0.0,-0.88,-7.41,330.8,350.1,45289.9
2050-04-02,2.43,0.52,-19.68,448.6,128.4,45497.8
2050-04-03,7.7,3.78,-9.77,407.0,291.1,45705.3
2050-04-04,0.0,6.89,-2.21,426.9,519.1,45912.5
2050-04-05,3.46,7.06,-2.95,352.5,491.6,46119.2
2050-04-06,14.68,1.22,-1.63,129.4,541.9,46325.6
2050-04-07,17.68,-1.44,-3.76,114.1,462.7,46531.4
2050-04-08,0.0,2.32,-8.24,526.7,328.3,46736.8
2050-04-09,0.0,7.31,-12.12,623.4,241.4,46941.7
2050-04-10,0.0,10.08,-3.0,561.3,489.7,47145.9
2050-04-11,0.0,4.29,-1.08,320.5,564.4,47349.6
2050-04-12,0.0,11.77,-5.74,621.5,383.3,47552.6
2050-04-13,11.99,14.53,-2.49,460.6,508.7,47754.9
2050-04-14,0.0,9.13,1.2,438.9,666.3,47956.4
2050-04-15,0.0,17.34,2.24,592.0,658.8,48157.2
2050-04-16,16.3,16.01,0.52,445.6,634.4,48357.2
2050-04-17,0.0,6.74,0.79,336.4,646.6,48556.4
2050-04-18,0.0,4.35,-1.78,352.1,536.0,48754.6
2050-04-19,3.46,5.29,-3.17,344.2,483.3,48951.8
2050-04-20,0.0,5.66,-1.0,383.3,567.5,49148.1
2050-04-21,0.0,3.63,-2.1,338.7,523.6,49343.3
2050-04-22,0.0,0.64,-5.25,351.4,413.3,49537.4
2050-04-23,5.33,2.59,-6.92,383.4,363.6,49730.4
2050-04-24,1.97,3.73,-2.95,394.4,491.5,49922.1
2050-04-25,0.0,9.14,-2.53,563.9,506.9,50112.6
2050-04-26,2.05,9.62,-4.38,610.2,431.9,50301.8
2050-04-27,7.01,16.31,0.3,465.5,624.2,50489.6
2050-04-28,0.0,4.97,-2.9,435.1,493.2,50675.9
2050-04-29,1.65,10.47,-4.29,616.0,418.6,50860.8
2050-04-30,1.49,10.18,-0.17,514.3,602.1,51044.1
2050-05-01,14.77,4.22,0.38,170.9,627.9,51225.8
2050-05-02,1.38,5.17,0.71,272.2,643.1,51405.8
2050-05-03,0.0,11.28,-2.25,607.9,499.7,51584.1
2050-05-04,0.0,20.06,0.15,657.8,534.1,51760.6
2050-05-05,3.56,12.89,0.37,431.2,627.4,51935.1
2050-05-06,5.23,10.96,3.15,315.0,765.4,52107.8
2050-05-07,0.0,15.22,1.36,588.7,640.1,52278.4
2050-05-08,8.89,11.81,-2.47,450.0,509.4,52446.9
2050-05-09,0.0,16.08,2.0,593.0,671.3,52613.2
2050-05-10,0.93,13.61,4.73,454.0,855.4,52777.3
2050-05-11,3.36,15.34,-0.88,467.1,572.8,52939.1
2050-05-12,9.99,9.89,3.63,258.5,792.2,53098.5
2050-05-13,8.08,4.78,0.92,174.8,653.0,53255.4
2050-05-14,1.88,6.53,1.53,297.4,681.8,53409.7
2050-05-15,0.0,14.16,2.87,550.0,750.4,53561.4
2050-05-16,0.0,17.81,1.72,630.9,646.8,53710.5
2050-05-17,0.0,15.94,3.0,579.4,737.3,53856.7
2050-05-18,1.7,8.95,5.4,212.2,896.7,54000.0
2050-05-19,0.0,16.57,-0.36,635.8,562.0,54140.4
2050-05-20,0.0,20.27,-1.89,662.7,482.1,54277.8
2050-05-21,0.0,22.25,2.45,640.0,655.5,54412.0
2050-05-22,6.42,27.13,3.28,484.1,753.4,54543.1
2050-05-23,0.0,21.54,4.76,594.4,801.8,54670.8
2050-05-24,0.0,21.03,-1.99,651.5,482.6,54795.2
2050-05-25,2.61,15.87,5.17,340.7,882.6,54916.2
2050-05-26,21.02,11.39,2.99,288.6,757.2,55033.6
2050-05-27,4.95,10.01,0.16,334.1,618.0,55147.4
2050-05-28,0.0,15.05,-1.64,596.8,531.2,55257.6
2050-05-29,0.0,15.46,0.83,558.8,645.1,55364.0
2050-05-30,12.96,15.79,1.51,410.1,681.1,55466.5
2050-05-31,13.64,26.71,6.81,446.3,988.5,55565.2
2050-06-01,16.12,23.44,9.28,377.2,1169.2,55659.8
2050-06-02,6.94,9.96,5.13,163.9,880.0,55750.4
2050-06-03,0.0,17.02,3.61,511.1,790.8,55836.9
2050-06-04,0.0,19.11,1.92,575.6,701.7,55919.2
2050-06-05,0.0,24.32,2.1,614.8,678.6,55997.2
2050-06-06,7.88,25.02,5.97,429.9,932.5,56070.9
2050-06-07,12.87,20.33,12.02,245.9,1403.6,56140.2
2050-06-08,0.0,16.43,8.34,331.3,1097.4,56205.1
2050-06-09,0.0,17.37,4.55,475.1,845.1,56265.6
2050-06-10,0.0,17.53,2.65,521.7,739.0,56321.4
2050-06-11,0.0,26.98,3.16,604.9,727.7,56372.7
2050-06-12,6.3,20.98,8.51,327.0,1110.3,56419.4
2050-06-13,19.86,25.56,12.82,316.4,1479.1,56461.3
2050-06-14,14.23,21.81,14.98,168.0,1702.0,56498.6
2050-06-15,0.0,27.0,11.3,437.4,1338.8,56531.2
2050-06-16,0.0,32.02,13.76,457.9,1572.6,56558.9
2050-06-17,0.0,28.6,17.45,324.8,1992.7,56581.9
2050-06-18,15.24,27.73,13.95,294.2,1592.1,56600.1
2050-06-19,0.0,23.95,13.23,336.3,1519.8,56613.4
2050-06-20,0.0,25.25,7.7,474.7,1050.3,56621.9
2050-06-21,23.03,19.73,11.87,203.5,1390.2,56625.6
2050-06-22,0.0,21.67,12.17,322.2,1417.7,56624.3
2050-06-23,0.0,19.74,11.12,308.3,1322.2,56618.3
2050-06-24,0.0,23.96,9.47,444.0,1184.4,56607.4
2050-06-25,7.93,21.54,8.29,316.8,1093.3,56591.7
2050-06-26,1.91,24.01,14.01,333.2,1599.2,56571.1
2050-06-27,6.68,24.94,14.21,265.5,1619.8,56545.8
2050-06-28,18.62,24.1,16.35,203.1,1858.5,56515.6
2050-06-29,4.1,27.29,16.25,270.1,1846.5,56480.7
2050-06-30,13.15,26.75,17.34,241.8,1978.6,56441.1
2050-07-01,6.41,23.16,15.59,209.0,1770.1,56396.8
2050-07-02,12.01,26.58,13.13,317.9,1510.2,56347.9
2050-07-03,0.0,22.92,10.19,421.3,1242.9,56294.3
2050-07-04,0.0,22.11,6.51,478.0,968.2,56236.2
2050-07-05,8.67,23.7,6.34,374.5,957.3,56173.5
2050-07-06,0.0,21.7,10.54,395.4,1272.7,56106.4
2050-07-07,8.48,22.06,10.26,305.6,1248.9,56034.9
2050-07-08,5.98,18.23,12.54,168.1,1452.5,55959.1
2050-07-09,4.43,20.76,11.88,249.7,1390.6,55878.9
2050-07-10,3.75,25.54,15.3,271.3,1737.6,55794.5
2050-07-11,0.0,24.34,12.35,418.3,1434.7,55706.0
2050-07-12,0.0,24.88,10.94,455.3,1306.7,55613.4
2050-07-13,0.74,24.88,14.37,379.1,1636.9,55516.8
2050-07-14,0.0,23.94,7.09,497.1,1007.6,55416.2
2050-07-15,6.48,25.04,9.58,355.6,1193.3,55311.7
2050-07-16,0.0,24.62,13.7,388.2,1566.9,55203.4
2050-07-17,0.0,26.96,11.38,470.1,1345.4,55091.5
2050-07-18,2.71,25.34,12.81,315.4,1478.6,54975.8
2050-07-19,14.0,23.75,14.82,248.5,1685.2,54856.7
2050-07-20,0.0,27.26,13.19,446.1,1515.2,54734.0
2050-07-21,3.91,31.3,13.51,358.4,1547.6,54607.9
2050-07-22,2.45,27.8,16.43,284.0,1867.6,54478.5
2050-07-23,6.25,28.12,19.73,219.4,2297.7,54345.9
2050-07-24,0.0,26.82,17.02,342.7,1938.9,54210.1
2050-07-25,10.14,25.84,14.19,296.2,1617.1,54071.2
2050-07-26,21.5,26.42,12.88,322.8,1485.2,53929.4
2050-07-27,0.0,24.64,14.98,343.9,1701.9,53784.6
2050-07-28,11.08,20.85,12.12,244.3,1412.6,53637.0
2050-07-29,3.02,25.85,13.68,300.7,1564.7,53486.6
2050-07-30,0.0,24.15,6.72,488.3,982.3,53333.6
2050-07-31,0.0,26.26,12.16,429.2,1416.3,53177.9
2050-08-01,2.34,27.18,15.64,278.7,1776.1,53019.8
2050-08-02,0.0,21.24,15.55,213.4,1765.5,52859.2
2050-08-03,4.38,19.98,12.38,215.6,1437.1,52696.3
2050-08-04,7.71,24.4,12.95,291.9,1492.2,52531.0
2050-08-05,5.53,17.11,11.61,167.1,1366.1,52363.6
2050-08-06,0.0,20.11,3.57,486.6,788.8,52194.1
2050-08-07,0.0,23.75,6.09,484.2,940.6,52022.5
2050-08-08,0.0,25.75,8.71,467.3,1125.6,51848.9
2050-08-09,8.73,25.88,11.01,324.5,1313.3,51673.3
2050-08-10,0.0,20.25,11.34,313.7,1342.4,51496.0
2050-08-11,2.15,21.81,5.28,349.1,888.9,51316.8
2050-08-12,0.0,20.44,5.57,442.1,907.2,51136.0
2050-08-13,0.0,24.09,7.94,450.2,1068.2,50953.4
2050-08-14,9.21,23.55,12.06,275.6,1407.5,50769.4
2050-08-15,0.0,16.9,7.73,323.2,1052.4,50583.7
2050-08-16,0.0,20.72,8.23,397.3,1089.4,50396.6
2050-08-17,0.0,24.79,9.19,436.5,1162.5,50208.2
2050-08-18,0.0,19.07,9.56,324.0,1191.9,50018.3
2050-08-19,0.0,23.03,8.8,416.9,1131.9,49827.2
2050-08-20,7.79,27.02,9.32,337.6,1172.7,49634.9
2050-08-21,12.59,22.38,13.04,231.3,1500.9,49441.3
2050-08-22,0.0,16.47,6.67,332.1,979.2,49246.7
2050-08-23,0.0,18.1,3.39,426.5,778.5,49050.9
2050-08-24,0.0,21.8,3.53,457.8,786.4,48854.2
2050-08-25,0.88,24.26,5.26,455.0,887.6,48656.4
2050-08-26,3.93,26.64,11.92,293.3,1394.6,48457.8
2050-08-27,0.0,24.19,10.75,372.2,1290.1,48258.2
2050-08-28,16.43,21.8,7.71,290.3,1050.9,48057.8
2050-08-29,0.0,18.1,10.58,243.3,1276.0,47856.6
2050-08-30,1.33,15.24,8.0,242.0,1072.2,47654.7
2050-08-31,0.0,15.63,5.24,327.4,886.6,47452.0
2050-09-01,0.0,15.46,2.29,380.2,720.1,47248.7
2050-09-02,0.0,15.14,3.75,340.9,799.0,47044.8
2050-09-03,0.0,16.41,2.68,380.8,740.4,46840.2
2050-09-04,0.0,18.47,0.73,423.3,643.9,46635.1
2050-09-05,12.43,15.7,3.32,261.6,775.0,46429.5
2050-09-06,8.77,12.61,6.5,148.1,967.2,46223.4
2050-09-07,1.69,14.64,7.76,221.4,1054.5,46016.8
2050-09-08,0.0,17.68,7.62,302.9,1044.6,45809.8
2050-09-09,15.02,18.86,5.33,273.8,892.4,45602.5
2050-09-10,4.61,13.38,6.47,168.1,965.4,45394.8
2050-09-11,3.5,14.23,6.77,180.8,986.0,45186.7
2050-09-12,0.0,14.71,8.23,214.5,1089.2,44978.4
2050-09-13,0.0,14.48,6.94,246.6,997.4,44769.9
2050-09-14,0.0,17.24,6.15,325.6,944.4,44561.1
2050-09-15,0.0,17.41,2.93,376.9,753.9,44352.1
2050-09-16,2.67,19.54,1.61,303.2,686.1,44143.0
2050-09-17,6.57,21.98,5.86,283.5,925.5,43933.7
2050-09-18,0.0,13.38,0.45,348.8,631.0,43724.4
2050-09-19,2.69,10.63,0.17,231.5,618.1,43514.9
2050-09-20,0.0,17.59,-0.62,393.9,583.8,43305.4
2050-09-21,0.0,15.93,0.74,363.4,644.5,43095.9
2050-09-22,0.0,19.12,0.73,383.6,643.9,42886.4
2050-09-23,0.0,17.04,1.57,358.1,683.8,42677.0
2050-09-24,0.0,17.47,6.15,298.1,944.5,42467.6
2050-09-25,0.0,20.51,10.44,267.7,1263.6,42258.4
2050-09-26,0.0,21.4,10.58,279.0,1276.0,42049.2
2050-09-27,7.21,22.47,9.63,231.3,1197.4,41840.3
2050-09-28,16.98,16.55,9.02,158.9,1149.0,41631.5
2050-09-29,8.37,16.72,8.92,161.8,1141.2,41422.9
2050-09-30,0.0,10.5,5.03,162.1,873.9,41214.6
2050-10-01,0.0,8.4,2.65,172.9,739.2,41006.6
2050-10-02,0.0,10.3,-1.12,295.5,562.6,40798.9
2050-10-03,0.0,10.73,2.18,239.8,714.5,40591.5
2050-10-04,0.0,12.85,4.16,242.1,822.3,40384.6
2050-10-05,0.0,9.3,3.6,172.3,790.5,40178.0
2050-10-06,0.0,10.68,-0.65,288.0,582.4,39971.9
2050-10-07,0.0,19.08,-1.22,344.8,558.6,39766.2
2050-10-08,0.0,22.9,4.21,326.5,824.9,39561.1
2050-10-09,2.57,22.88,7.17,226.5,1013.3,39356.6
2050-10-10,0.0,11.27,5.77,145.6,919.9,39152.6
2050-10-11,0.0,6.16,0.05,163.2,612.8,38949.3
2050-10-12,0.0,11.52,-4.11,303.9,450.7,38746.6
2050-10-13,0.0,18.9,-2.75,322.4,498.8,38544.7
2050-10-14,0.0,11.02,-0.91,252.2,571.3,38343.5
2050-10-15,0.0,8.24,-3.86,254.7,459.2,38143.1
2050-10-16,0.0,9.89,-1.79,247.2,535.5,37943.5
2050-10-17,0.0,12.03,-3.26,281.0,480.2,37744.9
2050-10-18,0.0,12.54,-3.89,284.5,458.2,37547.1
2050-10-19,0.0,17.38,-0.88,285.6,572.9,37350.4
2050-10-20,14.14,10.87,1.15,153.7,663.6,37154.6
2050-10-21,4.24,11.03,5.36,96.6,894.4,36959.9
2050-10-22,7.13,11.34,8.64,50.4,1119.7,36766.4
2050-10-23,1.57,10.68,6.87,92.4,992.6,36574.0
2050-10-24,0.0,14.16,5.2,193.2,884.0,36382.9
2050-10-25,0.0,13.99,0.88,242.6,650.7,36193.1
2050-10-26,0.0,10.52,-1.38,230.1,552.1,36004.6
2050-10-27,0.0,8.18,-2.78,218.6,497.8,35817.5
2050-10-28,0.0,12.18,-2.15,243.1,521.6,35631.9
2050-10-29,0.0,14.82,1.95,223.6,702.8,35447.8
2050-10-30,0.0,14.57,5.24,177.0,887.0,35265.2
2050-10-31,4.1,12.45,-1.04,167.1,565.9,35084.4
2050-11-01,27.73,6.74,1.02,88.0,657.3,34905.2
2050-11-02,21.95,8.24,3.64,70.8,792.9,34727.8
2050-11-03,0.0,7.73,0.5,141.8,633.2,34552.3
2050-11-04,3.04,13.2,-2.13,167.6,522.4,34378.7
2050-11-05,2.61,14.96,1.74,152.3,692.4,34207.0
2050-11-06,10.66,9.51,-2.64,148.1,503.0,34037.5
2050-11-07,6.23,7.18,-0.85,112.2,574.0,33870.0
2050-11-08,0.0,6.61,-1.19,146.6,559.7,33704.8
2050-11-09,0.0,6.62,-0.18,128.2,602.7,33541.9
2050-11-10,0.0,3.36,-1.19,89.4,559.8,33381.3
2050-11-11,0.0,2.75,-1.96,94.0,528.9,33223.1
2050-11-12,0.0,4.38,-2.82,138.8,496.1,33067.5
2050-11-13,0.0,6.0,-4.26,176.2,445.6,32914.4
2050-11-14,0.46,9.51,-4.21,197.9,447.1,32764.0
2050-11-15,0.0,11.94,1.09,172.9,660.6,32616.4
2050-11-16,0.0,7.36,-2.41,164.9,511.8,32471.6
2050-11-17,0.0,9.74,-5.6,199.0,402.3,32329.7
2050-11-18,1.42,12.04,-4.42,198.8,440.2,32190.8
2050-11-19,0.0,10.17,-0.95,169.3,569.6,32055.0
2050-11-20,0.0,1.12,-4.34,101.8,442.8,31922.3
2050-11-21,5.47,6.05,-9.02,157.7,308.9,31792.9
2050-11-22,2.1,7.99,-3.9,184.6,457.6,31666.8
2050-11-23,1.74,-4.85,-9.87,99.3,288.8,31544.1
2050-11-24,1.95,-3.82,-10.38,126.0,277.5,31424.9
2050-11-25,0.0,-0.4,-12.6,187.9,232.2,31309.3
2050-11-26,0.0,-4.83,-12.77,145.1,228.9,31197.3
2050-11-27,5.41,-5.2,-16.89,138.5,162.8,31089.0
2050-11-28,16.54,0.07,-14.57,149.9,197.7,30984.5
2050-11-29,0.0,2.35,-8.63,172.9,318.6,30883.9
2050-11-30,0.0,-4.68,-11.86,132.3,246.5,30787.2
2050-12-01,2.42,-3.36,-12.92,120.2,226.1,30694.6
2050-12-02,4.25,2.14,-12.23,142.8,239.2,30606.0
2050-12-03,5.65,4.49,-4.95,112.3,422.8,30521.6
2050-12-04,0.0,5.72,-3.25,143.6,480.7,30441.4
2050-12-05,13.05,1.0,-4.73,77.3,430.1,30365.6
2050-12-06,2.76,1.13,-2.93,57.0,492.3,30294.0
2050-12-07,0.0,-4.72,-8.12,66.2,331.4,30226.9
2050-12-08,0.0,-4.68,-12.4,134.4,235.9,30164.2
2050-12-09,2.41,-3.02,-13.81,123.2,210.4,30106.1
2050-12-10,7.66,-1.76,-10.46,106.7,275.7,30052.5
2050-12-11,9.02,-3.19,-9.3,81.1,302.1,30003.5
2050-12-12,0.0,-10.39,-16.96,115.9,161.9,29959.2
2050-12-13,0.0,-10.9,-24.84,180.6,81.3,29919.5
2050-12-14,0.0,-11.54,-28.7,189.8,57.0,29884.6
2050-12-15,0.0,-7.27,-24.74,188.8,82.1,29854.4
2050-12-16,0.0,-6.78,-22.99,184.5,96.1,29829.0
2050-12-17,2.01,-4.2,-19.16,179.8,134.3,29808.5
2050-12-18,3.81,-1.78,-9.35,92.6,301.0,29792.7
2050-12-19,0.0,-4.26,-10.5,106.9,274.8,29781.8
2050-12-20,0.0,-3.66,-16.93,172.7,162.4,29775.7
2050-12-21,0.0,3.39,-15.98,188.8,175.8,29774.4
2050-12-22,0.0,8.06,-2.24,146.2,518.2,29778.1
2050-12-23,0.0,4.01,-6.57,149.5,373.7,29786.5
2050-12-24,0.0,1.87,-5.95,121.6,391.8,29799.8
2050-12-25,0.0,-0.38,-10.2,145.6,281.4,29818.0
2050-12-26,0.0,-3.24,-9.65,106.2,293.9,29840.9
2050-12-27,6.74,-5.09,-16.91,124.5,162.6,29868.6
2050-12-28,2.81,-0.45,-12.33,124.8,237.2,29901.2
2050-12-29,0.0,-5.92,-12.61,114.2,232.0,29938.4
2050-12-30,0.0,-11.2,-19.72,139.2,128.0,29980.4
2050-12-31,0.0,-7.89,-19.78,169.7,127.3,30027.0
2051-01-01,4.17,-7.78,-17.75,121.5,151.5,30078.5
2051-01-02,0.0,-5.43,-11.48,112.2,254.0,30134.3
2051-01-03,1.24,-8.24,-14.95,123.9,191.6,30194.7
2051-01-04,0.0,-7.51,-20.13,185.3,123.4,30259.6
2051-01-05,0.0,-8.92,-24.13,198.8,86.7,30328.9
2051-01-06,5.93,-3.79,-17.03,144.2,160.9,30402.6
2051-01-07,5.56,-4.37,-10.96,94.7,264.9,30480.7
2051-01-08,0.0,-10.15,-25.68,206.8,75.4,30562.9
2051-01-09,0.0,-8.64,-22.41,201.5,101.1,30649.4
2051-01-10,0.0,-20.13,-32.05,193.8,41.4,30740.0
2051-01-11,6.05,-20.6,-38.38,165.7,22.0,30834.6
2051-01-12,18.13,-10.42,-34.28,172.9,33.3,30933.3
2051-01-13,3.83,-3.33,-17.59,161.4,153.5,31035.8
2051-01-14,0.0,1.85,-8.44,185.9,323.3,31142.2
2051-01-15,17.42,10.19,-3.44,157.2,473.8,31252.3
2051-01-16,29.47,3.76,-0.58,70.6,585.4,31366.2
2051-01-17,8.44,-1.05,-2.76,33.3,498.6,31483.6
2051-01-18,0.0,-1.27,-9.4,167.6,299.7,31604.5
2051-01-19,0.0,-0.12,-6.29,135.4,381.9,31728.9
2051-01-20,6.46,0.89,-2.53,60.0,507.2,31856.7
2051-01-21,6.28,-2.17,-4.18,39.2,448.3,31987.7
2051-01-22,9.76,-3.34,-5.57,43.3,403.4,32121.9
2051-01-23,2.69,-4.42,-6.57,42.7,373.8,32259.3
2051-01-24,0.0,-4.89,-9.84,120.8,289.5,32399.7
2051-01-25,0.0,-5.07,-15.6,217.3,181.4,32543.0
2051-01-26,0.0,-10.14,-20.94,224.3,115.1,32689.2
2051-01-27,0.0,-15.42,-22.49,172.7,100.4,32838.2
2051-01-28,0.0,-10.15,-20.61,226.4,118.4,32989.9
2051-01-29,0.0,-6.42,-19.43,252.4,131.2,33144.3
2051-01-30,0.0,-6.47,-17.69,240.2,152.2,33301.2
2051-01-31,8.91,-8.02,-24.42,209.4,84.5,33460.6
2051-02-01,3.65,-1.97,-16.54,203.6,167.8,33622.3
2051-02-02,0.0,-10.46,-19.66,219.4,128.7,33786.4
2051-02-03,0.0,-12.19,-26.31,276.9,71.2,33952.8
2051-02-04,19.01,-10.17,-28.63,228.5,57.4,34121.3
2051-02-05,9.39,-8.58,-21.9,212.1,105.8,34291.9
2051-02-06,0.0,-21.66,-27.14,156.4,65.9,34464.5
2051-02-07,0.0,-20.13,-28.85,233.7,56.2,34639.0
2051-02-08,0.0,-14.34,-28.56,304.2,57.8,34815.5
2051-02-09,0.76,-8.32,-27.27,328.4,65.1,34993.8
2051-02-10,1.26,-9.4,-20.8,284.2,116.5,35173.8
2051-02-11,0.0,-2.01,-22.11,340.4,103.9,35355.5
2051-02-12,0.0,-13.05,-18.93,187.6,136.9,35538.8
2051-02-13,0.0,-9.71,-26.96,343.3,67.0,35723.7
2051-02-14,0.0,-7.39,-22.13,334.1,103.7,35910.0
2051-02-15,7.82,-0.93,-24.62,274.2,83.0,36097.8
2051-02-16,0.0,-0.56,-15.95,337.3,176.2,36287.0
2051-02-17,0.0,-5.07,-22.6,354.8,99.4,36477.5
2051-02-18,0.0,-3.59,-19.39,344.7,131.6,36669.2
2051-02-19,0.0,3.53,-17.17,370.0,159.1,36862.2
2051-02-20,0.0,-2.94,-15.7,308.9,179.9,37056.3
2051-02-21,0.0,-5.34,-15.31,262.6,185.8,37251.5
2051-02-22,0.0,-6.08,-19.94,325.2,125.5,37447.8
2051-02-23,3.94,-0.18,-19.57,282.3,129.7,37645.0
2051-02-24,12.29,-0.51,-11.67,213.6,250.3,37843.2
2051-02-25,0.0,-10.89,-17.11,179.8,159.9,38042.3
2051-02-26,0.0,-13.74,-23.47,267.5,92.0,38242.3
2051-02-27,2.29,-11.97,-32.27,304.4,40.5,38443.1
2051-02-28,2.58,-7.88,-21.8,259.7,106.7,38644.7
2051-03-01,1.78,-5.34,-13.85,243.3,209.7,38847.0
2051-03-02,0.0,-7.78,-16.95,266.5,162.1,39050.0
2051-03-03,0.0,-6.41,-30.79,443.0,46.8,39253.6
2051-03-04,0.0,-0.06,-24.47,444.1,84.1,39457.9
2051-03-05,11.42,-3.71,-19.72,293.1,127.9,39662.7
2051-03-06,9.48,-8.91,-15.92,163.3,176.7,39868.1
2051-03-07,4.69,2.14,-18.26,334.8,145.0,40074.0
2051-03-08,14.29,7.94,-9.3,313.0,302.0,40280.3
2051-03-09,4.27,-5.96,-11.01,122.6,263.9,40487.1
2051-03-10,0.0,-9.45,-17.16,247.4,159.2,40694.3
2051-03-11,0.0,-6.84,-24.22,445.4,86.0,40901.8
2051-03-12,0.0,-2.43,-26.48,495.7,70.1,41109.7
2051-03-13,0.0,3.43,-11.35,410.1,256.7,41317.8
2051-03-14,0.0,3.28,-0.54,131.6,587.2,41526.3
2051-03-15,0.0,4.33,0.19,145.2,619.3,41734.9
2051-03-16,4.56,3.75,-0.14,106.3,604.6,41943.8
2051-03-17,0.0,1.98,-0.46,103.0,590.7,42152.9
2051-03-18,0.0,2.92,-2.55,210.2,506.3,42362.1
2051-03-19,0.0,5.57,-7.59,433.4,345.3,42571.4
2051-03-20,1.79,7.95,-11.23,513.3,259.2,42780.8
2051-03-21,4.96,8.86,-5.29,343.8,412.1,42990.3
2051-03-22,1.87,4.18,0.74,147.6,644.2,43199.8
2051-03-23,0.0,-0.21,-3.14,134.1,484.4,43409.3
2051-03-24,0.0,-3.06,-8.4,236.4,324.2,43618.7
2051-03-25,0.0,-2.14,-7.91,264.0,336.9,43828.1
2051-03-26,0.0,-0.87,-5.23,208.3,414.0,44037.5
2051-03-27,0.0,1.04,-8.79,416.2,314.6,44246.7
2051-03-28,0.0,5.4,-8.73,509.6,315.9,44455.7
2051-03-29,0.0,7.14,-8.54,536.1,320.7,44664.6
2051-03-30,0.0,9.11,-5.97,529.3,391.2,44873.3
2051-03-31,5.25,4.61,-1.53,217.5,545.8,45081.7
2051-04-01,0.0,-0.08,-6.41,306.1,378.2,45289.9
2051-04-02,0.0,1.22,-10.52,499.0,274.4,45497.8
2051-04-03,0.0,6.18,-11.62,586.4,251.3,45705.3
2051-04-04,7.32,3.38,-7.48,370.0,348.3,45912.5
2051-04-05,0.0,-11.29,-18.61,385.2,140.7,46119.2
2051-04-06,0.0,-1.36,-16.29,584.0,171.3,46325.6
2051-04-07,0.0,2.23,-11.22,565.9,259.4,46531.4
2051-04-08,0.0,6.75,-11.72,612.8,249.2,46736.8
2051-04-09,0.0,4.62,-7.02,521.2,360.9,46941.7
2051-04-10,0.0,4.0,-6.42,497.8,377.9,47145.9
2051-04-11,0.0,4.7,-9.07,582.1,307.6,47349.6
2051-04-12,7.34,4.58,-4.77,361.8,428.8,47552.6
2051-04-13,4.38,9.78,-0.16,367.8,603.5,47754.9
2051-04-14,6.2,5.27,-0.07,227.4,607.4,47956.4
2051-04-15,1.73,3.87,-0.6,259.0,584.5,48157.2
2051-04-16,0.0,5.9,-2.18,427.4,520.4,48357.2
2051-04-17,0.0,6.84,-2.29,464.8,516.4,48556.4
2051-04-18,0.0,7.78,-3.95,546.0,456.1,48754.6
2051-04-19,9.13,7.76,-4.82,429.3,427.0,48951.8
2051-04-20,0.0,8.49,-1.03,493.4,566.3,49148.1
2051-04-21,2.83,11.32,-2.44,442.0,510.3,49343.3
2051-04-22,3.33,7.0,0.54,267.9,635.0,49537.4
2051-04-23,0.0,3.18,-1.0,244.9,567.5,49730.4
2051-04-24,0.0,5.75,-4.3,506.0,444.1,49922.1
2051-04-25,0.0,5.55,-3.03,450.3,488.5,50112.6
2051-04-26,0.0,9.61,-3.49,579.9,450.0,50301.8
2051-04-27,0.0,10.95,-2.13,579.8,489.7,50489.6
2051-04-28,5.71,11.94,-3.72,466.8,464.1,50675.9
2051-04-29,0.0,5.88,-1.44,405.4,549.8,50860.8
2051-04-30,0.0,12.41,-2.32,612.5,470.2,51044.1
2051-05-01,0.0,16.27,-1.48,642.0,471.3,51225.8
2051-05-02,0.0,16.23,-2.35,649.3,429.0,51405.8
2051-05-03,0.0,16.44,-0.54,633.5,486.6,51584.1
2051-05-04,0.0,16.93,-0.21,632.7,495.1,51760.6
2051-05-05,0.0,17.89,-0.73,643.6,467.9,51935.1
2051-05-06,3.26,7.72,0.52,277.3,634.4,52107.8
2051-05-07,4.55,4.87,-4.43,349.1,439.9,52278.4
2051-05-08,0.0,12.11,-1.57,590.8,454.7,52446.9
2051-05-09,0.0,15.49,-1.76,642.1,411.4,52613.2
2051-05-10,0.0,17.89,-2.31,664.7,375.6,52777.3
2051-05-11,1.08,17.81,1.89,614.6,528.1,52939.1
2051-05-12,3.46,12.16,5.93,236.9,930.3,53098.5
2051-05-13,0.0,17.42,7.38,465.6,899.4,53255.4
2051-05-14,0.0,20.39,7.89,529.9,850.5,53409.7
2051-05-15,0.0,16.21,5.73,470.5,807.1,53561.4
2051-05-16,4.58,11.78,6.47,197.7,965.8,53710.5
2051-05-17,9.92,14.18,4.34,336.9,832.4,53856.7
2051-05-18,3.94,8.84,4.71,161.1,854.3,54000.0
2051-05-19,2.25,12.93,5.24,282.7,886.4,54140.4
2051-05-20,0.0,15.19,3.48,517.1,690.0,54277.8
2051-05-21,3.54,19.01,3.42,443.3,714.2,54412.0
2051-05-22,4.05,16.28,7.96,291.6,1069.1,54543.1
2051-05-23,10.13,18.77,4.43,417.6,797.3,54670.8
2051-05-24,3.9,15.09,7.23,273.8,1017.1,54795.2
2051-05-25,0.0,17.31,3.61,544.9,696.2,54916.2
2051-05-26,0.0,18.74,1.11,610.1,527.1,55033.6
2051-05-27,0.95,18.63,3.63,565.1,653.9,55147.4
2051-05-28,9.71,19.57,2.26,446.8,660.5,55257.6
2051-05-29,22.59,11.59,7.91,134.3,1065.5,55364.0
2051-05-30,0.0,13.75,8.29,259.4,1093.4,55466.5
2051-05-31,2.17,21.73,5.8,427.0,890.2,55565.2
2051-06-01,0.0,29.51,11.55,579.9,1095.2,55659.8
2051-06-02,10.2,26.32,14.15,351.6,1612.9,55750.4
2051-06-03,5.13,18.81,10.95,267.9,1308.0,55836.9
2051-06-04,0.0,20.04,4.9,564.9,762.7,55919.2
2051-06-05,0.0,13.48,6.65,326.9,977.8,55997.2
2051-06-06,0.0,18.29,3.84,550.8,702.5,56070.9
2051-06-07,2.85,26.56,9.04,427.0,1024.2,56140.2
2051-06-08,0.0,15.28,6.14,411.4,910.8,56205.1
2051-06-09,0.0,18.51,2.96,570.0,620.8,56265.6
2051-06-10,9.73,21.84,1.42,455.9,606.5,56321.4
2051-06-11,16.54,13.96,7.73,220.3,1052.4,56372.7
2051-06-12,0.0,18.3,9.46,351.2,1183.4,56419.4
2051-06-13,0.0,23.37,6.04,515.2,830.2,56461.3
2051-06-14,0.0,20.03,7.85,436.0,1021.1,56498.6
2051-06-15,0.0,20.42,6.76,462.0,919.0,56531.2
2051-06-16,2.15,26.27,4.56,401.9,810.1,56558.9
2051-06-17,0.0,22.44,9.64,426.1,1139.4,56581.9
2051-06-18,9.33,28.4,10.83,362.4,1270.8,56600.1
2051-06-19,0.0,30.8,16.16,429.8,1687.5,56613.4
2051-06-20,0.0,20.45,6.48,449.1,919.3,56621.9
2051-06-21,0.0,22.7,2.99,522.2,669.8,56625.6
2051-06-22,0.0,26.76,6.63,516.0,842.1,56624.3
2051-06-23,0.0,29.7,7.59,522.7,877.7,56618.3
2051-06-24,0.0,32.25,14.59,461.6,1453.4,56607.4
2051-06-25,7.35,29.61,15.37,304.5,1745.2,56591.7
2051-06-26,0.0,24.18,12.04,380.1,1393.5,56571.1
2051-06-27,0.0,24.55,5.06,508.2,785.7,56545.8
2051-06-28,0.0,29.15,8.7,501.9,984.3,56515.6
2051-06-29,0.0,29.08,12.37,444.8,1319.5,56480.7
2051-06-30,0.0,27.45,12.22,423.3,1328.4,56441.1
2051-07-01,10.4,24.6,13.19,260.1,1515.7,56396.8
2051-07-02,4.71,24.8,15.88,209.0,1803.3,56347.9
2051-07-03,0.0,22.87,11.75,344.3,1378.7,56294.3
2051-07-04,0.0,26.68,9.5,460.8,1097.2,56236.2
2051-07-05,0.0,30.71,8.91,503.1,997.8,56173.5
2051-07-06,0.0,31.78,15.57,419.4,1650.3,56106.4
2051-07-07,8.98,30.07,18.14,250.0,2080.7,56034.9
2051-07-08,20.25,25.31,17.28,182.3,1971.6,55959.1
2051-07-09,0.0,19.95,14.55,177.4,1656.0,55878.9
2051-07-10,0.0,22.52,11.78,337.7,1381.9,55794.5
2051-07-11,0.0,24.72,8.41,447.3,1095.2,55706.0
2051-07-12,0.0,25.91,8.79,453.9,1100.7,55613.4
2051-07-13,2.7,26.74,13.74,279.3,1571.1,55516.8
2051-07-14,0.0,27.88,17.89,294.0,2048.4,55416.2
2051-07-15,0.0,24.09,13.94,311.4,1591.6,55311.7
2051-07-16,0.0,22.66,9.01,405.2,1148.3,55203.4
2051-07-17,3.13,22.85,10.92,273.9,1304.7,55091.5
2051-07-18,2.88,17.5,12.24,137.3,1424.1,54975.8
2051-07-19,2.35,23.52,12.92,252.9,1489.4,54856.7
2051-07-20,13.9,24.57,11.26,299.7,1335.2,54734.0
2051-07-21,6.3,25.43,13.69,273.7,1565.8,54607.9
2051-07-22,0.0,26.54,10.16,456.3,1214.4,54478.5
2051-07-23,38.41,28.32,13.05,324.8,1501.8,54345.9
2051-07-24,0.0,26.39,16.09,333.1,1827.5,54210.1
2051-07-25,0.0,28.25,13.36,428.9,1532.3,54071.2
2051-07-26,8.32,25.66,15.87,240.6,1802.7,53929.4
2051-07-27,0.0,26.2,15.83,340.2,1797.5,53784.6
2051-07-28,0.0,27.28,12.28,440.1,1428.0,53637.0
2051-07-29,7.27,23.52,15.91,204.3,1807.1,53486.6
2051-07-30,0.0,22.85,13.01,346.6,1498.0,53333.6
2051-07-31,0.0,30.17,10.67,487.1,1283.3,53177.9
2051-08-01,3.42,30.29,15.63,314.3,1774.4,53019.8
2051-08-02,0.0,24.21,10.66,418.4,1283.0,52859.2
2051-08-03,4.01,25.86,8.08,357.3,1078.1,52696.3
2051-08-04,5.89,22.13,13.04,239.9,1501.0,52531.0
2051-08-05,0.0,23.53,12.44,373.2,1443.2,52363.6
2051-08-06,0.0,25.17,9.47,454.1,1184.6,52194.1
2051-08-07,0.0,27.53,8.0,485.7,1071.9,52022.5
2051-08-08,0.0,29.56,8.55,486.7,1113.0,51848.9
2051-08-09,0.0,30.4,11.37,461.0,1345.0,51673.3
2051-08-10,0.0,32.09,12.35,460.0,1434.7,51496.0
2051-08-11,0.0,29.99,12.92,434.2,1489.4,51316.8
2051-08-12,7.76,24.64,16.27,199.3,1849.2,51136.0
2051-08-13,0.0,23.73,12.99,332.5,1495.5,50953.4
2051-08-14,0.0,25.52,9.43,429.6,1181.6,50769.4
2051-08-15,6.53,22.92,12.16,248.4,1416.6,50583.7
2051-08-16,0.0,29.06,16.52,351.2,1878.7,50396.6
2051-08-17,0.0,25.38,11.61,383.0,1366.3,50208.2
2051-08-18,0.0,21.44,9.39,356.1,1177.7,50018.3
2051-08-19,0.0,24.5,4.65,463.7,850.8,49827.2
2051-08-20,0.0,29.54,7.84,462.4,1060.3,49634.9
2051-08-21,0.0,30.36,15.29,375.7,1736.8,49441.3
2051-08-22,2.93,21.22,11.99,207.4,1400.8,49246.7
2051-08-23,13.72,21.1,7.89,275.4,1064.2,49050.9
2051-08-24,3.95,18.78,9.71,207.1,1204.1,48854.2
2051-08-25,0.0,19.28,7.34,343.1,1024.8,48656.4
2051-08-26,0.0,20.93,6.31,387.7,954.7,48457.8
2051-08-27,0.0,20.3,9.84,303.6,1214.4,48258.2
2051-08-28,0.0,21.69,2.6,439.0,736.2,48057.8
2051-08-29,2.34,23.16,7.67,288.9,1048.0,47856.6
2051-08-30,0.0,18.41,9.49,260.4,1186.3,47654.7
2051-08-31,4.03,20.08,5.04,288.7,874.7,47452.0
2051-09-01,0.0,18.92,9.42,273.2,1180.7,47248.7
2051-09-02,0.0,18.08,4.0,372.2,813.2,47044.8
2051-09-03,0.0,21.73,1.17,437.7,664.5,46840.2
2051-09-04,0.0,23.66,4.14,419.6,821.2,46635.1
2051-09-05,3.46,24.93,6.13,304.6,942.9,46429.5
2051-09-06,0.0,19.51,4.86,361.6,863.7,46223.4
2051-09-07,15.84,17.98,5.23,249.4,886.4,46016.8
2051-09-08,0.0,16.05,-0.19,390.1,602.2,45809.8
2051-09-09,0.0,16.38,1.08,375.9,660.3,45602.5
2051-09-10,0.0,12.9,3.3,273.2,774.0,45394.8
2051-09-11,0.0,13.77,0.54,342.9,635.1,45186.7
2051-09-12,0.0,23.84,3.98,403.0,812.1,44978.4
2051-09-13,6.19,22.13,8.37,247.3,1099.6,44769.9
2051-09-14,5.81,17.45,10.3,146.2,1252.4,44561.1
2051-09-15,0.0,14.0,2.32,303.2,721.8,44352.1
2051-09-16,0.0,17.16,-1.5,391.6,547.3,44143.0
2051-09-17,13.88,17.51,4.0,242.4,812.7,43933.7
2051-09-18,0.0,13.91,4.23,256.1,826.0,43724.4
2051-09-19,0.0,18.25,-1.23,390.5,558.1,43514.9
2051-09-20,0.0,15.21,1.65,325.0,687.8,43305.4
2051-09-21,0.0,19.25,3.45,344.4,782.2,43095.9
2051-09-22,6.44,18.65,6.87,211.4,992.7,42886.4
2051-09-23,0.0,11.96,5.1,181.9,877.8,42677.0
2051-09-24,0.0,14.64,-3.3,363.2,478.9,42467.6
2051-09-25,0.0,15.71,-2.02,355.6,526.7,42258.4
2051-09-26,4.61,10.88,0.25,193.0,621.9,42049.2
2051-09-27,3.22,14.84,5.86,165.6,925.6,41840.3
2051-09-28,0.0,10.2,2.84,190.1,749.2,41631.5
2051-09-29,0.0,14.83,-3.54,350.9,470.3,41422.9
2051-09-30,0.0,21.81,-2.45,371.0,509.9,41214.6
2051-10-01,0.0,22.8,-0.33,358.7,596.2,41006.6
2051-10-02,0.0,23.61,-0.19,355.7,602.2,40798.9
2051-10-03,0.0,16.62,2.6,280.3,736.3,40591.5
2051-10-04,2.6,8.98,3.58,96.8,789.2,40384.6
2051-10-05,0.0,13.04,3.29,218.6,773.1,40178.0
2051-10-06,4.36,8.55,0.95,134.8,654.0,39971.9
2051-10-07,12.09,11.9,4.92,122.5,866.9,39766.2
2051-10-08,4.4,13.91,7.16,118.2,1012.3,39561.1
2051-10-09,0.96,10.56,5.94,114.0,930.6,39356.6
2051-10-10,0.91,12.05,6.81,126.6,988.6,39152.6
2051-10-11,7.56,11.58,4.7,123.4,853.7,38949.3
2051-10-12,0.0,18.51,4.35,276.0,833.3,38746.6
2051-10-13,0.0,18.46,3.68,278.8,794.7,38544.7
2051-10-14,12.47,22.73,4.64,220.0,850.0,38343.5
2051-10-15,3.66,13.56,6.55,117.8,970.9,38143.1
2051-10-16,0.0,7.66,2.8,117.3,746.9,37943.5
2051-10-17,0.73,7.91,-0.21,186.7,601.4,37744.9
2051-10-18,0.0,13.8,-1.79,276.1,535.7,37547.1
2051-10-19,0.0,9.9,-1.59,235.9,543.7,37350.4
2051-10-20,0.0,12.24,-2.99,269.6,489.9,37154.6
2051-10-21,16.44,16.92,4.54,175.9,844.4,36959.9
2051-10-22,4.96,16.22,6.33,149.4,956.5,36766.4
2051-10-23,0.0,12.54,1.45,216.1,678.0,36574.0
2051-10-24,1.43,17.38,-1.98,274.3,528.1,36382.9
2051-10-25,0.0,12.14,2.22,196.9,716.4,36193.1
2051-10-26,0.0,9.42,-3.62,234.0,467.4,36004.6
2051-10-27,22.55,11.9,-2.13,177.8,522.5,35817.5
2051-10-28,42.12,13.9,3.32,144.9,775.1,35631.9
2051-10-29,0.0,10.34,4.46,120.8,839.4,35447.8
2051-10-30,0.0,2.32,-0.99,76.8,568.0,35265.2
2051-10-31,0.0,1.95,-6.47,179.3,376.6,35084.4
2051-11-01,0.0,3.49,-8.52,224.6,321.3,34905.2
2051-11-02,13.21,1.24,-8.73,170.4,316.0,34727.8
2051-11-03,8.43,5.51,-2.2,137.5,519.6,34552.3
2051-11-04,1.41,4.42,-2.5,166.9,508.2,34378.7
2051-11-05,0.0,1.07,-6.68,182.2,370.4,34207.0
2051-11-06,0.0,4.13,-6.6,220.9,372.7,34037.5
2051-11-07,20.82,7.25,-3.1,157.8,485.8,33870.0
2051-11-08,7.63,3.29,-1.1,77.6,563.6,33704.8
2051-11-09,0.0,-2.93,-7.37,105.2,351.3,33541.9
2051-11-10,0.0,-0.79,-11.31,206.4,257.6,33381.3
2051-11-11,3.65,12.57,-6.3,186.5,381.5,33223.1
2051-11-12,8.53,14.03,-2.42,176.3,511.2,33067.5
2051-11-13,0.0,-0.05,-5.59,122.5,402.7,32914.4
2051-11-14,11.9,2.36,-6.32,131.0,381.0,32764.0
2051-11-15,24.98,9.63,-2.16,151.4,521.3,32616.4
2051-11-16,0.0,6.57,0.05,131.0,613.0,32471.6
2051-11-17,0.0,-0.37,-4.5,90.3,437.7,32329.7
2051-11-18,0.0,-0.23,-8.66,165.6,317.7,32190.8
2051-11-19,1.22,-1.12,-8.54,151.6,320.6,32055.0
2051-11-20,3.21,1.03,-5.39,100.8,408.8,31922.3
2051-11-21,4.83,0.66,-2.76,57.3,498.4,31792.9
2051-11-22,0.0,1.17,-1.55,62.8,545.1,31666.8
2051-11-23,1.29,-1.28,-4.98,86.4,422.0,31544.1
2051-11-24,0.0,-4.03,-8.69,107.9,317.0,31424.9
2051-11-25,0.0,-3.16,-17.2,209.3,158.7,31309.3
2051-11-26,0.0,0.8,-13.32,206.4,218.9,31197.3
2051-11-27,6.23,-6.99,-16.18,132.4,172.9,31089.0
2051-11-28,5.37,-5.36,-12.37,109.7,236.5,30984.5
2051-11-29,0.0,-8.5,-15.68,146.5,180.2,30883.9
2051-11-30,0.0,-8.06,-22.92,202.9,96.6,30787.2
2051-12-01,6.19,-5.67,-20.01,150.4,124.8,30694.6
2051-12-02,0.0,-5.98,-13.24,142.0,220.4,30606.0
2051-12-03,3.07,-9.92,-20.69,134.4,117.6,30521.6
2051-12-04,0.0,-4.85,-16.41,180.0,169.6,30441.4
2051-12-05,1.41,-7.25,-16.39,159.1,169.9,30365.6
2051-12-06,5.89,-3.35,-16.99,141.7,161.5,30294.0
2051-12-07,0.0,-6.87,-16.09,157.4,174.2,30226.9
2051-12-08,0.0,-11.25,-23.91,181.2,88.4,30164.2
2051-12-09,12.31,-5.75,-24.93,148.8,80.7,30106.1
2051-12-10,3.87,-4.77,-20.12,141.2,123.6,30052.5
2051-12-11,0.0,-13.69,-22.34,145.2,101.8,30003.5
2051-12-12,0.0,-14.42,-22.0,134.4,104.9,29959.2
2051-12-13,0.0,-11.1,-23.3,174.1,93.4,29919.5
2051-12-14,1.53,-10.69,-21.03,160.3,114.1,29884.6
2051-12-15,0.0,-8.47,-18.76,159.5,138.9,29854.4
2051-12-16,0.0,-9.0,-19.07,156.5,135.3,29829.0
2051-12-17,0.0,-7.27,-24.01,187.7,87.7,29808.5
2051-12-18,0.0,-7.02,-18.64,163.6,140.4,29792.7
2051-12-19,0.0,-7.3,-15.28,128.8,186.3,29781.8
2051-12-20,8.8,-1.18,-18.6,140.7,140.8,29775.7
2051-12-21,0.0,0.77,-8.39,136.1,324.5,29774.4
2051-12-22,0.0,1.39,-1.36,47.6,552.8,29778.1
2051-12-23,0.0,0.55,-2.04,45.4,526.0,29786.5
2051-12-24,0.0,-3.2,-5.18,37.8,415.4,29799.8
2051-12-25,7.48,-5.28,-7.22,29.1,355.4,29818.0
2051-12-26,4.23,0.18,-7.21,92.5,355.7,29840.9
2051-12-27,0.0,0.47,-5.13,98.2,417.1,29868.6
2051-12-28,0.0,-3.3,-7.02,69.2,361.0,29901.2
2051-12-29,0.0,-7.34,-14.93,130.5,191.9,29938.4
2051-12-30,0.71,-9.92,-24.1,185.8,86.9,29980.4
2051-12-31,0.0,-10.68,-22.58,175.4,99.6,30027.0
2052-01-01,0.0,-14.63,-27.88,158.5,61.5,30078.5
2052-01-02,0.0,-17.91,-30.08,151.9,50.0,30134.3
2052-01-03,0.0,-22.64,-33.32,140.3,36.6,30194.7
2052-01-04,0.0,-18.65,-29.77,145.2,51.5,30259.6
2052-01-05,0.0,-19.91,-27.88,112.8,61.6,30328.9
2052-01-06,0.0,-16.21,-25.95,133.4,73.5,30402.6
2052-01-07,0.0,-13.95,-29.09,177.6,54.9,30480.7
2052-01-08,0.0,-14.95,-31.75,188.1,42.6,30562.9
2052-01-09,0.0,-11.85,-27.65,184.7,62.8,30649.4
2052-01-10,3.08,-9.37,-18.08,94.7,147.3,30740.0
2052-01-11,0.0,-8.36,-17.6,133.1,153.4,30834.6
2052-01-12,6.87,-6.52,-23.84,148.7,89.0,30933.3
2052-01-13,3.6,-2.94,-17.4,138.4,156.0,31035.8
2052-01-14,6.53,-3.49,-22.75,158.6,98.1,31142.2
2052-01-15,0.0,-15.81,-25.96,152.2,73.5,31252.3
2052-01-16,3.68,-0.95,-33.57,174.6,35.7,31366.2
2052-01-17,2.48,5.8,-23.31,175.5,93.3,31483.6
2052-01-18,0.0,7.07,-0.4,116.6,593.0,31604.5
2052-01-19,15.18,11.4,1.88,106.8,699.5,31728.9
2052-01-20,0.0,-5.05,-11.19,103.6,260.1,31856.7
2052-01-21,0.0,-11.18,-20.51,152.4,119.4,31987.7
2052-01-22,0.0,-1.84,-17.22,211.2,158.4,32121.9
2052-01-23,0.0,0.47,-8.33,145.8,326.1,32259.3
2052-01-24,20.97,7.01,-3.74,128.0,463.4,32399.7
2052-01-25,0.0,-7.21,-11.92,87.1,245.3,32543.0
2052-01-26,1.41,-6.91,-21.1,214.7,113.5,32689.2
2052-01-27,38.65,6.18,-17.39,198.1,156.1,32838.2
2052-01-28,0.0,-2.17,-10.74,157.8,269.5,32989.9
2052-01-29,3.76,-11.75,-24.06,159.8,87.3,33144.3
2052-01-30,7.01,-6.39,-20.85,178.0,116.0,33301.2
2052-01-31,0.0,-10.06,-22.69,222.6,98.6,33460.6
2052-02-01,0.0,-15.36,-26.53,209.6,69.7,33622.3
2052-02-02,0.0,-10.49,-29.73,276.4,51.7,33786.4
2052-02-03,0.0,-16.56,-26.34,193.1,71.0,33952.8
2052-02-04,0.0,-17.67,-33.82,265.1,34.8,34121.3
2052-02-05,0.0,-15.27,-31.69,268.6,42.8,34291.9
2052-02-06,0.0,-11.91,-28.1,270.2,60.3,34464.5
2052-02-07,1.3,-4.1,-26.3,303.5,71.2,34639.0
2052-02-08,4.76,0.52,-14.26,196.4,202.7,34815.5
2052-02-09,11.38,0.48,-3.81,71.7,460.8,34993.8
2052-02-10,0.0,-3.15,-8.46,119.8,322.6,35173.8
2052-02-11,4.71,-7.08,-20.56,199.6,119.0,35355.5
2052-02-12,0.0,-12.08,-19.7,177.5,128.2,35538.8
2052-02-13,0.0,-17.62,-28.94,250.7,55.7,35723.7
2052-02-14,0.0,-12.31,-31.11,325.3,45.3,35910.0
2052-02-15,0.0,-9.54,-28.91,335.2,55.9,36097.8
2052-02-16,5.28,-5.43,-25.77,260.4,74.7,36287.0
2052-02-17,8.79,-7.61,-17.58,184.9,153.7,36477.5
2052-02-18,0.0,-10.02,-18.37,217.6,143.7,36669.2
2052-02-19,0.0,-5.36,-30.43,373.2,48.4,36862.2
2052-02-20,3.01,3.9,-20.53,280.8,119.3,37056.3
2052-02-21,10.25,6.47,-1.24,145.3,558.0,37251.5
2052-02-22,8.07,5.66,2.14,72.9,712.7,37447.8
2052-02-23,5.46,4.75,0.22,93.7,620.4,37645.0
2052-02-24,20.26,3.89,0.41,75.5,629.0,37843.2
2052-02-25,4.82,2.53,-0.2,64.4,601.7,38042.3
2052-02-26,0.0,-1.57,-4.11,86.5,450.6,38242.3
2052-02-27,3.82,-0.57,-7.7,163.8,342.4,38443.1
2052-02-28,1.97,-4.95,-9.48,150.2,297.9,38644.7
2052-02-29,0.0,-9.16,-15.93,224.4,176.5,38847.0
2052-03-01,0.0,-5.57,-19.63,374.9,128.9,39050.0
2052-03-02,7.87,-1.47,-18.67,306.4,140.1,39253.6
2052-03-03,3.41,-0.87,-13.81,277.2,210.4,39457.9
2052-03-04,0.0,-10.33,-16.14,208.3,173.4,39662.7
2052-03-05,0.0,-7.86,-19.9,370.7,125.9,39868.1
2052-03-06,0.0,-6.71,-20.91,407.1,115.4,40074.0
2052-03-07,0.0,-8.44,-21.7,401.2,107.6,40280.3
2052-03-08,5.53,-8.79,-16.83,227.8,163.7,40487.1
2052-03-09,0.0,-10.66,-15.99,221.4,175.6,40694.3
2052-03-10,0.0,-2.57,-24.48,477.5,84.1,40901.8
2052-03-11,0.0,3.62,-15.7,467.7,180.0,41109.7
2052-03-12,0.0,8.78,-10.55,467.4,273.7,41317.8
2052-03-13,0.0,10.7,-7.83,462.0,339.0,41526.3
2052-03-14,0.0,10.35,-2.5,397.3,508.3,41734.9
2052-03-15,0.0,1.21,-2.88,164.6,494.2,41943.8
2052-03-16,0.0,-2.95,-7.88,206.7,337.6,42152.9
2052-03-17,0.0,-4.64,-9.84,228.4,289.6,42362.1
2052-03-18,0.0,2.52,-12.84,476.3,227.6,42571.4
2052-03-19,0.0,9.04,-10.25,502.3,280.2,42780.8
2052-03-20,8.2,1.32,-6.59,251.7,373.0,42990.3
2052-03-21,4.0,2.46,-1.97,159.4,528.7,43199.8
2052-03-22,1.26,3.76,-0.82,221.4,575.4,43409.3
2052-03-23,0.0,0.94,-3.03,197.6,488.4,43618.7
2052-03-24,0.0,0.34,-7.94,373.6,336.2,43828.1
2052-03-25,1.33,5.44,-8.87,498.9,312.6,44037.5
2052-03-26,0.0,6.25,-3.27,399.2,479.8,44246.7
2052-03-27,0.0,-6.63,-11.73,245.4,249.0,44455.7
2052-03-28,0.0,-2.71,-13.97,454.1,207.6,44664.6
2052-03-29,0.0,-0.31,-12.75,476.0,229.2,44873.3
2052-03-30,0.0,-0.72,-11.41,436.9,255.6,45081.7
2052-03-31,0.0,3.17,-8.64,465.6,318.2,45289.9
2052-04-01,0.0,10.19,-7.95,549.5,336.0,45497.8
2052-04-02,4.13,1.38,-3.77,187.1,462.2,45705.3
2052-04-03,0.0,-2.86,-8.06,256.4,333.0,45912.5
2052-04-04,0.0,-0.09,-8.92,405.3,311.2,46119.2
2052-04-05,0.0,6.55,-5.37,489.0,409.7,46325.6
2052-04-06,0.0,5.08,-0.58,285.0,585.3,46531.4
2052-04-07,0.0,6.82,-4.37,479.8,441.8,46736.8
2052-04-08,2.93,5.52,-5.33,353.5,410.8,46941.7
2052-04-09,3.08,2.86,-3.32,240.8,478.2,47145.9
2052-04-10,19.35,-0.03,-2.21,101.3,519.2,47349.6
2052-04-11,0.0,3.07,-1.83,285.9,534.0,47552.6
2052-04-12,0.0,5.56,-4.1,492.4,450.8,47754.9
2052-04-13,0.0,5.28,-5.54,527.1,404.4,47956.4
2052-04-14,1.92,3.23,-4.75,441.4,429.2,48157.2
2052-04-15,0.0,8.61,-2.66,529.9,502.0,48357.2
2052-04-16,16.22,4.0,-0.73,211.9,579.0,48556.4
2052-04-17,5.55,4.85,1.0,181.1,656.6,48754.6
2052-04-18,1.86,6.54,0.35,380.4,626.5,48951.8
2052-04-19,0.0,11.85,-1.16,575.1,561.0,49148.1
2052-04-20,13.03,16.1,-0.69,451.6,580.9,49343.3
2052-04-21,0.0,14.27,3.26,521.9,771.8,49537.4
2052-04-22,3.3,16.12,-0.08,445.5,607.2,49730.4
2052-04-23,12.58,11.89,4.45,300.3,838.9,49922.1
2052-04-24,5.32,6.69,2.5,190.6,731.2,50112.6
2052-04-25,6.57,8.24,-3.08,407.1,486.7,50301.8
2052-04-26,10.07,16.69,0.2,449.0,619.8,50489.6
2052-04-27,3.53,13.22,2.56,382.5,734.3,50675.9
2052-04-28,0.0,9.54,-3.73,574.7,463.5,50860.8
2052-04-29,0.0,13.63,-3.34,610.7,477.4,51044.1
2052-04-30,6.87,9.54,-2.94,418.6,492.0,51225.8
2052-05-01,3.34,13.88,2.88,390.9,751.1,51405.8
2052-05-02,0.0,14.75,0.88,573.2,650.9,51584.1
2052-05-03,0.0,17.37,-2.23,622.1,504.5,51760.6
2052-05-04,0.0,14.92,1.89,547.5,700.0,51935.1
2052-05-05,0.0,9.27,-0.5,475.6,588.9,52107.8
2052-05-06,0.0,9.28,-4.79,575.0,428.1,52278.4
2052-05-07,0.0,16.81,-4.97,633.6,410.5,52446.9
2052-05-08,0.0,15.23,1.42,552.4,676.9,52613.2
2052-05-09,0.0,19.66,-5.85,642.6,370.5,52777.3
2052-05-10,4.63,15.19,2.54,380.6,733.2,52939.1
2052-05-11,18.4,8.73,4.8,145.1,859.7,53098.5
2052-05-12,17.14,1.92,-0.54,102.4,587.0,53255.4
2052-05-13,3.08,7.07,-1.43,300.5,550.1,53409.7
2052-05-14,0.0,12.9,-1.97,561.5,528.6,53561.4
2052-05-15,0.0,13.6,-1.67,564.9,540.6,53710.5
2052-05-16,0.0,19.65,-1.27,613.6,543.7,53856.7
2052-05-17,0.0,19.72,3.3,554.6,769.5,54000.0
2052-05-18,11.59,22.31,6.05,403.2,938.2,54140.4
2052-05-19,15.5,11.82,8.99,100.8,1146.9,54277.8
2052-05-20,2.85,13.06,9.15,134.7,1159.0,54412.0
2052-05-21,6.6,16.95,9.94,227.7,1222.6,54543.1
2052-05-22,2.67,19.7,8.05,343.1,1075.9,54670.8
2052-05-23,4.84,17.41,6.01,339.4,935.1,54795.2
2052-05-24,0.0,11.87,0.33,462.2,625.3,54916.2
2052-05-25,0.0,7.47,-0.24,342.4,599.9,55033.6
2052-05-26,0.0,11.05,2.39,378.7,725.1,55147.4
2052-05-27,0.0,15.46,0.74,532.3,644.4,55257.6
2052-05-28,5.77,19.11,1.41,424.8,676.2,55364.0
2052-05-29,3.88,13.91,4.12,277.2,819.7,55466.5
2052-05-30,0.0,16.11,5.04,402.4,874.6,55565.2
2052-05-31,0.0,21.56,-0.63,543.9,566.6,55659.8
2052-06-01,0.0,27.06,1.96,547.7,649.9,55750.4
2052-06-02,0.0,28.75,6.8,525.5,908.2,55836.9
2052-06-03,0.0,27.03,9.62,482.1,1141.2,55919.2
2052-06-04,6.19,24.97,10.97,320.5,1309.8,55997.2
2052-06-05,12.3,22.74,11.56,278.4,1361.8,56070.9
2052-06-06,0.0,22.64,10.88,393.0,1301.4,56140.2
2052-06-07,2.85,17.73,11.25,184.8,1333.7,56205.1
2052-06-08,0.0,21.14,5.11,490.0,878.9,56265.6
2052-06-09,0.0,25.1,2.82,540.3,711.8,56321.4
2052-06-10,0.0,23.59,7.49,474.8,1030.4,56372.7
2052-06-11,0.0,31.43,13.45,471.0,1480.1,56419.4
2052-06-12,17.27,29.39,12.44,343.2,1443.4,56461.3
2052-06-13,14.47,27.42,15.93,267.0,1809.5,56498.6
2052-06-14,4.3,22.9,15.47,191.4,1756.7,56531.2
2052-06-15,0.0,21.34,11.22,349.5,1331.0,56558.9
2052-06-16,1.88,20.74,6.62,448.7,975.3,56581.9
2052-06-17,2.84,20.99,8.88,305.0,1137.9,56600.1
2052-06-18,0.0,20.88,6.49,449.4,966.9,56613.4
2052-06-19,0.0,26.17,4.21,525.8,820.4,56621.9
2052-06-20,0.0,21.48,8.2,411.5,1087.2,56625.6
2052-06-21,8.1,11.55,7.44,116.8,1032.2,56624.3
2052-06-22,2.4,14.76,6.01,232.4,935.6,56618.3
2052-06-23,2.25,13.9,7.71,171.3,1051.3,56607.4
2052-06-24,8.02,16.38,8.76,205.3,1128.7,56591.7
2052-06-25,14.03,17.31,10.04,195.8,1230.4,56571.1
2052-06-26,1.62,18.33,7.11,381.2,1008.9,56545.8
2052-06-27,0.0,21.71,6.38,463.3,959.3,56515.6
2052-06-28,0.0,23.85,5.59,496.4,908.5,56480.7
2052-06-29,0.0,25.42,6.39,498.2,960.4,56441.1
2052-06-30,2.47,22.2,10.32,289.1,1253.8,56396.8
2052-07-01,0.0,27.01,14.0,403.8,1598.0,56347.9
2052-07-02,0.0,27.72,11.88,458.6,1390.4,56294.3
2052-07-03,5.29,26.51,13.69,305.1,1565.8,56236.2
2052-07-04,20.55,20.65,14.5,172.8,1650.0,56173.5
2052-07-05,10.38,20.91,14.25,187.8,1623.4,56106.4
2052-07-06,8.86,19.92,11.19,243.7,1328.9,56034.9
2052-07-07,9.82,22.23,7.14,350.2,1010.9,55959.1
2052-07-08,3.54,19.27,9.96,257.2,1224.2,55878.9
2052-07-09,12.6,21.5,13.04,239.5,1500.9,55794.5
2052-07-10,3.46,21.99,12.43,267.4,1442.1,55706.0
2052-07-11,0.0,24.23,10.92,445.2,1305.0,55613.4
2052-07-12,0.0,24.41,10.5,457.3,1268.6,55516.8
2052-07-13,17.43,24.8,12.19,321.6,1419.7,55416.2
2052-07-14,0.0,26.19,14.16,408.2,1614.5,55311.7
2052-07-15,15.94,22.89,15.34,217.7,1741.7,55203.4
2052-07-16,0.0,25.64,16.86,325.3,1919.9,55091.5
2052-07-17,0.0,24.43,15.62,332.2,1774.2,54975.8
2052-07-18,0.0,24.88,14.43,381.2,1643.2,54856.7
2052-07-19,42.32,23.69,11.88,318.6,1390.6,54734.0
2052-07-20,11.73,15.2,10.39,163.3,1259.9,54607.9
2052-07-21,3.41,15.52,10.32,174.5,1254.0,54478.5
2052-07-22,0.0,21.76,6.62,488.9,975.6,54345.9
2052-07-23,9.36,24.92,8.03,371.7,1074.3,54210.1
2052-07-24,0.0,23.02,11.73,403.5,1377.3,54071.2
2052-07-25,0.0,22.01,14.24,302.1,1622.3,53929.4
2052-07-26,2.85,20.97,15.11,178.0,1716.3,53784.6
2052-07-27,0.0,23.53,13.6,370.9,1557.0,53637.0
2052-07-28,0.0,21.9,12.43,368.3,1441.6,53486.6
2052-07-29,0.0,24.59,6.55,507.7,971.2,53333.6
2052-07-30,0.0,25.47,8.41,493.5,1102.3,53177.9
2052-07-31,2.63,26.22,10.3,356.8,1252.1,53019.8
2052-08-01,2.59,16.93,13.52,114.8,1548.3,52859.2
2052-08-02,0.0,22.16,13.92,332.0,1589.7,52696.3
2052-08-03,0.0,24.93,12.03,436.1,1404.3,52531.0
2052-08-04,0.0,27.54,13.1,447.4,1506.9,52363.6
2052-08-05,0.0,29.68,13.47,458.9,1543.9,52194.1
2052-08-06,0.0,31.03,13.74,464.1,1571.2,52022.5
2052-08-07,0.0,30.07,14.34,445.3,1633.7,51848.9
2052-08-08,7.76,26.63,15.87,271.4,1802.6,51673.3
2052-08-09,9.07,26.32,17.28,236.6,1970.9,51496.0
2052-08-10,0.0,21.47,12.45,332.1,1443.8,51316.8
2052-08-11,0.0,19.35,5.17,452.1,882.2,51136.0
2052-08-12,0.0,23.36,5.19,485.7,883.7,50953.4
2052-08-13,0.0,24.57,8.99,451.0,1146.7,50769.4
2052-08-14,0.0,22.19,10.47,386.6,1266.4,50583.7
2052-08-15,0.0,24.35,5.38,479.6,895.4,50396.6
2052-08-16,3.08,20.42,7.58,302.3,1042.2,50208.2
2052-08-17,6.02,23.32,12.26,266.0,1426.2,50018.3
2052-08-18,9.34,18.63,9.51,237.0,1187.3,49827.2
2052-08-19,0.0,21.46,6.96,421.3,998.8,49634.9
2052-08-20,5.9,24.94,6.09,344.8,940.8,49441.3
2052-08-21,4.91,20.14,10.47,234.9,1266.7,49246.7
2052-08-22,4.55,25.57,11.34,298.0,1342.2,49050.9
2052-08-23,9.89,22.73,12.58,239.1,1455.9,48854.2
2052-08-24,0.0,23.28,10.38,374.3,1259.2,48656.4
2052-08-25,8.94,23.6,8.78,300.7,1130.4,48457.8
2052-08-26,0.0,19.04,8.52,323.9,1110.5,48258.2
2052-08-27,0.0,19.04,7.7,340.0,1050.8,48057.8
2052-08-28,0.0,23.17,4.57,441.5,846.0,47856.6
2052-08-29,2.5,21.36,7.83,282.7,1060.0,47654.7
2052-08-30,0.78,17.71,7.01,327.1,1002.2,47452.0
2052-08-31,0.0,23.19,9.32,371.6,1172.3,47248.7
2052-09-01,0.0,26.65,12.03,369.4,1404.5,47044.8
2052-09-02,0.0,23.3,12.27,308.7,1426.8,46840.2
2052-09-03,0.0,21.02,8.15,350.7,1083.3,46635.1
2052-09-04,0.0,27.78,5.78,437.1,920.3,46429.5
2052-09-05,0.0,27.28,10.05,393.0,1231.7,46223.4
2052-09-06,0.0,22.2,11.08,305.7,1318.9,46016.8
2052-09-07,0.0,20.56,4.97,383.1,870.2,45809.8
2052-09-08,4.25,21.85,4.6,296.5,847.9,45602.5
2052-09-09,21.59,14.77,8.35,142.2,1098.4,45394.8
2052-09-10,3.64,16.39,12.35,92.2,1434.4,45186.7
2052-09-11,0.54,17.61,11.89,172.0,1391.9,44978.4
2052-09-12,0.0,16.97,8.83,242.5,1134.2,44769.9
2052-09-13,14.73,16.26,9.17,161.4,1160.9,44561.1
2052-09-14,40.63,13.22,9.11,101.3,1155.8,44352.1
2052-09-15,5.84,11.99,7.35,115.7,1025.7,44143.0
2052-09-16,0.0,18.01,6.34,325.7,956.8,43933.7
2052-09-17,0.0,21.04,3.19,391.7,767.8,43724.4
2052-09-18,0.0,18.52,4.8,348.6,859.7,43514.9
2052-09-19,0.0,16.59,5.47,309.5,901.1,43305.4
2052-09-20,0.0,18.66,3.54,361.0,787.0,43095.9
2052-09-21,0.0,16.65,5.55,302.5,906.2,42886.4
2052-09-22,0.0,12.18,-0.01,324.5,610.1,42677.0
2052-09-23,7.46,11.97,0.24,236.2,621.5,42467.6
2052-09-24,0.0,11.21,2.18,261.7,714.5,42258.4
2052-09-25,0.0,12.09,0.11,314.9,615.4,42049.2
2052-09-26,0.0,14.2,-0.4,343.4,593.3,41840.3
2052-09-27,1.33,16.41,-0.98,363.2,568.5,41631.5
2052-09-28,6.62,19.05,2.85,259.2,749.5,41422.9
2052-09-29,3.01,16.25,9.02,149.6,1148.7,41214.6
2052-09-30,0.0,12.5,6.25,179.8,950.9,41006.6
2052-10-01,1.67,14.49,-0.22,330.6,600.8,40798.9
2052-10-02,6.83,22.2,6.09,245.3,940.5,40591.5
2052-10-03,0.0,10.18,4.51,162.0,842.9,40384.6
2052-10-04,0.0,6.45,-3.06,259.6,487.5,40178.0
2052-10-05,0.0,9.04,-5.12,322.7,417.5,39971.9
2052-10-06,0.0,15.65,-3.5,344.0,471.6,39766.2
2052-10-07,2.43,18.64,1.36,245.2,673.9,39561.1
2052-10-08,4.04,13.03,5.58,150.0,907.9,39356.6
2052-10-09,10.27,9.43,6.63,62.7,976.4,39152.6
2052-10-10,13.19,8.94,4.38,96.7,834.8,38949.3
2052-10-11,0.0,5.89,-1.95,208.6,529.4,38746.6
2052-10-12,0.0,9.07,-3.03,274.2,488.7,38544.7
2052-10-13,9.76,8.89,0.75,154.2,644.6,38343.5
2052-10-14,3.0,10.82,2.35,154.4,723.6,38143.1
2052-10-15,0.0,3.64,-4.19,194.6,447.8,37943.5
2052-10-16,0.0,4.26,-4.58,212.5,434.9,37744.9
2052-10-17,0.0,5.16,-2.62,192.9,503.9,37547.1
2052-10-18,0.0,10.97,-4.54,284.6,436.3,37350.4
2052-10-19,0.0,11.06,-5.05,283.5,419.7,37154.6
2052-10-20,0.0,13.39,-4.43,286.5,439.8,36959.9
2052-10-21,0.0,13.01,-2.36,268.1,513.3,36766.4
2052-10-22,13.17,9.86,-0.51,162.2,588.4,36574.0
2052-10-23,2.33,8.02,3.54,79.6,787.0,36382.9
2052-10-24,3.18,8.23,4.28,70.9,828.9,36193.1
2052-10-25,0.0,11.08,3.88,160.7,806.2,36004.6
2052-10-26,0.0,9.5,0.59,191.8,637.5,35817.5
2052-10-27,12.07,9.21,-0.27,151.2,599.0,35631.9
2052-10-28,12.56,6.25,1.32,89.9,671.9,35447.8
2052-10-29,0.0,4.21,0.59,90.6,637.3,35265.2
2052-10-30,6.37,3.67,-4.78,140.0,428.4,35084.4
2052-10-31,1.76,7.45,-2.37,202.4,513.0,34905.2
2052-11-01,1.45,3.03,-3.7,157.1,464.5,34727.8
2052-11-02,0.0,4.45,-5.64,203.9,401.3,34552.3
2052-11-03,0.0,-1.5,-4.36,72.6,442.0,34378.7
2052-11-04,0.0,2.72,-6.86,197.0,365.5,34207.0
2052-11-05,0.0,2.91,-4.27,163.6,445.1,34037.5
2052-11-06,0.0,4.18,-7.42,216.0,350.0,33870.0
2052-11-07,4.75,12.87,-3.37,172.0,476.3,33704.8
2052-11-08,0.0,17.45,4.24,205.0,826.8,33541.9
2052-11-09,14.35,17.76,13.25,67.9,1521.3,33381.3
2052-11-10,0.0,8.53,4.31,91.4,830.8,33223.1
2052-11-11,0.0,4.86,-0.59,118.2,584.8,33067.5
2052-11-12,0.0,-0.29,-4.81,101.6,427.2,32914.4
2052-11-13,0.64,-3.21,-8.94,139.3,310.9,32764.0
2052-11-14,0.0,-5.25,-13.41,180.9,217.4,32616.4
2052-11-15,0.0,-3.76,-15.32,214.5,185.8,32471.6
2052-11-16,0.0,1.03,-13.71,226.3,212.1,32329.7
2052-11-17,0.0,6.72,-10.5,228.0,274.8,32190.8
2052-11-18,0.0,6.32,-5.66,203.4,400.6,32055.0
2052-11-19,9.16,1.79,-3.62,82.9,467.4,31922.3
2052-11-20,8.86,2.52,-0.69,52.3,580.9,31792.9
2052-11-21,2.96,1.31,-1.14,41.9,561.8,31666.8
2052-11-22,0.0,0.28,-1.64,45.4,541.7,31544.1
2052-11-23,2.44,-0.56,-5.03,71.6,420.4,31424.9
2052-11-24,0.0,-5.64,-15.47,167.6,183.4,31309.3
2052-11-25,0.0,-5.25,-15.45,168.6,183.7,31197.3
2052-11-26,0.0,-4.92,-12.68,143.6,230.6,31089.0
2052-11-27,0.0,-6.0,-10.7,96.3,270.5,30984.5
2052-11-28,0.0,-5.33,-9.3,81.8,302.2,30883.9
2052-11-29,0.0,-5.17,-14.47,154.8,199.2,30787.2
2052-11-30,0.0,-1.61,-17.29,180.0,157.4,30694.6
2052-12-01,19.12,6.32,-10.78,150.7,268.6,30606.0
2052-12-02,14.32,9.31,0.86,111.9,650.1,30521.6
2052-12-03,0.0,3.18,-0.57,76.9,585.9,30441.4
2052-12-04,4.12,0.13,-4.2,67.3,447.4,30365.6
2052-12-05,0.0,-4.09,-8.16,85.9,330.5,30294.0
2052-12-06,0.0,-4.27,-10.1,118.5,283.6,30226.9
2052-12-07,10.79,-0.8,-9.23,116.9,303.8,30164.2
2052-12-08,9.23,2.99,-3.59,98.6,468.4,30106.1
2052-12-09,0.0,0.57,-3.3,83.8,478.6,30052.5
2052-12-10,0.0,0.34,-6.71,136.0,369.8,30003.5
2052-12-11,0.0,-2.49,-9.92,140.9,287.8,29959.2
2052-12-12,0.0,-0.3,-8.55,148.1,320.4,29919.5
2052-12-13,0.0,0.43,-10.14,166.3,282.7,29884.6
2052-12-14,0.0,1.18,-7.11,145.9,358.4,29854.4
2052-12-15,0.0,0.76,-2.54,69.8,506.6,29829.0
2052-12-16,0.0,0.8,-2.83,78.7,495.8,29808.5
2052-12-17,5.6,5.54,-1.11,98.4,563.0,29792.7
2052-12-18,2.28,5.11,0.98,68.2,655.4,29781.8
2052-12-19,11.1,1.19,-0.43,30.5,591.8,29775.7
2052-12-20,3.02,-2.55,-7.42,81.4,350.0,29774.4
2052-12-21,0.0,-5.69,-13.83,154.0,210.1,29778.1
2052-12-22,0.0,-3.26,-11.97,156.9,244.3,29786.5
2052-12-23,4.04,-0.99,-8.91,111.4,311.6,29799.8
2052-12-24,12.24,5.25,-6.02,130.1,389.7,29818.0
2052-12-25,0.0,-5.91,-10.66,105.6,271.4,29840.9
2052-12-26,2.11,-8.22,-17.51,166.8,154.5,29868.6
2052-12-27,0.0,-4.92,-14.59,168.1,197.3,29901.2
2052-12-28,4.85,-0.08,-13.43,138.8,217.0,29938.4
2052-12-29,7.4,2.33,-7.71,126.8,342.1,29980.4
2052-12-30,0.0,-9.87,-17.11,147.4,159.8,30027.0
2052-12-31,0.0,-12.36,-21.2,150.7,119.0,30052.7
2053-01-01,0.0,-14.86,-25.28,154.0,78.1,30078.5
2053-01-02,0.0,-11.86,-20.37,134.1,120.9,30134.3
2053-01-03,0.0,-10.64,-16.41,97.2,169.6,30194.7
2053-01-04,4.52,-6.54,-13.76,89.1,211.3,30259.6
2053-01-05,23.39,-6.07,-9.81,50.5,290.2,30328.9
2053-01-06,4.3,-4.04,-8.5,59.4,321.7,30402.6
2053-01-07,0.0,-7.73,-11.09,62.4,262.1,30480.7
2053-01-08,0.0,-9.1,-14.2,92.3,203.7,30562.9
2053-01-09,6.56,-8.36,-13.02,64.5,224.4,30649.4
2053-01-10,30.77,-2.21,-12.34,126.1,237.0,30740.0
2053-01-11,0.0,-3.93,-10.02,112.9,285.4,30834.6
2053-01-12,3.0,-7.67,-13.23,79.6,220.5,30933.3
2053-01-13,0.0,-3.45,-13.41,171.2,217.4,31035.8
2053-01-14,0.0,-6.38,-12.31,114.6,237.7,31142.2
2053-01-15,0.0,-2.41,-16.42,211.8,169.4,31252.3
2053-01-16,14.31,1.05,-8.88,132.6,312.3,31366.2
2053-01-17,0.0,-18.65,-26.17,149.0,72.0,31483.6
2053-01-18,0.0,-21.07,-33.14,208.8,37.2,31604.5
2053-01-19,1.16,-12.74,-36.57,255.3,26.4,31728.9
2053-01-20,1.61,-7.61,-27.01,251.5,66.7,31856.7
2053-01-21,0.0,-11.17,-19.6,170.0,129.2,31987.7
2053-01-22,9.3,3.23,-23.41,201.2,92.5,32121.9
2053-01-23,0.0,-6.12,-17.62,215.2,153.1,32259.3
2053-01-24,9.66,-8.37,-29.62,205.4,52.2,32399.7
2053-01-25,5.81,3.86,-23.71,211.6,90.0,32543.0
2053-01-26,0.0,-10.12,-16.52,146.3,168.0,32689.2
2053-01-27,5.26,-12.12,-27.57,199.8,63.3,32838.2
2053-01-28,8.78,-3.73,-22.67,213.9,98.8,32989.9
2053-01-29,0.0,-15.85,-24.6,199.6,83.1,33144.3
2053-01-30,1.49,-18.53,-34.7,282.8,31.9,33301.2
2053-01-31,7.65,-9.41,-29.95,226.8,50.6,33460.6
2053-02-01,2.29,-3.9,-15.66,185.4,180.6,33622.3
2053-02-02,0.0,-3.75,-11.34,181.2,256.9,33786.4
2053-02-03,0.0,-3.93,-17.32,269.4,157.0,33952.8
2053-02-04,5.42,-6.43,-25.98,235.0,73.4,34121.3
2053-02-05,11.03,-4.64,-20.24,219.6,122.3,34291.9
2053-02-06,0.0,-1.8,-13.06,242.0,223.7,34464.5
2053-02-07,0.0,-8.62,-18.66,225.8,140.2,34639.0
2053-02-08,0.0,-13.34,-30.99,313.9,45.8,34815.5
2053-02-09,0.0,-5.35,-30.14,345.2,49.8,34993.8
2053-02-10,0.0,-2.7,-21.61,322.4,108.6,35173.8
2053-02-11,0.0,-11.11,-28.88,317.0,56.0,35355.5
2053-02-12,0.0,-4.24,-23.0,325.2,96.0,35538.8
2053-02-13,0.0,-11.72,-21.77,220.2,107.0,35723.7
2053-02-14,10.36,-3.64,-27.95,273.1,61.1,35910.0
2053-02-15,3.12,-0.35,-17.97,243.6,148.6,36097.8
2053-02-16,0.0,-15.75,-24.8,205.6,81.7,36287.0
2053-02-17,2.1,-11.18,-35.66,377.0,29.0,36477.5
2053-02-18,2.0,0.57,-26.65,389.7,68.9,36669.2
2053-02-19,11.24,-0.66,-8.76,142.9,315.2,36862.2
2053-02-20,1.71,-4.27,-12.63,200.3,231.5,37056.3
2053-02-21,13.03,-0.19,-12.25,212.2,238.8,37251.5
2053-02-22,11.79,-5.98,-10.98,101.6,264.5,37447.8
2053-02-23,0.0,-9.65,-17.9,222.5,149.6,37645.0
2053-02-24,0.0,-10.58,-25.2,355.2,78.7,37843.2
2053-02-25,1.79,-12.42,-24.75,320.3,82.0,38042.3
2053-02-26,1.52,-0.26,-21.36,423.4,110.9,38242.3
2053-02-27,4.75,1.63,-8.24,205.8,328.3,38443.1
2053-02-28,0.0,0.17,-9.38,270.1,300.3,38644.7
2053-03-01,1.81,1.62,-12.67,368.9,230.9,38847.0
2053-03-02,1.71,7.78,-5.36,352.1,410.0,39050.0
2053-03-03,0.0,-7.15,-14.53,231.8,198.2,39253.6
2053-03-04,2.95,-5.72,-22.85,320.3,97.2,39457.9
2053-03-05,4.27,-1.82,-16.59,298.9,167.0,39662.7
2053-03-06,10.3,-5.16,-12.51,180.9,233.8,39868.1
2053-03-07,0.0,-8.92,-15.22,217.1,187.2,40074.0
2053-03-08,0.0,-8.65,-27.03,469.4,66.6,40280.3
2053-03-09,0.0,-7.45,-27.84,488.2,61.7,40487.1
2053-03-10,6.29,-2.26,-24.77,379.2,81.9,40694.3
2053-03-11,0.0,-0.87,-10.45,319.1,276.0,40901.8
2053-03-12,0.0,-6.7,-16.54,338.0,167.7,41109.7
2053-03-13,0.0,-10.59,-20.31,344.0,121.6,41317.8
2053-03-14,4.85,-3.76,-19.86,359.8,126.4,41526.3
2053-03-15,1.99,-0.37,-14.33,445.5,201.5,41734.9
2053-03-16,0.0,-7.92,-19.36,407.2,132.0,41943.8
2053-03-17,0.0,-4.99,-20.86,495.9,115.9,42152.9
2053-03-18,0.0,-5.36,-16.03,393.8,175.0,42362.1
2053-03-19,0.0,-1.47,-18.52,521.9,141.8,42571.4
2053-03-20,0.0,0.67,-16.87,535.5,163.2,42780.8
2053-03-21,0.0,-2.72,-15.21,457.6,187.5,42990.3
2053-03-22,0.0,-2.57,-20.21,541.8,122.6,43199.8
2053-03-23,0.0,-6.45,-18.67,455.3,140.0,43409.3
2053-03-24,0.0,-1.65,-15.08,478.0,189.4,43618.7
2053-03-25,6.62,2.02,-19.02,432.8,136.0,43828.1
2053-03-26,4.17,3.73,-8.83,341.7,313.4,44037.5
2053-03-27,0.0,4.0,-3.83,317.4,460.0,44246.7
2053-03-28,0.0,6.83,-6.06,475.4,388.5,44455.7
2053-03-29,6.38,8.84,-1.68,309.2,539.8,44664.6
2053-03-30,0.0,2.3,-1.81,185.9,534.7,44873.3
2053-03-31,0.0,1.19,-5.36,292.8,409.8,45081.7
2053-04-01,0.0,2.24,-6.81,393.0,366.8,45289.9
2053-04-02,0.0,0.58,-9.29,423.4,302.3,45497.8
2053-04-03,0.0,3.23,-8.12,474.3,331.5,45705.3
2053-04-04,0.0,4.16,-5.85,438.7,394.9,45912.5
2053-04-05,0.0,9.83,-1.85,482.0,533.1,46119.2
2053-04-06,3.01,5.47,0.34,183.2,626.1,46325.6
2053-04-07,0.0,11.46,0.93,457.8,653.1,46531.4
2053-04-08,0.0,3.13,-3.19,318.5,482.6,46736.8
2053-04-09,0.0,-3.42,-10.77,384.2,268.9,46941.7
2053-04-10,0.0,0.43,-9.09,471.0,307.2,47145.9
2053-04-11,0.0,4.29,-11.19,614.8,260.1,47349.6
2053-04-12,2.76,6.69,-9.25,464.3,303.4,47552.6
2053-04-13,5.82,1.68,-4.13,235.7,449.8,47754.9
2053-04-14,0.0,1.8,-3.41,292.0,474.9,47956.4
2053-04-15,0.0,4.69,-7.34,564.8,352.2,48157.2
2053-04-16,0.0,10.55,-7.1,657.6,353.1,48357.2
2053-04-17,0.0,9.02,-3.69,578.7,465.0,48556.4
2053-04-18,0.0,6.1,-4.65,535.9,432.6,48754.6
2053-04-19,0.0,8.69,-3.47,579.9,472.7,48951.8
2053-04-20,0.0,10.14,0.18,514.4,618.7,49148.1
2053-04-21,0.0,11.3,-1.53,604.2,521.4,49343.3
2053-04-22,1.25,10.05,-0.06,531.1,607.9,49537.4
2053-04-23,0.0,7.84,1.2,392.8,666.3,49730.4
2053-04-24,0.0,9.06,-0.16,521.0,603.6,49922.1
2053-04-25,0.0,7.59,-4.22,611.6,423.4,50112.6
2053-04-26,0.0,8.31,-4.78,639.1,390.5,50301.8
2053-04-27,0.0,13.32,-5.21,705.6,341.2,50489.6
2053-04-28,24.04,7.67,-1.53,390.2,546.0,50675.9
2053-04-29,5.0,6.26,-0.86,320.0,573.7,50860.8
2053-04-30,0.0,16.6,-2.39,704.0,420.9,51044.1
2053-05-01,6.7,16.7,2.43,475.7,700.0,51225.8
2053-05-02,0.0,8.77,3.34,322.3,776.2,51405.8
2053-05-03,9.97,8.76,-2.16,427.0,521.3,51584.1
2053-05-04,1.92,7.72,0.41,427.4,629.2,51760.6
2053-05-05,0.0,11.84,-1.87,643.1,482.4,51935.1
2053-05-06,3.79,12.05,0.6,432.7,638.0,52107.8
2053-05-07,12.31,5.41,2.73,131.4,743.4,52278.4
2053-05-08,2.54,5.88,-0.18,274.4,602.6,52446.9
2053-05-09,0.0,10.73,-2.07,623.1,486.5,52613.2
2053-05-10,0.0,11.22,-0.47,590.3,553.7,52777.3
2053-05-11,0.0,10.27,1.99,470.4,705.1,52939.1
2053-05-12,1.4,14.46,0.19,655.7,537.1,53098.5
2053-05-13,4.67,16.36,5.26,420.4,887.9,53255.4
2053-05-14,6.21,11.74,5.57,269.0,907.1,53409.7
2053-05-15,5.0,17.66,0.06,515.3,588.4,53561.4
2053-05-16,55.41,10.95,2.72,348.8,742.4,53710.5
2053-05-17,5.05,8.17,1.51,299.1,681.3,53856.7
2053-05-18,0.0,11.24,1.3,541.9,670.8,54000.0
2053-05-19,6.78,16.04,-0.97,515.2,568.8,54140.4
2053-05-20,4.37,10.4,2.89,326.9,751.7,54277.8
2053-05-21,4.1,10.78,3.15,334.4,765.8,54412.0
2053-05-22,3.52,10.12,2.35,341.8,723.2,54543.1
2053-05-23,0.4,12.1,3.15,501.8,765.7,54670.8
2053-05-24,10.47,15.67,-0.93,509.9,570.6,54795.2
2053-05-25,11.49,11.3,3.56,333.8,788.1,54916.2
2053-05-26,1.38,7.24,2.81,280.4,747.3,55033.6
2053-05-27,0.0,16.66,0.25,682.9,579.6,55147.4
2053-05-28,0.0,19.56,2.82,676.1,680.3,55257.6
2053-05-29,0.0,21.26,2.41,689.2,641.9,55364.0
2053-05-30,4.14,23.46,6.78,488.7,976.9,55466.5
2053-05-31,1.26,22.37,11.23,538.7,1276.3,55565.2
2053-06-01,0.0,16.13,6.98,482.0,1000.3,55659.8
2053-06-02,0.0,18.46,-0.31,684.6,543.1,55750.4
2053-06-03,0.0,20.11,1.89,670.5,628.6,55836.9
2053-06-04,0.0,19.67,2.45,656.8,655.8,55919.2
2053-06-05,0.0,15.28,5.95,469.1,931.8,55997.2
2053-06-06,0.0,19.11,2.06,646.9,632.5,56070.9
2053-06-07,0.0,23.24,3.31,664.9,660.8,56140.2
2053-06-08,0.0,25.86,3.95,672.0,674.5,56205.1
2053-06-09,0.0,27.93,8.65,634.6,928.4,56265.6
2053-06-10,1.33,26.55,12.63,532.3,1316.0,56321.4
2053-06-11,0.0,23.27,7.6,580.1,930.4,56372.7
2053-06-12,0.0,21.11,5.99,569.8,852.1,56419.4
2053-06-13,18.4,21.77,10.62,338.9,1279.4,56461.3
2053-06-14,1.27,17.28,9.16,360.8,1159.7,56498.6
2053-06-15,0.0,17.71,2.23,576.1,684.4,56531.2
2053-06-16,0.0,23.09,4.54,608.3,758.6,56558.9
2053-06-17,0.0,20.59,9.3,446.0,1171.1,56581.9
2053-06-18,18.56,21.41,7.81,381.7,1058.6,56600.1
2053-06-19,2.27,20.19,10.32,297.8,1254.1,56613.4
2053-06-20,0.0,22.43,6.02,557.6,900.2,56621.9
2053-06-21,1.4,23.49,7.32,542.9,986.4,56625.6
2053-06-22,14.69,22.81,13.06,276.1,1502.7,56624.3
2053-06-23,0.0,21.35,10.28,417.4,1250.1,56618.3
2053-06-24,0.0,22.69,6.63,531.9,964.2,56607.4
2053-06-25,21.01,16.97,6.43,298.9,963.2,56591.7
2053-06-26,20.2,24.44,10.3,357.7,1252.0,56571.1
2053-06-27,0.0,22.34,11.87,383.9,1390.1,56545.8
2053-06-28,0.0,28.1,6.94,581.0,968.2,56515.6
2053-06-29,9.5,29.75,13.8,367.5,1576.9,56480.7
2053-06-30,0.0,30.69,14.6,483.3,1660.7,56441.1
2053-07-01,0.0,30.75,15.15,466.2,1721.0,56396.8
2053-07-02,0.0,29.08,16.37,366.5,1860.4,56347.9
2053-07-03,7.67,21.3,16.11,132.0,1830.5,56294.3
2053-07-04,14.36,22.36,15.65,171.0,1777.1,56236.2
2053-07-05,0.0,21.12,13.73,254.1,1569.9,56173.5
2053-07-06,0.0,26.36,8.84,477.1,1134.9,56106.4
2053-07-07,0.0,26.07,10.8,444.2,1294.9,56034.9
2053-07-08,5.07,23.32,11.1,296.0,1320.5,55959.1
2053-07-09,5.48,17.65,11.01,186.6,1312.6,55878.9
2053-07-10,0.0,22.01,9.24,419.0,1166.0,55794.5
2053-07-11,0.0,23.72,10.18,431.2,1242.4,55706.0
2053-07-12,0.0,27.04,9.37,486.0,1176.8,55613.4
2053-07-13,0.0,28.23,10.78,476.2,1292.5,55516.8
2053-07-14,0.0,25.82,13.72,384.1,1568.7,55416.2
2053-07-15,0.0,24.92,5.94,501.0,930.7,55311.7
2053-07-16,3.23,26.1,11.3,328.9,1338.2,55203.4
2053-07-17,11.12,27.65,15.86,276.0,1801.2,55091.5
2053-07-18,3.72,24.29,13.72,262.1,1568.9,54975.8
2053-07-19,0.82,16.63,9.85,250.9,1215.3,54856.7
2053-07-20,0.0,17.28,8.78,312.0,1130.9,54734.0
2053-07-21,0.0,22.52,8.3,444.8,1094.1,54607.9
2053-07-22,0.0,17.2,7.0,363.9,1001.2,54478.5
2053-07-23,0.0,23.12,5.29,492.0,890.0,54345.9
2053-07-24,0.0,26.93,5.85,511.4,925.0,54210.1
2053-07-25,0.0,28.36,9.56,481.7,1191.7,54071.2
2053-07-26,0.0,30.34,12.44,461.6,1442.8,53929.4
2053-07-27,37.32,28.56,15.69,283.7,1782.0,53784.6
2053-07-28,13.12,25.77,14.77,261.5,1679.2,53637.0
2053-07-29,0.0,20.42,9.73,358.6,1204.9,53486.6
2053-07-30,0.0,25.42,9.65,450.1,1198.8,53333.6
2053-07-31,3.31,25.5,9.92,334.1,1220.5,53177.9
2053-08-01,0.0,26.8,11.72,431.1,1376.4,53019.8
2053-08-02,5.0,23.05,14.46,214.1,1646.0,52859.2
2053-08-03,0.0,18.84,8.69,338.5,1123.4,52696.3
2053-08-04,0.0,20.56,3.17,471.4,766.8,52531.0
2053-08-05,2.41,19.43,6.74,296.0,983.5,52363.6
2053-08-06,0.0,21.92,5.73,451.1,917.2,52194.1
2053-08-07,0.0,24.12,5.37,474.9,894.8,52022.5
2053-08-08,0.0,26.56,8.26,457.6,1091.7,51848.9
2053-08-09,0.0,27.1,11.6,412.6,1365.0,51673.3
2053-08-10,0.0,29.96,14.74,395.6,1676.3,51496.0
2053-08-11,15.36,21.99,12.5,220.8,1448.3,51316.8
2053-08-12,0.0,20.73,7.7,385.2,1050.5,51136.0
2053-08-13,9.24,16.37,4.83,269.7,861.9,50953.4
2053-08-14,2.53,19.55,8.2,263.9,1086.8,50769.4
2053-08-15,8.25,21.34,5.12,329.0,879.3,50583.7
2053-08-16,6.9,22.04,9.1,283.2,1154.9,50396.6
2053-08-17,0.0,19.84,12.5,237.5,1448.4,50208.2
2053-08-18,0.0,18.34,7.88,325.8,1063.8,50018.3
2053-08-19,0.0,19.77,9.12,324.9,1157.0,49827.2
2053-08-20,2.63,21.54,6.15,311.3,944.3,49634.9
2053-08-21,7.31,19.48,6.19,284.5,947.3,49441.3
2053-08-22,17.16,15.9,10.01,146.4,1228.3,49246.7
2053-08-23,7.32,19.42,12.58,168.4,1456.0,49050.9
2053-08-24,3.51,19.87,10.12,234.0,1237.1,48854.2
2053-08-25,0.0,23.37,7.67,421.4,1048.1,48656.4
2053-08-26,0.0,23.29,7.59,418.2,1042.7,48457.8
2053-08-27,7.88,24.47,7.47,320.7,1033.9,48258.2
2053-08-28,6.95,17.8,10.68,174.9,1284.7,48057.8
2053-08-29,9.61,20.63,14.25,156.4,1624.1,47856.6
2053-08-30,6.36,19.36,12.82,164.3,1479.6,47654.7
2053-08-31,0.0,21.13,12.49,280.4,1447.6,47452.0
2053-09-01,0.0,24.08,13.05,329.9,1501.9,47248.7
2053-09-02,3.64,23.08,11.99,248.7,1401.1,47044.8
2053-09-03,0.0,13.8,8.65,184.7,1120.6,46840.2
2053-09-04,0.0,13.54,7.06,231.0,1005.5,46635.1
2053-09-05,0.0,19.8,5.67,398.8,913.4,46429.5
2053-09-06,2.67,18.54,6.2,279.9,948.0,46223.4
2053-09-07,0.0,18.68,10.37,284.0,1257.8,46016.8
2053-09-08,0.0,21.49,5.34,417.2,893.0,45809.8
2053-09-09,2.26,16.22,6.56,242.3,971.9,45602.5
2053-09-10,0.0,15.3,10.72,169.6,1288.0,45394.8
2053-09-11,0.0,16.0,11.71,161.3,1375.2,45186.7
2053-09-12,0.0,17.55,11.92,207.4,1394.4,44978.4
2053-09-13,0.83,21.42,12.56,295.8,1454.6,44769.9
2053-09-14,0.0,20.74,9.86,342.9,1216.2,44561.1
2053-09-15,0.92,22.0,9.9,358.6,1219.4,44352.1
2053-09-16,0.0,14.91,5.97,307.1,933.0,44143.0
2053-09-17,2.55,17.67,2.29,299.3,720.0,43933.7
2053-09-18,0.0,22.74,6.48,390.9,966.0,43724.4
2053-09-19,2.18,19.91,8.16,257.0,1084.2,43514.9
2053-09-20,7.76,12.27,7.6,130.2,1043.6,43305.4
2053-09-21,0.0,9.33,2.37,249.5,724.1,43095.9
2053-09-22,3.56,13.0,-1.62,286.3,542.4,42886.4
2053-09-23,3.92,10.96,2.36,212.8,723.8,42677.0
2053-09-24,2.3,8.43,-0.2,216.7,601.8,42467.6
2053-09-25,4.67,13.69,0.54,269.3,635.3,42258.4
2053-09-26,0.16,7.62,3.13,169.0,764.4,42049.2
2053-09-27,0.0,14.25,-1.58,375.9,544.1,41840.3
2053-09-28,0.0,18.31,-0.27,379.1,598.8,41631.5
2053-09-29,21.43,15.57,2.5,252.0,730.9,41422.9
2053-09-30,2.12,15.54,6.56,198.3,971.5,41214.6
2053-10-01,2.05,9.29,0.94,256.7,653.8,41006.6
2053-10-02,0.0,6.12,1.38,160.3,674.8,40798.9
2053-10-03,0.0,12.02,-1.34,330.1,553.7,40591.5
2053-10-04,0.0,11.7,-1.16,318.8,561.1,40384.6
2053-10-05,4.81,13.13,4.51,184.8,842.4,40178.0
2053-10-06,0.0,18.76,5.16,311.4,881.9,39971.9
2053-10-07,0.0,12.75,3.88,245.3,806.0,39766.2
2053-10-08,0.0,12.2,-0.74,307.7,578.6,39561.1
2053-10-09,0.55,13.36,1.93,283.3,701.8,39356.6
2053-10-10,0.0,21.49,5.7,308.7,915.7,39152.6
2053-10-11,0.0,9.39,0.76,226.6,645.5,38949.3
2053-10-12,0.0,10.64,-1.24,273.9,557.6,38746.6
2053-10-13,0.0,11.09,1.29,238.1,670.4,38544.7
2053-10-14,0.0,17.44,3.91,276.9,807.6,38343.5
2053-10-15,0.0,13.52,2.2,252.1,715.6,38143.1
2053-10-16,0.0,10.83,4.26,166.0,828.0,37943.5
2053-10-17,0.0,6.51,-0.91,189.2,571.3,37744.9
2053-10-18,0.0,12.56,0.06,263.4,613.3,37547.1
2053-10-19,0.0,14.87,-3.41,296.6,474.7,37350.4
2053-10-20,4.2,11.02,-2.18,195.8,520.6,37154.6
2053-10-21,0.0,7.53,-1.07,196.3,564.7,36959.9
2053-10-22,2.46,2.34,-2.73,95.6,499.4,36766.4
2053-10-23,0.0,0.19,-6.52,163.3,375.2,36574.0
2053-10-24,0.0,2.86,-7.14,217.8,357.7,36382.9
2053-10-25,0.0,3.45,-6.92,221.1,363.6,36193.1
2053-10-26,0.0,4.92,-7.0,233.6,361.6,36004.6
2053-10-27,18.67,0.44,-6.3,132.4,381.5,35817.5
2053-10-28,4.73,0.81,-2.05,62.5,525.6,35631.9
2053-10-29,1.47,1.96,-1.84,107.9,533.5,35447.8
2053-10-30,0.0,5.78,-1.31,184.0,555.0,35265.2
2053-10-31,0.0,5.75,-5.79,251.4,396.8,35084.4
2053-11-01,9.37,8.64,-1.24,166.7,557.6,34905.2
2053-11-02,9.6,14.89,3.96,170.1,810.9,34727.8
2053-11-03,0.0,13.41,6.29,166.3,953.7,34552.3
2053-11-04,14.49,10.12,0.21,144.2,619.9,34378.7
2053-11-05,0.0,7.4,0.94,140.8,653.9,34207.0
2053-11-06,0.0,5.59,-2.47,167.4,509.3,34037.5
2053-11-07,0.0,7.85,-2.6,195.1,504.4,33870.0
2053-11-08,0.0,8.36,-4.69,213.7,431.1,33704.8
2053-11-09,7.91,6.2,-4.55,146.4,435.7,33541.9
2053-11-10,0.83,3.89,0.46,77.5,631.5,33381.3
2053-11-11,0.83,3.44,-1.08,100.8,564.4,33223.1
2053-11-12,0.0,-0.53,-4.89,99.1,424.9,33067.5
2053-11-13,0.0,-3.39,-9.24,130.7,303.6,32914.4
2053-11-14,0.0,-3.47,-11.34,162.9,256.9,32764.0
2053-11-15,0.0,-2.77,-9.16,138.0,305.5,32616.4
2053-11-16,0.0,-3.34,-7.65,97.9,343.8,32471.6
2053-11-17,0.0,-0.73,-10.69,181.0,270.7,32329.7
2053-11-18,0.0,-2.68,-12.41,179.5,235.8,32190.8
2053-11-19,0.0,1.9,-10.6,194.0,272.7,32055.0
2053-11-20,1.38,-0.29,-6.04,136.8,389.2,31922.3
2053-11-21,0.66,1.31,-6.73,170.9,369.0,31792.9
2053-11-22,0.0,-5.97,-11.48,130.5,254.0,31666.8
2053-11-23,4.64,-4.36,-15.64,151.8,180.9,31544.1
2053-11-24,0.0,-2.55,-11.29,176.6,257.9,31424.9
2053-11-25,3.31,-2.9,-13.46,145.1,216.5,31309.3
2053-11-26,2.9,1.75,-10.54,150.2,274.0,31197.3
2053-11-27,3.38,-5.96,-10.89,84.0,266.4,31089.0
2053-11-28,0.0,-4.83,-18.35,200.9,143.9,30984.5
2053-11-29,0.0,-3.68,-15.16,187.2,188.2,30883.9
2053-11-30,0.0,-1.03,-10.43,168.2,276.2,30787.2
2053-12-01,10.15,-4.14,-10.25,95.1,280.3,30694.6
2053-12-02,0.0,-0.38,-7.33,138.6,352.3,30606.0
2053-12-03,0.0,0.7,-4.31,104.9,443.9,30521.6
2053-12-04,1.27,-2.35,-8.14,120.3,330.8,30441.4
2053-12-05,10.53,-1.18,-7.07,91.6,359.5,30365.6
2053-12-06,20.96,-0.48,-3.31,47.6,478.3,30294.0
2053-12-07,1.36,-0.89,-4.7,84.4,431.1,30226.9
2053-12-08,1.24,-7.18,-12.33,114.0,237.2,30164.2
2053-12-09,0.0,-7.04,-14.21,146.5,203.5,30106.1
2053-12-10,0.0,-6.32,-16.34,172.0,170.6,30052.5
2053-12-11,0.0,-6.48,-21.77,190.7,107.0,30003.5
2053-12-12,0.0,-6.44,-23.67,192.0,90.4,29959.2
2053-12-13,0.0,-1.97,-18.96,189.5,136.6,29919.5
2053-12-14,0.0,-4.73,-13.94,153.1,208.1,29884.6
2053-12-15,0.0,-16.41,-23.89,135.3,88.6,29854.4
2053-12-16,0.0,-5.44,-25.91,191.8,73.8,29829.0
2053-12-17,0.0,2.13,-13.88,182.7,209.2,29808.5
2053-12-18,0.0,-5.08,-14.27,145.4,202.6,29792.7
2053-12-19,2.28,-2.95,-15.61,128.8,181.3,29781.8
2053-12-20,0.0,-9.08,-16.01,119.4,175.3,29775.7
2053-12-21,0.0,-13.46,-21.36,132.7,110.9,29774.4
2053-12-22,0.0,-8.37,-24.9,184.5,80.9,29778.1
2053-12-23,5.06,-8.51,-24.44,137.9,84.4,29786.5
2053-12-24,0.0,-4.71,-19.29,177.2,132.8,29799.8
2053-12-25,12.0,-3.21,-18.24,135.8,145.2,29818.0
2053-12-26,4.61,-1.35,-9.45,97.2,298.6,29840.9
2053-12-27,1.87,-0.74,-11.75,157.2,248.6,29868.6
2053-12-28,0.0,-12.72,-19.65,117.5,128.8,29901.2
2053-12-29,10.54,-4.71,-23.71,146.5,90.1,29938.4
2053-12-30,8.08,-2.08,-15.12,131.4,188.9,29980.4
2053-12-31,0.0,-11.54,-17.8,107.4,150.9,30027.0
2054-01-01,1.97,-15.72,-30.17,188.9,49.6,30078.5
2054-01-02,0.0,-0.91,-24.96,209.3,80.4,30134.3
2054-01-03,1.1,4.67,-12.26,197.4,238.6,30194.7
2054-01-04,0.0,-5.74,-14.85,148.2,193.0,30259.6
2054-01-05,6.02,-10.87,-23.96,140.9,88.0,30328.9
2054-01-06,8.5,-9.08,-15.04,81.2,190.0,30402.6
2054-01-07,11.07,-9.71,-11.87,34.2,246.3,30480.7
2054-01-08,18.25,-8.08,-10.7,40.4,270.5,30562.9
2054-01-09,14.79,-5.66,-9.36,55.1,300.8,30649.4
2054-01-10,2.26,-1.91,-8.1,88.4,331.9,30740.0
2054-01-11,0.0,-4.38,-10.35,115.5,278.1,30834.6
2054-01-12,0.0,-7.8,-18.32,182.4,144.3,30933.3
2054-01-13,4.23,-0.99,-20.17,175.9,123.1,31035.8
2054-01-14,0.0,-14.32,-20.28,121.6,121.8,31142.2
2054-01-15,0.0,-13.19,-25.18,205.0,78.9,31252.3
2054-01-16,0.0,-11.98,-23.81,205.2,89.3,31366.2
2054-01-17,0.0,-5.03,-23.1,242.3,95.1,31483.6
2054-01-18,0.0,-1.86,-13.14,202.2,222.1,31604.5
2054-01-19,1.13,-1.05,-6.3,111.5,381.4,31728.9
2054-01-20,1.65,-2.52,-5.22,62.6,414.3,31856.7
2054-01-21,0.0,-3.25,-10.1,145.8,283.7,31987.7
2054-01-22,0.0,-15.82,-23.16,159.3,94.6,32121.9
2054-01-23,15.92,-11.86,-31.31,201.6,44.4,32259.3
2054-01-24,7.83,-5.76,-21.92,196.6,105.6,32399.7
2054-01-25,0.0,-4.76,-11.57,155.7,252.2,32543.0
2054-01-26,0.0,-14.92,-22.15,168.0,103.5,32689.2
2054-01-27,0.0,-11.54,-30.26,282.1,49.1,32838.2
2054-01-28,0.0,-4.23,-24.48,288.3,84.1,32989.9
2054-01-29,0.0,-5.06,-19.77,269.2,127.4,33144.3
2054-01-30,5.98,-2.18,-12.92,175.7,226.3,33301.2
2054-01-31,0.0,-1.71,-10.04,200.4,285.0,33460.6
2054-02-01,0.0,-2.56,-19.95,298.1,125.4,33622.3
2054-02-02,0.0,2.57,-16.59,306.2,167.1,33786.4
2054-02-03,0.0,4.1,-13.4,302.4,217.5,33952.8
2054-02-04,0.0,-4.22,-21.52,308.2,109.4,34121.3
2054-02-05,0.0,-6.23,-26.84,321.8,67.7,34291.9
2054-02-06,0.0,-4.8,-26.55,326.7,69.6,34464.5
2054-02-07,0.0,-4.72,-24.4,321.5,84.7,34639.0
2054-02-08,0.0,-6.98,-23.8,306.7,89.4,34815.5
2054-02-09,0.0,-5.04,-22.75,313.9,98.1,34993.8
2054-02-10,0.0,-2.08,-21.43,324.6,110.2,35173.8
2054-02-11,1.82,3.56,-17.21,332.8,158.6,35355.5
2054-02-12,11.68,3.88,-9.25,205.8,303.4,35538.8
2054-02-13,0.0,-2.51,-8.52,146.8,321.3,35723.7
2054-02-14,0.0,-12.7,-21.12,206.3,113.2,35910.0
2054-02-15,0.0,-12.94,-25.16,278.7,79.0,36097.8
2054-02-16,0.0,-5.64,-25.09,355.6,79.5,36287.0
2054-02-17,0.0,1.11,-14.38,323.1,200.7,36477.5
2054-02-18,0.0,1.48,-13.71,320.2,212.0,36669.2
2054-02-19,11.98,-0.24,-6.46,119.7,376.9,36862.2
2054-02-20,0.83,-1.16,-3.84,79.6,460.0,37056.3
2054-02-21,0.0,-0.59,-5.33,129.3,410.8,37251.5
2054-02-22,0.0,-0.04,-7.76,209.3,340.7,37447.8
2054-02-23,0.0,0.44,-16.03,364.9,175.0,37645.0
2054-02-24,11.69,1.89,-14.22,273.6,203.4,37843.2
2054-02-25,20.78,0.43,-8.4,183.4,324.2,38042.3
2054-02-26,8.55,1.31,-2.24,83.5,518.2,38242.3
2054-02-27,1.31,3.26,-0.98,134.9,568.6,38443.1
2054-02-28,2.84,6.49,0.07,150.6,614.0,38644.7
2054-03-01,9.37,4.52,0.36,104.2,627.0,38847.0
2054-03-02,0.8,1.95,-0.94,105.0,570.3,39050.0
2054-03-03,0.0,1.27,-3.01,153.3,489.4,39253.6
2054-03-04,0.0,-1.16,-4.84,141.1,426.4,39457.9
2054-03-05,0.0,-1.48,-6.39,191.8,378.8,39662.7
2054-03-06,0.0,-1.0,-7.97,271.8,335.4,39868.1
2054-03-07,1.6,1.1,-17.68,478.2,152.3,40074.0
2054-03-08,0.19,2.26,-9.46,410.4,298.3,40280.3
2054-03-09,26.26,8.28,-3.18,306.4,483.1,40487.1
2054-03-10,2.52,8.21,-1.71,287.1,538.9,40694.3
2054-03-11,0.0,-7.83,-12.76,236.0,229.1,40901.8
2054-03-12,0.0,-10.8,-19.59,391.6,129.4,41109.7
2054-03-13,0.0,-8.15,-20.16,471.2,123.2,41317.8
2054-03-14,1.78,-1.38,-19.0,521.9,136.1,41526.3
2054-03-15,0.0,-0.51,-11.85,459.3,246.6,41734.9
2054-03-16,0.0,-3.01,-16.03,490.5,175.0,41943.8
2054-03-17,0.0,0.67,-19.08,541.0,135.2,42152.9
2054-03-18,0.0,4.15,-15.45,543.7,183.7,42362.1
2054-03-19,4.63,-0.06,-12.85,373.7,227.4,42571.4
2054-03-20,1.58,-4.67,-10.35,299.3,278.1,42780.8
2054-03-21,0.0,-0.32,-15.43,537.1,184.0,42990.3
2054-03-22,13.62,-5.8,-10.53,190.7,274.0,43199.8
2054-03-23,0.0,-3.41,-11.28,390.6,258.2,43409.3
2054-03-24,0.0,-0.7,-14.97,540.9,191.2,43618.7
2054-03-25,0.0,4.24,-17.98,590.9,148.6,43828.1
2054-03-26,13.52,5.82,-9.62,420.8,294.7,44037.5
2054-03-27,3.37,13.72,0.17,392.9,618.4,44246.7
2054-03-28,1.21,8.13,0.96,351.7,654.6,44455.7
2054-03-29,0.0,11.55,1.8,436.8,695.5,44664.6
2054-03-30,5.26,7.98,-1.58,328.0,544.1,44873.3
2054-03-31,9.46,3.78,-0.95,183.5,569.6,45081.7
2054-04-01,6.56,3.01,-2.46,210.4,509.8,45289.9
2054-04-02,11.91,0.74,-2.11,118.7,523.2,45497.8
2054-04-03,4.32,0.23,-2.61,119.3,504.1,45705.3
2054-04-04,0.0,-0.44,-3.8,186.4,461.3,45912.5
2054-04-05,0.0,3.06,-3.65,348.2,466.5,46119.2
2054-04-06,0.0,3.55,-1.25,267.4,557.3,46325.6
2054-04-07,1.47,2.68,-0.99,215.0,568.0,46531.4
2054-04-08,0.0,8.38,-3.12,535.6,485.2,46736.8
2054-04-09,0.0,4.17,-5.57,494.7,403.5,46941.7
2054-04-10,0.0,4.2,-7.81,554.7,339.5,47145.9
2054-04-11,0.0,6.58,-5.43,552.3,407.7,47349.6
2054-04-12,0.0,13.06,-5.64,635.5,401.4,47552.6
2054-04-13,0.0,13.24,-4.29,628.8,444.6,47754.9
2054-04-14,0.0,12.66,-3.74,619.0,463.2,47956.4
2054-04-15,0.0,13.37,-2.69,614.8,499.8,48157.2
2054-04-16,12.52,16.61,-3.52,486.3,470.8,48357.2
2054-04-17,6.08,9.96,1.16,342.9,664.2,48556.4
2054-04-18,0.0,8.86,3.25,320.8,770.8,48754.6
2054-04-19,4.04,12.19,2.92,357.0,753.4,48951.8
2054-04-20,8.95,5.04,0.93,187.4,653.4,49148.1
2054-04-21,0.0,10.71,-1.71,577.9,538.8,49343.3
2054-04-22,0.0,14.39,-2.22,636.4,518.8,49537.4
2054-04-23,0.0,15.19,-1.18,632.8,560.4,49730.4
2054-04-24,7.11,4.71,0.52,193.1,634.3,49922.1
2054-04-25,2.61,6.55,-1.07,332.9,564.8,50112.6
2054-04-26,0.0,5.98,-4.91,569.3,424.2,50301.8
2054-04-27,1.12,6.4,-5.32,589.0,411.2,50489.6
2054-04-28,0.0,11.48,-2.26,621.6,517.3,50675.9
2054-04-29,0.0,19.18,-1.07,673.4,524.0,50860.8
2054-04-30,0.0,18.15,0.71,650.0,606.0,51044.1
2054-05-01,0.0,25.76,2.55,672.1,638.8,51225.8
2054-05-02,6.31,11.33,1.86,350.9,698.4,51405.8
2054-05-03,3.95,16.39,6.7,343.7,981.3,51584.1
2054-05-04,0.0,20.45,9.16,493.5,1159.8,51760.6
2054-05-05,0.0,19.98,10.12,444.1,1237.2,51935.1
2054-05-06,1.74,19.7,12.37,341.8,1436.2,52107.8
2054-05-07,4.78,19.04,12.13,241.4,1413.9,52278.4
2054-05-08,3.32,20.72,11.02,321.9,1313.3,52446.9
2054-05-09,4.72,11.99,7.89,157.4,1064.1,52613.2
2054-05-10,0.0,18.7,6.41,520.3,961.2,52777.3
2054-05-11,0.0,20.52,1.45,634.7,644.2,52939.1
2054-05-12,0.0,19.93,-0.72,650.6,548.8,53098.5
2054-05-13,0.0,23.16,1.65,649.8,634.0,53255.4
2054-05-14,0.0,26.65,4.06,648.4,719.3,53409.7
2054-05-15,0.0,25.34,7.49,600.2,944.3,53561.4
2054-05-16,0.0,23.77,7.91,573.2,996.1,53710.5
2054-05-17,0.0,20.93,5.72,563.8,877.6,53856.7
2054-05-18,0.0,18.62,7.49,460.4,1035.3,54000.0
2054-05-19,0.0,17.19,4.56,504.2,845.8,54140.4
2054-05-20,0.0,25.66,5.32,613.4,802.3,54277.8
2054-05-21,11.71,20.45,8.72,342.3,1125.9,54412.0
2054-05-22,11.28,11.81,6.32,187.2,955.3,54543.1
2054-05-23,9.19,9.46,5.15,154.8,881.2,54670.8
2054-05-24,0.0,18.02,6.28,471.7,952.7,54795.2
2054-05-25,3.12,21.61,6.49,403.2,966.9,54916.2
2054-05-26,0.0,17.17,8.18,376.8,1085.2,55033.6
2054-05-27,0.0,17.27,0.34,579.0,598.2,55147.4
2054-05-28,0.0,22.97,3.01,605.4,670.5,55257.6
2054-05-29,2.98,23.29,11.1,341.9,1320.9,55364.0
2054-05-30,0.0,15.71,7.51,350.8,1036.9,55466.5
2054-05-31,5.22,14.94,-1.11,428.8,563.3,55565.2
2054-06-01,0.0,13.85,4.42,403.7,837.4,55659.8
2054-06-02,4.49,18.89,-1.26,457.4,557.0,55750.4
2054-06-03,4.7,11.63,4.03,249.5,814.7,55836.9
2054-06-04,6.01,9.42,4.01,185.0,813.6,55919.2
2054-06-05,4.8,13.24,4.96,267.4,869.5,55997.2
2054-06-06,1.37,15.29,6.78,359.5,986.0,56070.9
2054-06-07,0.0,19.0,4.32,523.6,809.7,56140.2
2054-06-08,0.0,17.96,6.73,432.9,981.5,56205.1
2054-06-09,0.0,22.42,3.48,576.6,682.5,56265.6
2054-06-10,0.0,24.83,4.27,587.7,701.9,56321.4
2054-06-11,0.0,27.47,7.41,573.8,864.3,56372.7
2054-06-12,0.0,24.89,9.0,519.8,1020.8,56419.4
2054-06-13,3.15,17.84,10.71,199.6,1286.9,56461.3
2054-06-14,11.03,22.31,13.09,247.4,1505.3,56498.6
2054-06-15,7.79,18.6,11.83,196.5,1386.1,56531.2
2054-06-16,8.28,21.67,14.07,216.7,1605.2,56558.9
2054-06-17,2.64,18.86,13.43,163.7,1539.9,56581.9
2054-06-18,3.56,21.3,14.18,209.8,1616.6,56600.1
2054-06-19,0.72,23.96,13.83,377.2,1580.4,56613.4
2054-06-20,0.0,25.43,14.39,397.3,1638.2,56621.9
2054-06-21,0.0,22.07,13.25,341.6,1521.9,56625.6
2054-06-22,0.0,25.04,13.06,415.5,1483.6,56624.3
2054-06-23,0.0,27.87,15.52,413.7,1718.4,56618.3
2054-06-24,0.0,26.52,15.93,376.4,1809.5,56607.4
2054-06-25,0.0,27.35,12.18,472.1,1296.2,56591.7
2054-06-26,3.49,26.92,15.04,305.0,1708.7,56571.1
2054-06-27,0.0,18.76,12.37,268.7,1436.0,56545.8
2054-06-28,0.0,20.77,8.52,445.6,1075.1,56515.6
2054-06-29,3.88,25.98,6.65,392.8,959.9,56480.7
2054-06-30,24.26,23.27,12.61,295.1,1459.5,56441.1
2054-07-01,10.75,15.02,11.16,128.6,1326.2,56396.8
2054-07-02,0.0,23.35,9.78,468.5,1144.8,56347.9
2054-07-03,0.0,27.28,9.11,515.9,1025.0,56294.3
2054-07-04,25.31,23.12,11.97,302.5,1398.8,56236.2
2054-07-05,9.46,19.36,12.01,222.1,1403.2,56173.5
2054-07-06,0.0,24.7,8.12,496.6,1048.6,56106.4
2054-07-07,0.0,25.46,11.43,454.2,1335.9,56034.9
2054-07-08,0.0,25.76,10.81,467.2,1270.5,55959.1
2054-07-09,6.47,24.49,13.46,294.8,1542.2,55878.9
2054-07-10,23.75,17.4,13.26,135.5,1522.2,55794.5
2054-07-11,10.88,20.09,9.05,317.4,1151.0,55706.0
2054-07-12,1.75,20.2,11.33,366.1,1340.7,55613.4
2054-07-13,1.83,26.27,8.75,508.3,1127.9,55516.8
2054-07-14,0.0,29.22,13.93,467.2,1591.0,55416.2
2054-07-15,0.0,30.5,16.56,435.4,1883.8,55311.7
2054-07-16,6.18,31.57,17.38,323.0,1984.4,55203.4
2054-07-17,7.46,27.41,17.1,268.8,1948.8,55091.5
2054-07-18,0.0,24.53,15.09,342.4,1714.0,54975.8
2054-07-19,0.0,26.65,10.09,480.2,1235.1,54856.7
2054-07-20,3.23,26.02,13.39,309.8,1535.4,54734.0
2054-07-21,0.0,25.59,10.67,454.7,1284.0,54607.9
2054-07-22,2.26,28.12,13.8,324.7,1577.5,54478.5
2054-07-23,0.0,23.41,8.92,450.5,1141.2,54345.9
2054-07-24,0.0,22.42,11.67,370.8,1371.9,54210.1
2054-07-25,0.0,19.55,10.56,330.9,1274.3,54071.2
2054-07-26,0.0,22.64,7.8,458.0,1057.6,53929.4
2054-07-27,4.53,24.62,7.31,361.0,1022.8,53784.6
2054-07-28,14.3,24.13,12.68,282.1,1466.2,53637.0
2054-07-29,6.22,23.52,14.26,243.1,1624.9,53486.6
2054-07-30,0.0,23.36,12.19,376.5,1419.2,53333.6
2054-07-31,0.0,21.78,9.71,396.8,1203.6,53177.9
2054-08-01,0.0,22.28,6.43,463.6,962.6,53019.8
2054-08-02,2.65,25.6,8.64,351.4,1120.2,52859.2
2054-08-03,0.0,24.23,10.47,420.2,1266.2,52696.3
2054-08-04,0.0,24.98,7.66,468.0,1047.9,52531.0
2054-08-05,0.0,26.52,8.25,473.1,1090.4,52363.6
2054-08-06,0.0,25.55,8.43,459.4,1104.0,52194.1
2054-08-07,0.0,27.88,8.04,480.3,1075.2,52022.5
2054-08-08,0.0,30.51,10.02,474.1,1229.2,51848.9
2054-08-09,0.0,31.48,17.7,367.8,2024.5,51673.3
2054-08-10,5.15,30.27,17.7,259.1,2023.8,51496.0
2054-08-11,15.5,21.33,16.52,117.1,1878.8,51316.8
2054-08-12,0.0,16.94,8.77,272.9,1130.1,51136.0
2054-08-13,0.0,21.8,4.48,456.0,840.7,50953.4
2054-08-14,0.0,25.57,6.09,467.9,940.3,50769.4
2054-08-15,4.16,25.2,9.61,312.2,1195.3,50583.7
2054-08-16,0.0,21.83,11.46,315.4,1352.6,50396.6
2054-08-17,6.75,26.09,6.49,343.8,967.2,50208.2
2054-08-18,1.94,18.68,9.49,287.0,1185.9,50018.3
2054-08-19,0.0,18.42,5.78,370.8,920.4,49827.2
2054-08-20,0.0,21.43,4.98,428.6,870.5,49634.9
2054-08-21,0.0,20.44,8.73,343.5,1127.0,49441.3
2054-08-22,0.0,20.45,6.33,391.2,956.6,49246.7
2054-08-23,3.5,23.0,6.24,316.7,950.6,49050.9
2054-08-24,13.63,23.08,10.88,254.4,1301.2,48854.2
2054-08-25,27.71,20.16,12.28,179.0,1427.5,48656.4
2054-08-26,13.85,19.43,13.79,133.0,1576.4,48457.8
2054-08-27,2.48,24.42,13.52,233.1,1548.9,48258.2
2054-08-28,1.07,22.4,9.82,349.8,1212.6,48057.8
2054-08-29,2.58,20.37,11.56,198.3,1361.3,47856.6
2054-08-30,1.7,23.05,13.04,288.7,1501.2,47654.7
2054-08-31,5.05,21.22,8.31,267.6,1095.3,47452.0
2054-09-01,0.0,19.87,8.87,321.1,1137.3,47248.7
2054-09-02,6.21,19.39,9.71,217.8,1203.7,47044.8
2054-09-03,6.33,21.31,12.01,209.5,1402.4,46840.2
2054-09-04,0.0,20.71,12.16,264.1,1416.5,46635.1
2054-09-05,1.82,18.81,8.66,311.2,1121.3,46429.5
2054-09-06,0.0,23.02,10.46,354.0,1265.6,46223.4
2054-09-07,0.0,20.59,6.25,389.2,951.3,46016.8
2054-09-08,20.33,16.6,7.07,228.2,1005.9,45809.8
2054-09-09,12.8,12.43,8.55,105.2,1113.3,45602.5
2054-09-10,1.07,13.11,8.43,165.3,1104.1,45394.8
2054-09-11,2.57,14.47,5.98,209.5,933.6,45186.7
2054-09-12,4.78,12.76,7.35,144.6,1025.5,44978.4
2054-09-13,0.0,17.6,5.73,355.7,917.6,44769.9
2054-09-14,0.0,21.86,3.77,414.3,800.1,44561.1
2054-09-15,6.9,17.24,6.29,249.4,953.3,44352.1
2054-09-16,0.0,16.32,7.62,286.8,1044.9,44143.0
2054-09-17,0.0,14.03,4.55,307.2,845.0,43933.7
2054-09-18,1.79,14.88,0.2,387.2,619.5,43724.4
2054-09-19,5.99,17.75,5.35,264.0,893.7,43514.9
2054-09-20,0.0,15.89,6.63,293.8,976.4,43305.4
2054-09-21,17.2,20.86,8.82,251.9,1133.9,43095.9
2054-09-22,0.0,13.92,8.13,203.7,1081.5,42886.4
2054-09-23,0.0,10.7,1.61,299.1,685.8,42677.0
2054-09-24,0.0,15.2,-0.21,378.5,601.3,42467.6
2054-09-25,0.0,17.56,3.84,352.0,804.0,42258.4
2054-09-26,7.37,20.4,6.26,260.3,951.9,42049.2
2054-09-27,8.48,18.21,9.0,203.2,1147.2,41840.3
2054-09-28,2.26,16.67,8.44,186.6,1105.1,41631.5
2054-09-29,2.19,14.71,3.52,231.5,786.0,41422.9
2054-09-30,5.27,14.06,5.65,190.3,912.5,41214.6
2054-10-01,11.72,13.9,6.15,177.9,944.7,41006.6
2054-10-02,0.0,9.33,1.62,240.2,686.5,40798.9
2054-10-03,0.0,9.95,2.34,235.4,722.7,40591.5
2054-10-04,0.0,10.34,0.88,272.9,651.1,40384.6
2054-10-05,0.07,6.57,1.0,180.6,656.6,40178.0
2054-10-06,0.0,7.74,-2.66,289.5,502.1,39971.9
2054-10-07,4.27,11.55,-5.83,260.8,395.6,39766.2
2054-10-08,8.35,12.19,0.24,224.1,621.5,39561.1
2054-10-09,0.0,14.42,1.31,302.2,671.6,39356.6
2054-10-10,4.28,9.31,2.24,150.5,717.6,39152.6
2054-10-11,3.61,9.85,5.87,88.7,926.2,38949.3
2054-10-12,0.0,12.87,5.07,209.4,876.0,38746.6
2054-10-13,0.0,11.17,2.62,225.8,737.4,38544.7
2054-10-14,0.0,7.07,1.65,159.5,687.8,38343.5
2054-10-15,2.13,7.41,3.9,80.6,807.5,38143.1
2054-10-16,0.0,7.33,3.75,109.5,798.9,37943.5
2054-10-17,0.0,13.26,-0.06,285.0,608.0,37744.9
2054-10-18,0.0,17.39,3.62,279.9,791.3,37547.1
2054-10-19,0.0,15.65,5.18,244.7,883.2,37350.4
2054-10-20,2.59,9.12,-1.25,185.9,557.5,37154.6
2054-10-21,0.92,7.35,-1.15,218.0,561.5,36959.9
2054-10-22,0.0,4.66,-0.56,146.3,586.1,36766.4
2054-10-23,2.14,6.07,-2.49,161.4,508.7,36574.0
2054-10-24,0.0,13.0,-0.1,261.0,606.3,36382.9
2054-10-25,0.0,5.91,-1.08,183.8,564.2,36193.1
2054-10-26,0.0,4.81,-5.08,232.6,418.6,36004.6
2054-10-27,0.0,10.76,-8.16,277.5,330.4,35817.5
2054-10-28,9.7,8.74,-1.74,170.2,537.8,35631.9
2054-10-29,2.11,5.6,-0.99,165.2,568.0,35447.8
2054-10-30,9.86,5.67,1.07,90.0,659.8,35265.2
2054-10-31,0.0,6.29,2.65,96.1,738.8,35084.4
2054-11-01,6.01,4.34,1.21,63.3,666.4,34905.2
2054-11-02,2.49,3.1,-0.22,67.0,601.0,34727.8
2054-11-03,1.39,3.86,0.44,91.6,630.6,34552.3
2054-11-04,0.0,3.39,0.01,90.3,611.0,34378.7
2054-11-05,0.0,4.67,-1.24,148.1,557.6,34207.0
2054-11-06,0.0,4.36,-1.0,138.9,567.8,34037.5
2054-11-07,0.0,2.68,-1.56,114.7,544.9,33870.0
2054-11-08,0.0,2.38,-6.78,202.5,367.7,33704.8
2054-11-09,0.0,0.46,-5.46,151.2,406.7,33541.9
2054-11-10,10.66,2.77,-6.26,163.2,382.7,33381.3
2054-11-11,10.89,4.18,-2.89,138.0,493.8,33223.1
2054-11-12,2.23,4.88,-0.74,114.6,578.8,33067.5
2054-11-13,0.0,-0.03,-7.79,192.9,340.0,32914.4
2054-11-14,3.75,-0.56,-11.76,170.2,248.5,32764.0
2054-11-15,4.83,2.13,-6.93,151.1,363.3,32616.4
2054-11-16,0.0,-2.35,-7.84,143.9,338.8,32471.6
2054-11-17,0.0,-3.67,-10.05,163.3,284.8,32329.7
2054-11-18,0.0,-3.09,-12.3,202.3,237.8,32190.8
2054-11-19,9.29,-3.58,-10.24,125.5,280.6,32055.0
2054-11-20,2.1,0.87,-7.38,187.0,350.9,31922.3
2054-11-21,2.3,1.54,-3.11,90.7,485.7,31792.9
2054-11-22,0.0,2.28,-7.85,200.6,338.5,31666.8
2054-11-23,1.63,6.52,-4.64,203.6,432.9,31544.1
2054-11-24,0.0,4.83,0.55,107.8,635.3,31424.9
2054-11-25,0.0,-0.21,-7.14,160.7,357.5,31309.3
2054-11-26,21.19,-0.12,-10.62,152.4,272.3,31197.3
2054-11-27,0.0,0.38,-3.37,100.9,476.4,31089.0
2054-11-28,0.0,-1.46,-4.43,82.2,439.7,30984.5
2054-11-29,4.53,-2.61,-10.2,129.5,281.4,30883.9
2054-11-30,10.65,4.64,-13.12,160.3,222.6,30787.2
2054-12-01,0.0,6.92,-4.07,190.1,451.9,30694.6
2054-12-02,0.0,0.36,-2.5,71.1,508.3,30606.0
2054-12-03,0.0,-1.58,-8.82,153.7,313.8,30521.6
2054-12-04,1.23,2.9,-10.2,194.7,281.4,30441.4
2054-12-05,4.28,-2.82,-8.91,98.8,311.7,30365.6
2054-12-06,8.28,3.02,-9.37,142.8,300.6,30294.0
2054-12-07,3.21,5.97,-7.52,143.2,347.4,30226.9
2054-12-08,0.59,-3.5,-12.6,164.6,232.0,30164.2
2054-12-09,0.0,-0.7,-9.66,160.1,293.7,30106.1
2054-12-10,0.0,-2.9,-12.64,166.9,231.4,30052.5
2054-12-11,0.0,-3.4,-12.93,163.4,226.0,30003.5
2054-12-12,0.0,1.38,-17.68,196.4,152.3,29959.2
2054-12-13,0.0,3.2,-10.03,180.1,285.3,29919.5
2054-12-14,0.0,-2.07,-10.4,144.7,277.0,29884.6
2054-12-15,0.0,3.71,-12.01,187.5,243.5,29854.4
2054-12-16,0.0,0.64,-3.84,84.5,459.9,29829.0
2054-12-17,6.72,-5.19,-8.27,46.4,327.6,29808.5
2054-12-18,1.48,-5.57,-10.22,91.0,281.1,29792.7
2054-12-19,1.84,-6.34,-17.76,172.3,151.4,29781.8
2054-12-20,0.0,-6.5,-16.75,163.1,164.8,29775.7
2054-12-21,15.19,2.48,-16.4,146.9,169.6,29774.4
2054-12-22,6.66,4.34,-14.38,146.5,200.7,29778.1
2054-12-23,0.0,-12.27,-21.11,147.3,113.4,29786.5
2054-12-24,0.0,-6.77,-20.86,183.5,115.9,29799.8
2054-12-25,0.0,-9.33,-20.37,165.0,121.0,29818.0
2054-12-26,0.0,-3.53,-19.28,188.9,132.9,29840.9
2054-12-27,0.0,-4.5,-14.36,150.8,201.0,29868.6
2054-12-28,0.0,0.78,-13.01,177.0,224.4,29901.2
2054-12-29,4.81,-5.61,-16.99,122.2,161.6,29938.4
2054-12-30,6.49,-3.98,-17.97,137.0,148.6,29980.4
2054-12-31,0.0,-20.03,-26.96,118.7,67.0,30027.0
2055-01-01,0.0,-18.58,-30.39,143.8,48.6,30078.5
2055-01-02,0.0,-16.88,-28.84,146.0,56.2,30134.3
2055-01-03,24.8,-3.3,-23.6,143.8,90.9,30194.7
2055-01-04,0.0,-3.35,-14.16,138.4,204.3,30259.6
2055-01-05,0.0,-12.88,-21.12,113.8,113.3,30328.9
2055-01-06,0.0,-6.88,-28.69,198.9,57.0,30402.6
2055-01-07,0.0,-6.36,-25.02,191.8,80.0,30480.7
2055-01-08,11.33,-10.49,-29.56,148.8,52.5,30562.9
2055-01-09,17.28,-7.52,-18.38,112.0,143.5,30649.4
2055-01-10,0.0,-9.57,-18.01,123.1,148.2,30740.0
2055-01-11,0.0,-9.52,-24.28,184.1,85.6,30834.6
2055-01-12,3.73,-15.4,-26.12,114.9,72.4,30933.3
2055-01-13,3.72,-17.47,-26.35,100.7,70.9,31035.8
2055-01-14,0.0,-18.63,-31.82,180.4,42.3,31142.2
2055-01-15,19.81,0.31,-28.32,176.3,59.1,31252.3
2055-01-16,2.46,0.82,-14.66,150.7,196.1,31366.2
2055-01-17,0.0,1.2,-8.89,153.5,312.0,31483.6
2055-01-18,8.3,3.7,-12.12,156.1,241.4,31604.5
2055-01-19,0.0,4.35,-3.65,128.4,466.4,31728.9
2055-01-20,0.0,-0.47,-7.32,114.9,352.6,31856.7
2055-01-21,0.0,-4.43,-15.71,177.7,179.8,31987.7
2055-01-22,0.0,-6.46,-20.87,210.6,115.8,32121.9
2055-01-23,6.91,1.17,-17.25,178.4,158.0,32259.3
2055-01-24,4.31,9.09,-5.63,160.8,401.7,32399.7
2055-01-25,0.0,-1.93,-11.64,167.1,250.8,32543.0
2055-01-26,0.0,-6.85,-20.33,214.5,121.3,32689.2
2055-01-27,0.0,-7.48,-20.0,207.9,124.9,32838.2
2055-01-28,0.0,-14.33,-25.5,196.0,76.6,32989.9
2055-01-29,0.0,-11.68,-27.46,243.3,64.0,33144.3
2055-01-30,0.0,-12.42,-26.2,230.2,71.9,33301.2
2055-01-31,0.0,-6.81,-24.95,262.6,80.6,33460.6
2055-02-01,0.0,-0.11,-20.5,274.0,119.6,33622.3
2055-02-02,9.39,-2.07,-18.39,194.2,143.4,33786.4
2055-02-03,6.61,2.41,-11.85,182.0,246.7,33952.8
2055-02-04,0.0,3.18,-9.18,222.3,305.0,34121.3
2055-02-05,0.0,1.17,-12.6,245.3,232.2,34291.9
2055-02-06,0.0,-7.43,-19.56,234.4,129.8,34464.5
2055-02-07,0.0,-5.1,-16.84,234.3,163.6,34639.0
2055-02-08,0.0,-6.62,-18.2,235.1,145.8,34815.5
2055-02-09,2.46,-4.5,-22.26,224.3,102.4,34993.8
2055-02-10,0.0,-1.48,-16.29,276.9,171.2,35173.8
2055-02-11,0.0,-5.25,-15.5,221.0,183.0,35355.5
2055-02-12,3.88,4.21,-11.38,216.9,256.2,35538.8
2055-02-13,0.0,2.51,-6.11,193.6,387.1,35723.7
2055-02-14,0.0,-7.55,-16.55,215.2,167.7,35910.0
2055-02-15,0.0,-3.11,-23.65,342.6,90.5,36097.8
2055-02-16,0.0,-1.53,-20.02,333.7,124.7,36287.0
2055-02-17,1.81,-3.69,-14.67,256.1,196.0,36477.5
2055-02-18,4.34,-4.58,-10.81,121.6,268.1,36669.2
2055-02-19,0.0,-2.18,-11.67,234.7,250.2,36862.2
2055-02-20,0.0,-3.28,-15.85,292.0,177.7,37056.3
2055-02-21,0.0,-7.66,-18.88,276.8,137.5,37251.5
2055-02-22,0.0,-15.52,-27.24,293.8,65.3,37447.8
2055-02-23,0.0,-10.57,-24.63,331.5,82.9,37645.0
2055-02-24,0.0,-0.7,-23.07,392.6,95.3,37843.2
2055-02-25,2.66,0.69,-21.28,296.5,111.7,38042.3
2055-02-26,1.94,-1.7,-13.43,296.6,217.0,38242.3
2055-02-27,0.0,2.45,-9.61,303.7,294.8,38443.1
2055-02-28,7.91,4.73,-17.44,307.8,155.4,38644.7
2055-03-01,7.95,6.49,-9.24,272.7,303.5,38847.0
2055-03-02,4.18,4.14,-1.22,118.8,558.8,39050.0
2055-03-03,9.14,4.13,-7.7,243.1,342.4,39253.6
2055-03-04,4.79,8.51,-3.72,250.0,463.8,39457.9
2055-03-05,0.0,-1.7,-10.57,273.1,273.2,39662.7
2055-03-06,0.0,-8.84,-18.12,291.2,146.8,39868.1
2055-03-07,3.67,-11.62,-16.29,123.5,171.3,40074.0
2055-03-08,0.0,-8.8,-16.31,257.0,171.0,40280.3
2055-03-09,0.0,-7.22,-14.91,267.0,192.1,40487.1
2055-03-10,13.88,-1.09,-12.2,269.9,239.7,40694.3
2055-03-11,4.49,4.85,-8.09,299.7,332.1,40901.8
2055-03-12,2.17,4.64,-1.4,169.1,551.1,41109.7
2055-03-13,0.0,2.59,-3.15,220.8,484.3,41317.8
2055-03-14,0.0,0.93,-4.83,230.0,426.6,41526.3
2055-03-15,9.53,-0.96,-4.28,107.2,444.9,41734.9
2055-03-16,2.51,-1.28,-5.05,122.8,419.7,41943.8
2055-03-17,0.0,3.45,-5.56,360.0,403.8,42152.9
2055-03-18,9.04,-0.43,-9.82,290.3,289.9,42362.1
2055-03-19,5.24,2.08,-4.78,230.2,428.5,42571.4
2055-03-20,0.0,1.46,-4.24,264.0,446.3,42780.8
2055-03-21,0.0,6.18,-6.51,467.7,375.4,42990.3
2055-03-22,8.26,5.76,-3.45,294.4,473.5,43199.8
2055-03-23,0.0,3.85,-2.6,303.3,504.4,43409.3
2055-03-24,0.0,7.85,-6.83,509.7,366.2,43618.7
2055-03-25,0.0,1.66,-5.25,332.3,413.4,43828.1
2055-03-26,0.0,4.11,-5.83,445.3,395.4,44037.5
2055-03-27,0.0,13.02,-4.44,549.0,439.5,44246.7
2055-03-28,0.0,16.71,-4.41,563.0,440.6,44455.7
2055-03-29,0.0,7.56,-1.2,413.3,559.2,44664.6
2055-03-30,0.0,5.46,-0.62,326.1,583.7,44873.3
2055-03-31,0.0,3.51,-3.69,387.2,465.0,45081.7
2055-04-01,0.0,4.03,-6.34,489.4,380.3,45289.9
2055-04-02,0.0,2.34,-6.52,453.4,375.2,45497.8
2055-04-03,14.02,2.39,-8.14,382.6,330.9,45705.3
2055-04-04,0.0,-0.84,-7.06,363.4,359.8,45912.5
2055-04-05,0.0,5.77,-4.97,518.4,422.4,46119.2
2055-04-06,0.0,11.54,-5.21,592.0,414.5,46325.6
2055-04-07,5.06,4.96,-1.87,285.7,532.5,46531.4
2055-04-08,3.17,6.23,-0.88,295.3,572.8,46736.8
2055-04-09,0.0,6.35,-0.23,375.7,600.4,46941.7
2055-04-10,0.0,4.7,-2.39,408.4,512.4,47145.9
2055-04-11,0.0,5.79,-2.77,466.0,498.0,47349.6
2055-04-12,0.0,4.13,-3.89,448.2,458.0,47552.6
2055-04-13,2.72,2.49,-2.45,227.9,510.2,47754.9
2055-04-14,1.88,2.3,-2.1,273.5,523.7,47956.4
2055-04-15,0.82,4.89,-1.19,361.5,559.8,48157.2
2055-04-16,0.0,9.49,-0.22,503.9,601.2,48357.2
2055-04-17,0.0,14.5,-2.09,616.8,465.3,48556.4
2055-04-18,0.0,8.97,-0.38,488.1,594.2,48754.6
2055-04-19,0.0,8.73,0.69,439.1,642.0,48951.8
2055-04-20,0.0,10.82,-0.33,541.4,560.1,49148.1
2055-04-21,0.0,12.27,-2.84,609.6,439.2,49343.3
2055-04-22,0.0,13.68,-4.44,634.0,378.2,49537.4
2055-04-23,0.0,5.33,-2.91,449.2,492.9,49730.4
2055-04-24,0.0,5.24,-2.27,418.6,517.1,49922.1
2055-04-25,0.0,9.5,-1.73,544.9,493.4,50112.6
2055-04-26,0.74,8.63,-0.64,493.3,558.1,50301.8
2055-04-27,0.0,10.34,-0.72,556.4,520.4,50489.6
2055-04-28,0.0,12.41,-1.87,614.5,447.3,50675.9
2055-04-29,0.0,13.33,1.23,570.4,570.7,50860.8
2055-04-30,0.0,17.64,-2.44,654.1,390.5,51044.1
2055-05-01,0.0,20.75,-1.56,659.4,399.1,51225.8
2055-05-02,0.0,22.68,0.23,655.9,444.6,51405.8
2055-05-03,0.0,27.4,2.69,655.9,503.3,51584.1
2055-05-04,0.0,28.8,3.74,654.0,509.2,51760.6
2055-05-05,0.0,27.6,6.76,629.3,626.4,51935.1
2055-05-06,0.0,27.61,7.72,618.8,675.5,52107.8
2055-05-07,0.0,24.31,9.69,541.7,869.8,52278.4
2055-05-08,0.0,24.87,9.77,543.8,866.3,52446.9
2055-05-09,15.19,18.37,11.03,235.0,1315.0,52613.2
2055-05-10,8.43,9.26,4.14,177.5,821.3,52777.3
2055-05-11,0.0,9.22,-0.01,404.1,610.3,52939.1
2055-05-12,0.0,7.55,-1.83,411.1,534.0,53098.5
2055-05-13,0.0,8.8,-0.27,395.3,598.7,53255.4
2055-05-14,0.0,15.93,0.45,556.1,523.4,53409.7
2055-05-15,0.0,20.89,0.45,613.3,470.3,53561.4
2055-05-16,0.0,26.92,2.81,630.2,512.6,53710.5
2055-05-17,0.0,26.64,7.24,581.4,733.9,53856.7
2055-05-18,0.0,26.36,9.21,540.9,876.8,54000.0
2055-05-19,0.0,25.28,10.45,490.4,1006.4,54140.4
2055-05-20,3.84,14.37,7.47,201.3,1034.3,54277.8
2055-05-21,0.0,18.57,3.35,513.7,639.6,54412.0
2055-05-22,0.0,20.99,3.03,559.8,582.5,54543.1
2055-05-23,3.59,20.64,5.58,372.0,848.6,54670.8
2055-05-24,11.46,16.7,8.57,226.8,1115.0,54795.2
2055-05-25,15.06,18.06,8.05,271.5,1075.7,54916.2
2055-05-26,8.12,13.04,6.73,182.6,982.7,55033.6
2055-05-27,4.87,17.23,4.0,340.6,813.0,55147.4
2055-05-28,0.0,20.62,4.84,505.4,776.5,55257.6
2055-05-29,0.0,24.56,6.69,530.4,839.0,55364.0
2055-05-30,0.0,28.83,9.34,543.5,940.8,55466.5
2055-05-31,0.0,30.52,10.71,542.6,994.3,55565.2
2055-06-01,6.66,26.0,13.94,266.9,1591.6,55659.8
2055-06-02,2.89,16.34,10.28,158.6,1250.5,55750.4
2055-06-03,1.66,20.25,9.11,368.9,1106.8,55836.9
2055-06-04,0.0,19.68,7.21,409.5,944.2,55919.2
2055-06-05,0.0,23.55,5.55,501.6,750.5,55997.2
2055-06-06,5.1,19.14,10.06,240.8,1232.4,56070.9
2055-06-07,1.05,26.07,13.15,411.0,1343.9,56140.2
2055-06-08,10.3,18.91,11.36,205.3,1343.3,56205.1
2055-06-09,0.0,20.63,6.59,443.9,865.6,56265.6
2055-06-10,0.0,24.34,5.73,504.9,737.2,56321.4
2055-06-11,0.0,28.24,9.81,490.9,949.5,56372.7
2055-06-12,0.0,30.58,13.88,455.4,1271.0,56419.4
2055-06-13,0.0,31.62,14.85,452.4,1349.5,56461.3
2055-06-14,5.17,27.73,16.1,265.6,1809.8,56498.6
2055-06-15,0.0,19.94,11.92,281.3,1394.8,56531.2
2055-06-16,0.0,18.06,3.34,465.2,664.2,56558.9
2055-06-17,0.0,19.48,5.65,448.0,759.3,56581.9
2055-06-18,9.0,18.4,8.16,270.2,1084.3,56600.1
2055-06-19,0.0,22.54,5.61,493.0,711.2,56613.4
2055-06-20,0.0,25.22,7.01,503.6,755.3,56621.9
2055-06-21,0.0,26.94,8.08,508.9,765.6,56625.6
2055-06-22,0.0,28.09,10.76,485.5,934.5,56624.3
2055-06-23,1.91,28.23,12.09,462.4,1050.7,56618.3
2055-06-24,0.0,27.62,14.49,400.9,1344.7,56607.4
2055-06-25,7.47,27.55,12.66,320.8,1328.4,56591.7
2055-06-26,6.05,25.82,14.16,268.8,1600.2,56571.1
2055-06-27,0.0,29.73,13.67,448.8,1247.3,56545.8
2055-06-28,22.2,22.54,16.03,165.1,1821.2,56515.6
2055-06-29,12.67,23.51,15.72,198.9,1785.1,56480.7
2055-06-30,0.0,23.93,13.22,357.8,1497.4,56441.1
2055-07-01,0.0,26.19,11.04,452.5,1179.4,56396.8
2055-07-02,7.34,26.61,15.28,269.5,1735.4,56347.9
2055-07-03,0.0,25.29,14.18,360.0,1562.5,56294.3
2055-07-04,0.0,25.39,14.15,363.6,1553.6,56236.2
2055-07-05,0.0,20.92,13.31,272.0,1527.8,56173.5
2055-07-06,6.01,23.03,8.41,334.7,1102.8,56106.4
2055-07-07,3.91,21.78,10.54,281.8,1272.2,56034.9
2055-07-08,0.0,20.02,9.73,352.8,1205.1,55959.1
2055-07-09,0.0,21.35,8.96,405.9,1094.0,55878.9
2055-07-10,18.2,13.78,10.16,109.2,1240.9,55794.5
2055-07-11,4.18,18.78,10.32,236.7,1253.7,55706.0
2055-07-12,0.0,26.55,7.85,507.7,948.6,55613.4
2055-07-13,10.01,25.11,10.74,335.2,1289.8,55516.8
2055-07-14,0.0,27.81,10.67,482.8,1174.6,55416.2
2055-07-15,3.29,27.88,12.31,338.1,1430.6,55311.7
2055-07-16,0.0,28.28,13.87,431.6,1512.4,55203.4
2055-07-17,1.92,31.7,18.57,389.9,2081.1,55091.5
2055-07-18,1.99,26.34,16.82,318.5,1914.6,54975.8
2055-07-19,0.24,24.58,13.08,381.1,1505.2,54856.7
2055-07-20,0.0,20.26,7.95,416.0,1068.8,54734.0
2055-07-21,1.81,25.25,6.85,502.5,924.8,54607.9
2055-07-22,6.92,26.9,11.92,336.2,1394.2,54478.5
2055-07-23,0.0,26.19,14.1,395.5,1608.0,54345.9
2055-07-24,0.93,26.74,11.52,454.1,1319.9,54210.1
2055-07-25,13.31,22.66,14.33,227.8,1632.0,54071.2
2055-07-26,10.68,22.34,14.68,213.5,1669.1,53929.4
2055-07-27,1.76,25.07,13.26,397.6,1522.8,53784.6
2055-07-28,5.65,25.07,13.58,289.4,1555.2,53637.0
2055-07-29,1.02,26.09,12.65,421.3,1463.0,53486.6
2055-07-30,0.0,29.35,14.43,432.9,1643.3,53333.6
2055-07-31,0.0,30.36,16.84,402.9,1917.6,53177.9
2055-08-01,0.0,26.74,16.1,351.4,1828.5,53019.8
2055-08-02,0.0,19.96,10.64,335.1,1281.3,52859.2
2055-08-03,6.29,21.17,8.3,314.2,1094.5,52696.3
2055-08-04,5.12,21.43,7.73,322.5,1052.6,52531.0
2055-08-05,21.34,20.65,11.32,247.1,1340.2,52363.6
2055-08-06,3.37,21.45,10.83,272.0,1297.3,52194.1
2055-08-07,0.0,19.96,10.76,326.8,1291.5,52022.5
2055-08-08,4.53,16.26,9.06,204.6,1152.1,51848.9
2055-08-09,2.02,15.65,9.34,240.6,1173.8,51673.3
2055-08-10,0.0,18.07,7.15,375.1,1012.1,51496.0
2055-08-11,0.0,22.67,6.34,463.8,957.1,51316.8
2055-08-12,7.06,21.18,10.9,264.7,1302.9,51136.0
2055-08-13,16.39,24.16,11.41,302.0,1348.3,50953.4
2055-08-14,9.96,22.42,11.87,269.8,1390.1,50769.4
2055-08-15,0.0,22.17,8.14,432.0,1082.7,50583.7
2055-08-16,0.0,24.7,7.46,464.7,1033.2,50396.6
2055-08-17,3.58,22.16,11.19,272.8,1328.8,50208.2
2055-08-18,2.11,18.85,12.22,245.3,1422.7,50018.3
2055-08-19,0.0,22.95,7.14,447.2,1011.3,49827.2
2055-08-20,0.0,24.53,7.31,457.9,1022.9,49634.9
2055-08-21,0.0,21.89,8.35,413.6,1098.0,49441.3
2055-08-22,0.0,23.21,10.37,395.1,1258.1,49246.7
2055-08-23,0.0,27.3,10.22,441.9,1245.5,49050.9
2055-08-24,0.0,27.9,12.38,415.9,1437.2,48854.2
2055-08-25,0.0,29.26,12.26,424.4,1426.2,48656.4
2055-08-26,0.0,29.72,13.64,407.4,1561.1,48457.8
2055-08-27,0.0,29.15,15.5,368.5,1760.6,48258.2
2055-08-28,1.36,28.06,14.6,367.3,1660.8,48057.8
2055-08-29,0.0,19.06,10.17,289.8,1241.7,47856.6
2055-08-30,0.0,18.15,7.46,338.0,1033.4,47654.7
2055-08-31,0.0,24.88,4.12,454.8,819.9,47452.0
2055-09-01,0.0,28.04,5.68,452.3,914.5,47248.7
2055-09-02,0.0,30.02,8.72,435.6,1125.7,47044.8
2055-09-03,0.0,30.46,12.95,394.5,1492.1,46840.2
2055-09-04,0.0,30.28,12.78,389.6,1475.4,46635.1
2055-09-05,0.0,30.77,15.24,357.2,1730.6,46429.5
2055-09-06,0.0,27.65,15.99,295.1,1816.7,46223.4
2055-09-07,7.23,28.88,17.02,218.5,1939.0,46016.8
2055-09-08,23.07,22.78,18.2,94.9,2088.6,45809.8
2055-09-09,9.58,25.97,15.46,201.3,1755.8,45602.5
2055-09-10,54.76,24.47,15.68,175.3,1780.0,45394.8
2055-09-11,0.0,22.36,14.31,219.2,1630.6,45186.7
2055-09-12,0.0,21.56,8.37,330.7,1099.4,44978.4
2055-09-13,0.0,23.49,6.46,376.2,964.8,44769.9
2055-09-14,0.0,22.04,8.78,323.3,1130.4,44561.1
2055-09-15,0.0,22.48,11.3,283.4,1338.5,44352.1
2055-09-16,16.91,18.64,10.77,161.0,1291.7,44143.0
2055-09-17,34.95,11.62,9.75,50.5,1207.2,43933.7
2055-09-18,0.0,15.52,7.11,234.4,1009.2,43724.4
2055-09-19,0.0,19.49,1.47,382.4,679.1,43514.9
2055-09-20,1.23,20.01,4.38,352.6,835.2,43305.4
2055-09-21,11.89,15.2,7.32,162.7,1023.4,43095.9
2055-09-22,5.58,13.36,8.45,107.4,1105.7,42886.4
2055-09-23,3.14,15.93,8.34,160.2,1097.6,42677.0
2055-09-24,10.0,18.03,7.82,204.0,1059.5,42467.6
2055-09-25,0.0,15.75,6.4,258.0,960.8,42258.4
2055-09-26,0.0,17.92,2.61,347.0,736.6,42049.2
2055-09-27,0.0,20.17,2.49,360.1,730.6,41840.3
2055-09-28,0.0,23.12,3.89,360.1,806.5,41631.5
2055-09-29,0.0,19.0,7.16,281.9,1012.3,41422.9
2055-09-30,10.63,18.16,8.31,186.9,1095.2,41214.6
2055-10-01,3.48,16.12,4.06,220.2,816.7,41006.6
2055-10-02,2.01,13.44,1.91,290.1,700.7,40798.9
2055-10-03,0.0,14.82,2.6,298.1,736.2,40591.5
2055-10-04,0.0,6.09,-1.08,210.1,564.3,40384.6
2055-10-05,0.0,9.49,-4.58,324.7,434.8,40178.0
2055-10-06,3.61,7.69,-2.8,206.5,496.8,39971.9
2055-10-07,0.0,5.73,-1.67,212.2,540.3,39766.2
2055-10-08,2.95,6.33,-3.77,197.3,462.2,39561.1
2055-10-09,4.28,14.41,0.92,223.8,652.7,39356.6
2055-10-10,6.73,15.53,1.46,223.5,678.5,39152.6
2055-10-11,6.24,12.43,1.7,190.6,690.5,38949.3
2055-10-12,0.0,8.64,-0.84,235.0,574.2,38746.6
2055-10-13,4.9,12.05,-1.77,217.8,536.3,38544.7
2055-10-14,15.26,8.64,-0.03,163.2,609.5,38343.5
2055-10-15,3.01,6.57,-1.25,150.9,557.4,38143.1
2055-10-16,1.9,9.74,-0.15,233.5,604.0,37943.5
2055-10-17,3.96,15.11,2.61,193.0,736.9,37744.9
2055-10-18,5.38,4.18,-0.42,89.2,592.3,37547.1
2055-10-19,0.0,3.73,-2.67,163.8,501.7,37350.4
2055-10-20,1.98,8.32,-3.49,252.7,472.1,37154.6
2055-10-21,0.0,7.94,-1.92,222.8,530.4,36959.9
2055-10-22,0.0,10.15,-2.48,250.4,508.9,36766.4
2055-10-23,24.85,8.58,0.91,132.1,652.2,36574.0
2055-10-24,6.55,7.48,-0.61,137.4,584.2,36382.9
2055-10-25,0.0,2.51,-3.46,142.7,473.1,36193.1
2055-10-26,3.32,6.79,-4.43,171.4,439.9,36004.6
2055-10-27,0.0,4.26,-4.62,197.3,433.6,35817.5
2055-10-28,0.0,3.25,-8.23,232.6,328.6,35631.9
2055-10-29,0.0,7.6,-4.8,235.5,427.8,35447.8
2055-10-30,0.0,8.1,-4.31,231.3,443.8,35265.2
2055-10-31,4.1,12.63,0.49,166.9,633.0,35084.4
2055-11-01,0.0,11.67,0.48,209.9,632.5,34905.2
2055-11-02,0.0,15.08,-0.47,236.5,590.2,34727.8
2055-11-03,14.47,16.86,2.56,167.4,734.0,34552.3
2055-11-04,0.0,4.4,0.61,85.1,638.3,34378.7
2055-11-05,0.0,9.0,-1.21,190.4,558.9,34207.0
2055-11-06,1.81,6.9,-0.91,156.0,571.6,34037.5
2055-11-07,0.0,1.96,-2.57,98.7,505.7,33870.0
2055-11-08,0.0,-0.73,-4.58,86.9,434.7,33704.8
2055-11-09,0.0,-0.91,-7.58,142.2,345.8,33541.9
2055-11-10,0.0,0.1,-6.01,131.8,390.0,33381.3
2055-11-11,0.0,-3.43,-9.65,134.4,294.0,33223.1
2055-11-12,1.94,-0.93,-11.69,214.6,249.8,33067.5
2055-11-13,0.84,1.15,-7.84,190.8,338.6,32914.4
2055-11-14,16.49,4.48,-1.82,107.5,534.4,32764.0
2055-11-15,10.21,2.18,-0.35,43.3,595.2,32616.4
2055-11-16,6.92,1.01,-1.68,46.5,539.8,32471.6
2055-11-17,0.0,-3.07,-7.04,88.6,360.4,32329.7
2055-11-18,0.0,-3.44,-11.79,159.9,247.9,32190.8
2055-11-19,0.0,2.38,-16.73,207.6,165.1,32055.0
2055-11-20,3.21,7.9,-1.31,118.9,555.0,31922.3
2055-11-21,2.31,6.47,-0.41,97.6,592.6,31792.9
2055-11-22,1.6,8.92,1.77,130.6,694.1,31666.8
2055-11-23,0.0,12.47,1.08,168.3,660.2,31544.1
2055-11-24,4.42,11.02,-2.39,133.6,512.2,31424.9
2055-11-25,0.0,6.45,-1.03,130.3,566.3,31309.3
2055-11-26,18.7,7.72,-3.71,124.5,464.2,31197.3
2055-11-27,18.61,13.19,-0.25,128.1,599.5,31089.0
2055-11-28,0.0,4.37,-1.76,109.0,537.0,30984.5
2055-11-29,0.0,-0.33,-4.39,78.0,441.3,30883.9
2055-11-30,0.0,-3.44,-10.63,128.4,271.9,30787.2
2055-12-01,0.0,-4.12,-13.37,150.2,218.0,30694.6
2055-12-02,0.0,-0.43,-10.36,154.6,278.0,30606.0
2055-12-03,0.0,1.44,-7.96,149.1,335.6,30521.6
2055-12-04,0.0,1.34,-3.3,87.7,478.7,30441.4
2055-12-05,1.57,7.3,-0.63,130.4,583.3,30365.6
2055-12-06,5.8,7.36,0.45,88.5,631.0,30294.0
2055-12-07,5.51,2.64,-0.92,50.8,571.0,30226.9
2055-12-08,0.0,1.19,-3.63,88.9,467.1,30164.2
2055-12-09,0.0,1.25,-3.99,95.2,454.8,30106.1
2055-12-10,11.51,1.51,-2.58,57.3,505.1,30052.5
2055-12-11,13.03,1.21,-1.07,33.8,565.0,30003.5
2055-12-12,0.0,2.14,-0.25,47.7,599.8,29959.2
2055-12-13,3.51,1.19,-0.6,28.6,584.5,29919.5
2055-12-14,0.0,0.4,-3.57,78.2,469.2,29884.6
2055-12-15,0.0,-0.27,-9.12,139.9,306.5,29854.4
2055-12-16,4.13,0.26,-7.08,103.8,359.4,29829.0
2055-12-17,0.0,-0.17,-6.45,123.1,377.0,29808.5
2055-12-18,0.0,-6.88,-12.5,115.2,234.0,29792.7
2055-12-19,0.0,-6.62,-16.21,163.9,172.4,29781.8
2055-12-20,18.28,-0.22,-15.83,139.7,178.0,29775.7
2055-12-21,0.0,1.52,-10.86,176.2,266.9,29774.4
2055-12-22,0.0,-5.88,-14.11,150.5,205.2,29778.1
2055-12-23,0.0,-8.0,-17.03,159.3,160.9,29786.5
2055-12-24,0.0,-13.87,-22.8,160.9,97.7,29799.8
2055-12-25,0.0,-10.07,-22.76,181.7,98.0,29818.0
2055-12-26,0.0,-6.26,-17.88,176.8,149.8,29840.9
2055-12-27,0.0,-9.34,-14.8,117.3,193.9,29868.6
2055-12-28,0.0,-12.42,-21.98,167.4,105.1,29901.2
2055-12-29,3.35,-11.4,-19.24,113.4,133.4,29938.4
2055-12-30,2.5,-7.8,-19.52,135.4,130.2,29980.4
2055-12-31,0.0,-14.28,-25.9,180.9,73.8,30027.0
2056-01-01,0.0,-3.49,-21.35,196.6,111.0,30078.5
2056-01-02,8.38,-1.0,-13.69,131.5,212.5,30134.3
2056-01-03,1.99,-0.98,-10.71,150.1,270.2,30194.7
2056-01-04,5.69,4.14,-13.37,150.7,218.1,30259.6
2056-01-05,0.0,-5.12,-14.06,145.1,206.1,30328.9
2056-01-06,0.0,-6.31,-23.1,203.3,95.1,30402.6
2056-01-07,1.45,-2.74,-15.18,181.1,187.9,30480.7
2056-01-08,2.47,-6.42,-14.03,99.1,206.6,30562.9
2056-01-09,0.0,-0.12,-12.78,186.0,228.8,30649.4
2056-01-10,13.76,-3.21,-14.49,134.4,198.9,30740.0
2056-01-11,0.0,2.52,-10.38,191.7,277.4,30834.6
2056-01-12,0.0,-2.93,-9.73,124.4,292.2,30933.3
2056-01-13,0.0,-11.69,-19.06,136.9,135.4,31035.8
2056-01-14,0.0,-19.06,-23.72,93.1,90.0,31142.2
2056-01-15,0.0,-18.4,-26.99,158.8,66.8,31252.3
2056-01-16,10.19,-12.23,-28.95,172.3,55.7,31366.2
2056-01-17,0.0,-12.1,-20.03,152.9,124.6,31483.6
2056-01-18,0.0,-15.9,-23.11,143.6,95.0,31604.5
2056-01-19,0.0,-13.51,-27.12,220.1,66.0,31728.9
2056-01-20,0.0,-11.73,-28.9,241.5,55.9,31856.7
2056-01-21,6.86,-15.38,-24.92,139.5,80.8,31987.7
2056-01-22,0.0,-17.58,-21.72,92.5,107.5,32121.9
2056-01-23,0.0,-14.37,-25.41,208.6,77.2,32259.3
2056-01-24,3.5,-9.41,-21.52,167.8,109.4,32399.7
2056-01-25,13.33,-4.66,-19.72,188.2,128.0,32543.0
2056-01-26,4.58,-3.6,-14.04,158.1,206.4,32689.2
2056-01-27,0.0,-10.06,-17.5,167.1,154.7,32838.2
2056-01-28,0.0,-11.47,-18.81,167.6,138.4,32989.9
2056-01-29,0.0,-6.02,-17.9,236.8,149.6,33144.3
2056-01-30,0.0,-0.6,-17.71,277.7,151.9,33301.2
2056-01-31,13.74,-2.95,-15.78,192.8,178.7,33460.6
2056-02-01,0.0,-1.98,-10.48,201.5,275.2,33622.3
2056-02-02,0.0,-7.85,-12.79,131.4,228.5,33786.4
2056-02-03,0.0,-9.39,-16.9,196.9,162.7,33952.8
2056-02-04,0.0,-11.09,-25.55,291.8,76.3,34121.3
2056-02-05,0.0,-7.82,-25.33,311.3,77.8,34291.9
2056-02-06,0.0,-11.0,-22.09,265.9,104.1,34464.5
2056-02-07,0.0,-5.16,-22.0,315.0,104.9,34639.0
2056-02-08,0.0,-7.92,-26.8,326.6,68.0,34815.5
2056-02-09,0.0,-1.96,-21.45,330.8,110.1,34993.8
2056-02-10,0.0,-10.94,-27.14,321.5,65.9,35173.8
2056-02-11,8.26,-7.47,-20.46,222.6,120.0,35355.5
2056-02-12,0.0,-10.12,-20.59,263.4,118.7,35538.8
2056-02-13,11.67,-6.04,-22.97,253.1,96.2,35723.7
2056-02-14,30.0,-6.39,-14.81,172.7,193.7,35910.0
2056-02-15,0.0,-4.69,-10.48,171.9,275.1,36097.8
2056-02-16,2.92,-4.3,-15.75,224.3,179.1,36287.0
2056-02-17,0.0,-12.03,-20.88,253.6,115.6,36477.5
2056-02-18,0.0,-8.13,-30.93,393.1,46.1,36669.2
2056-02-19,0.0,-3.67,-23.95,388.7,88.1,36862.2
2056-02-20,0.0,-5.29,-24.19,385.3,86.2,37056.3
2056-02-21,0.0,-8.44,-20.25,311.0,122.2,37251.5
2056-02-22,7.28,-4.69,-27.4,308.5,64.3,37447.8
2056-02-23,5.34,4.86,-18.39,311.2,143.5,37645.0
2056-02-24,0.0,7.74,-6.71,348.2,369.6,37843.2
2056-02-25,0.0,-0.4,-13.31,333.8,219.1,38042.3
2056-02-26,0.0,2.88,-15.75,401.1,179.2,38242.3
2056-02-27,0.0,11.64,-7.55,401.0,346.4,38443.1
2056-02-28,10.54,6.3,-2.32,180.9,514.9,38644.7
2056-02-29,0.0,1.54,-3.07,142.8,487.2,38847.0
2056-03-01,0.0,4.05,-4.5,254.1,437.6,39050.0
2056-03-02,7.91,1.29,-2.42,91.9,511.3,39253.6
2056-03-03,6.83,1.87,-1.23,80.1,558.3,39457.9
2056-03-04,1.87,-0.27,-2.73,92.4,499.5,39662.7
2056-03-05,0.94,-0.06,-3.95,137.2,456.1,39868.1
2056-03-06,0.0,1.05,-4.49,195.8,437.8,40074.0
2056-03-07,0.0,5.75,-8.81,414.2,314.0,40280.3
2056-03-08,0.0,4.73,-9.61,417.3,294.9,40487.1
2056-03-09,2.57,8.13,-6.71,321.9,369.7,40694.3
2056-03-10,0.0,-5.3,-13.62,306.7,213.7,40901.8
2056-03-11,6.5,-2.83,-16.72,330.6,165.3,41109.7
2056-03-12,12.55,-2.15,-11.4,260.8,255.7,41317.8
2056-03-13,0.0,-3.35,-12.03,335.6,243.1,41526.3
2056-03-14,0.0,0.17,-22.03,529.5,104.6,41734.9
2056-03-15,1.51,4.12,-10.64,467.9,271.6,41943.8
2056-03-16,3.01,3.78,-5.19,254.9,415.1,42152.9
2056-03-17,0.0,-5.68,-11.45,240.7,254.8,42362.1
2056-03-18,0.0,-4.08,-18.63,481.4,140.6,42571.4
2056-03-19,0.0,2.73,-19.52,552.6,130.2,42780.8
2056-03-20,0.0,4.8,-13.09,528.0,223.1,42990.3
2056-03-21,0.0,9.62,-7.41,519.8,350.3,43199.8
2056-03-22,0.0,11.29,-6.06,523.7,388.4,43409.3
2056-03-23,0.0,11.6,-3.35,498.6,476.9,43618.7
2056-03-24,0.0,6.59,-2.59,383.0,504.8,43828.1
2056-03-25,0.48,9.18,-6.43,526.8,377.6,44037.5
2056-03-26,0.0,9.3,-1.12,424.0,562.8,44246.7
2056-03-27,0.0,9.65,-3.79,502.3,461.5,44455.7
2056-03-28,7.94,7.88,-1.57,310.4,544.3,44664.6
2056-03-29,2.42,6.25,0.48,208.4,632.6,44873.3
2056-03-30,0.3,4.78,0.21,226.2,620.3,45081.7
2056-03-31,0.0,6.8,-0.29,338.5,597.8,45289.9
2056-04-01,0.0,6.49,-1.21,361.9,559.2,45497.8
2056-04-02,0.17,10.2,-1.92,491.4,530.4,45705.3
2056-04-03,0.4,12.72,-1.24,521.4,557.8,45912.5
2056-04-04,12.37,5.35,-0.22,197.2,601.0,46119.2
2056-04-05,0.0,5.67,0.01,267.6,611.3,46325.6
2056-04-06,0.0,8.07,-3.39,480.3,475.6,46531.4
2056-04-07,0.0,7.1,-5.23,508.5,413.9,46736.8
2056-04-08,9.79,10.15,-3.47,402.0,472.8,46941.7
2056-04-09,10.6,13.03,-0.28,392.7,598.4,47145.9
2056-04-10,0.0,0.2,-3.18,179.2,483.3,47349.6
2056-04-11,1.64,3.41,-7.69,494.6,342.8,47552.6
2056-04-12,4.55,0.38,-6.17,249.6,385.4,47754.9
2056-04-13,0.0,1.69,-6.33,409.4,380.6,47956.4
2056-04-14,1.8,7.78,-8.55,614.5,320.5,48157.2
2056-04-15,20.63,4.19,-2.31,258.3,515.4,48357.2
2056-04-16,0.0,5.54,-1.98,388.9,528.3,48556.4
2056-04-17,0.0,1.64,-7.57,468.4,346.0,48754.6
2056-04-18,0.0,7.86,-8.93,635.7,311.2,48951.8
2056-04-19,1.24,7.97,-4.14,563.4,449.4,49148.1
2056-04-20,0.0,10.39,0.09,515.5,614.5,49343.3
2056-04-21,0.0,9.22,-3.74,592.1,463.3,49537.4
2056-04-22,8.87,3.48,-1.2,216.0,559.4,49730.4
2056-04-23,35.75,2.86,-0.34,155.4,595.9,49922.1
2056-04-24,11.13,2.91,-0.48,169.7,589.7,50112.6
2056-04-25,0.0,5.5,-3.3,510.7,478.8,50301.8
2056-04-26,0.0,10.43,-5.56,658.4,403.7,50489.6
2056-04-27,3.64,3.24,-2.75,288.6,498.9,50675.9
2056-04-28,0.0,7.97,-0.67,503.0,581.4,50860.8
2056-04-29,0.0,15.96,-1.81,663.8,531.0,51044.1
2056-04-30,0.0,8.25,-1.1,516.5,563.4,51225.8
2056-05-01,4.28,9.72,-3.48,462.0,472.3,51405.8
2056-05-02,0.0,8.5,-0.92,517.9,570.9,51584.1
2056-05-03,0.0,12.92,-3.05,655.5,487.8,51760.6
2056-05-04,1.95,21.65,-0.64,681.3,540.4,51935.1
2056-05-05,0.0,16.48,3.45,584.6,781.8,52107.8
2056-05-06,0.0,18.39,1.75,639.9,669.0,52278.4
2056-05-07,4.92,21.87,5.57,465.9,907.4,52446.9
2056-05-08,2.79,16.62,6.82,363.6,988.9,52613.2
2056-05-09,8.68,6.86,2.85,178.7,749.3,52777.3
2056-05-10,7.73,6.36,0.33,259.2,625.6,52939.1
2056-05-11,19.07,5.17,1.78,156.3,694.4,53098.5
2056-05-12,0.0,13.12,1.52,559.1,681.5,53255.4
2056-05-13,6.15,15.46,0.69,463.6,642.2,53409.7
2056-05-14,0.0,18.65,5.32,583.6,891.8,53561.4
2056-05-15,0.0,13.82,4.58,472.8,846.9,53710.5
2056-05-16,0.0,15.16,2.99,558.7,757.1,53856.7
2056-05-17,0.0,17.8,0.92,636.9,623.8,54000.0
2056-05-18,22.92,12.15,3.89,323.9,806.8,54140.4
2056-05-19,0.0,10.56,-0.51,538.3,588.4,54277.8
2056-05-20,0.0,16.97,-1.87,658.5,523.4,54412.0
2056-05-21,0.0,21.15,1.14,657.3,631.0,54543.1
2056-05-22,0.0,20.85,3.49,624.2,758.2,54670.8
2056-05-23,1.36,15.91,7.25,410.2,1018.7,54795.2
2056-05-24,20.31,11.43,4.13,268.6,820.5,54916.2
2056-05-25,6.86,9.38,5.24,161.5,886.8,55033.6
2056-05-26,3.63,14.9,5.0,346.3,871.7,55147.4
2056-05-27,1.26,11.47,5.97,281.3,932.5,55257.6
2056-05-28,0.0,12.26,4.91,365.5,866.7,55364.0
2056-05-29,0.0,15.7,5.8,465.1,921.6,55466.5
2056-05-30,0.0,20.66,3.06,617.0,744.8,55565.2
2056-05-31,0.0,22.45,8.13,555.4,1077.3,55659.8
2056-06-01,0.0,21.24,8.75,512.5,1128.4,55750.4
2056-06-02,13.75,12.79,4.19,309.8,824.1,55836.9
2056-06-03,7.62,16.89,5.76,374.3,919.2,55919.2
2056-06-04,0.0,14.36,1.01,560.9,657.0,55997.2
2056-06-05,0.0,17.01,-0.83,623.6,574.8,56070.9
2056-06-06,0.0,16.04,2.42,562.3,726.7,56140.2
2056-06-07,1.4,15.81,4.5,503.1,842.2,56205.1
2056-06-08,5.93,20.63,1.63,462.6,687.0,56265.6
2056-06-09,0.0,17.01,4.76,507.2,857.7,56321.4
2056-06-10,0.0,12.62,4.83,362.3,861.5,56372.7
2056-06-11,0.0,13.84,3.91,439.9,807.9,56419.4
2056-06-12,0.0,17.44,0.91,584.4,652.2,56461.3
2056-06-13,0.0,21.38,3.15,594.5,742.3,56498.6
2056-06-14,0.0,21.46,5.16,561.9,866.8,56531.2
2056-06-15,0.0,23.09,9.93,490.7,1221.7,56558.9
2056-06-16,0.0,28.05,12.99,512.4,1452.3,56581.9
2056-06-17,0.0,25.86,13.38,456.1,1535.0,56600.1
2056-06-18,0.0,20.02,6.17,504.3,946.0,56613.4
2056-06-19,0.0,23.31,4.18,578.1,791.4,56621.9
2056-06-20,0.0,24.61,9.6,463.6,1194.9,56625.6
2056-06-21,13.59,20.76,9.21,304.4,1163.6,56624.3
2056-06-22,2.68,25.92,13.82,300.6,1579.3,56618.3
2056-06-23,0.0,21.74,11.23,371.7,1332.0,56607.4
2056-06-24,0.0,24.47,6.85,495.6,991.0,56591.7
2056-06-25,25.94,21.65,11.41,266.2,1348.0,56571.1
2056-06-26,0.0,27.5,14.85,394.0,1687.6,56545.8
2056-06-27,6.48,25.57,15.0,259.4,1704.9,56515.6
2056-06-28,0.0,22.73,10.37,399.2,1257.9,56480.7
2056-06-29,9.55,22.48,10.94,287.2,1306.8,56441.1
2056-06-30,4.57,17.8,11.26,183.4,1334.9,56396.8
2056-07-01,0.0,23.6,11.0,410.0,1312.4,56347.9
2056-07-02,2.17,26.13,13.05,307.0,1502.0,56294.3
2056-07-03,8.18,23.48,13.8,248.4,1577.5,56236.2
2056-07-04,14.1,24.76,11.92,306.9,1394.8,56173.5
2056-07-05,10.0,14.66,9.64,148.6,1198.3,56106.4
2056-07-06,0.0,21.05,9.36,402.0,1175.4,56034.9
2056-07-07,7.64,16.03,8.96,206.0,1144.6,55959.1
2056-07-08,7.76,16.39,10.18,187.4,1241.9,55878.9
2056-07-09,4.73,23.64,8.28,355.9,1092.8,55794.5
2056-07-10,7.41,16.15,11.72,136.2,1375.7,55706.0
2056-07-11,1.67,15.84,11.0,199.8,1312.4,55613.4
2056-07-12,0.0,24.32,8.22,486.6,1088.7,55516.8
2056-07-13,0.0,26.39,11.28,466.4,1337.0,55416.2
2056-07-14,0.0,27.1,11.99,464.0,1400.9,55311.7
2056-07-15,0.0,25.24,12.17,433.6,1417.6,55203.4
2056-07-16,1.41,24.4,10.74,448.1,1289.3,55091.5
2056-07-17,0.82,19.13,11.98,287.1,1400.2,54975.8
2056-07-18,19.86,19.39,13.51,182.3,1547.8,54856.7
2056-07-19,0.0,17.84,11.12,286.8,1322.8,54734.0
2056-07-20,0.0,20.91,5.84,492.0,924.7,54607.9
2056-07-21,5.8,22.47,6.42,372.9,961.9,54478.5
2056-07-22,30.55,20.95,10.93,289.4,1306.3,54345.9
2056-07-23,3.69,20.11,12.0,247.6,1401.6,54210.1
2056-07-24,0.0,25.51,9.08,492.7,1153.5,54071.2
2056-07-25,0.0,27.06,11.48,474.1,1354.2,53929.4
2056-07-26,0.0,27.27,12.69,456.9,1467.1,53784.6
2056-07-27,0.0,25.61,12.68,432.2,1466.2,53637.0
2056-07-28,0.0,23.68,12.1,409.8,1410.7,53486.6
2056-07-29,0.0,25.45,12.31,434.7,1431.2,53333.6
2056-07-30,0.0,23.08,13.44,356.5,1540.9,53177.9
2056-07-31,0.0,25.85,11.08,456.5,1319.0,53019.8
2056-08-01,0.0,26.25,11.35,455.0,1343.2,52859.2
2056-08-02,3.59,21.12,13.21,228.3,1517.2,52696.3
2056-08-03,4.76,25.5,15.7,262.6,1783.0,52531.0
2056-08-04,0.0,20.93,13.55,285.8,1551.6,52363.6
2056-08-05,0.0,23.42,9.72,440.6,1204.2,52194.1
2056-08-06,0.0,25.76,8.41,478.1,1102.6,52022.5
2056-08-07,1.28,18.46,11.97,250.1,1398.9,51848.9
2056-08-08,11.29,23.86,14.04,259.0,1601.7,51673.3
2056-08-09,15.57,18.79,12.71,176.2,1469.0,51496.0
2056-08-10,0.0,18.1,12.8,206.6,1477.7,51316.8
2056-08-11,0.0,24.08,9.94,435.4,1222.7,51136.0
2056-08-12,0.0,25.0,8.78,460.0,1130.9,50953.4
2056-08-13,0.0,24.98,8.66,459.2,1121.6,50769.4
2056-08-14,0.0,23.22,9.9,418.1,1218.8,50583.7
2056-08-15,3.65,22.56,12.83,254.7,1480.0,50396.6
2056-08-16,15.96,21.73,13.98,210.7,1595.7,50208.2
2056-08-17,6.36,17.33,11.99,154.4,1401.0,50018.3
2056-08-18,0.0,20.32,8.83,382.2,1134.3,49827.2
2056-08-19,0.19,21.09,8.63,400.5,1118.9,49634.9
2056-08-20,9.92,17.48,9.06,233.2,1152.4,49441.3
2056-08-21,0.0,19.6,8.25,381.3,1090.5,49246.7
2056-08-22,0.0,22.28,5.73,452.2,917.5,49050.9
2056-08-23,17.56,21.91,8.26,309.8,1091.0,48854.2
2056-08-24,8.27,19.76,11.46,222.6,1353.0,48656.4
2056-08-25,0.0,22.68,10.71,381.4,1286.9,48457.8
2056-08-26,1.76,26.45,12.5,402.5,1448.6,48258.2
2056-08-27,0.0,20.06,10.43,331.4,1263.1,48057.8
2056-08-28,0.0,20.37,4.63,438.4,850.0,47856.6
2056-08-29,0.0,23.83,4.58,456.9,846.8,47654.7
2056-08-30,5.12,23.87,8.18,315.4,1085.5,47452.0
2056-08-31,0.0,22.98,8.66,402.6,1121.2,47248.7
2056-09-01,0.0,23.27,9.3,391.4,1170.6,47044.8
2056-09-02,0.0,17.39,5.56,363.8,906.5,46840.2
2056-09-03,0.0,18.53,4.83,389.2,861.7,46635.1
2056-09-04,0.0,16.13,5.42,335.8,898.0,46429.5
2056-09-05,0.0,12.75,1.48,354.7,679.8,46223.4
2056-09-06,0.0,16.44,0.15,418.9,617.3,46016.8
2056-09-07,0.0,20.98,3.08,421.0,762.1,45809.8
2056-09-08,0.0,22.08,7.95,367.9,1068.5,45602.5
2056-09-09,0.0,19.66,7.5,333.5,1036.2,45394.8
2056-09-10,0.0,21.29,4.04,399.6,815.3,45186.7
2056-09-11,0.0,21.84,6.56,373.0,971.4,44978.4
2056-09-12,1.83,20.54,10.82,275.2,1296.4,44769.9
2056-09-13,4.41,17.93,10.63,164.6,1279.9,44561.1
2056-09-14,0.0,16.91,6.57,294.5,972.4,44352.1
2056-09-15,7.74,15.98,8.96,158.4,1144.6,44143.0
2056-09-16,0.0,14.54,8.11,194.5,1080.0,43933.7
2056-09-17,1.39,11.88,6.33,172.8,956.3,43724.4
2056-09-18,0.0,16.0,5.21,299.6,885.0,43514.9
2056-09-19,0.0,24.52,7.29,368.6,1021.4,43305.4
2056-09-20,0.0,23.6,11.32,302.4,1339.8,43095.9
2056-09-21,4.67,20.56,11.59,182.6,1364.7,42886.4
2056-09-22,0.0,13.61,5.61,231.6,909.8,42677.0
2056-09-23,14.73,12.4,4.56,170.9,845.3,42467.6
2056-09-24,7.03,12.88,4.39,181.9,835.4,42258.4
2056-09-25,0.0,12.01,0.75,300.0,645.0,42049.2
2056-09-26,0.0,13.15,-2.22,350.3,518.8,41840.3
2056-09-27,0.0,16.4,-0.55,357.0,586.8,41631.5
2056-09-28,0.0,7.41,-1.98,261.5,528.2,41422.9
2056-09-29,0.0,10.45,-5.08,347.3,418.7,41214.6
2056-09-30,0.0,18.99,-0.59,360.9,585.2,41006.6
2056-10-01,0.0,21.25,5.49,325.6,902.4,40798.9
2056-10-02,0.0,19.63,4.86,314.0,863.7,40591.5
2056-10-03,0.0,19.38,5.11,305.2,878.7,40384.6
2056-10-04,0.0,15.94,1.01,312.7,657.1,40178.0
2056-10-05,0.0,10.15,-0.19,251.9,602.4,39971.9
2056-10-06,6.23,6.99,0.39,132.8,628.2,39766.2
2056-10-07,5.63,6.41,2.04,92.7,707.6,39561.1
2056-10-08,6.07,4.99,0.17,103.3,618.3,39356.6
2056-10-09,7.46,4.23,-1.24,117.3,557.6,39152.6
2056-10-10,10.38,2.01,-1.0,70.1,567.8,38949.3
2056-10-11,8.54,5.42,-0.1,122.0,606.2,38746.6
2056-10-12,0.0,14.81,-0.91,309.0,571.4,38544.7
2056-10-13,0.0,14.6,0.22,293.4,620.6,38343.5
2056-10-14,8.08,13.22,1.0,202.2,656.6,38143.1
2056-10-15,0.0,7.64,-0.44,205.0,591.4,37943.5
2056-10-16,0.0,6.0,-6.14,265.6,386.2,37744.9
2056-10-17,0.0,6.59,-5.98,264.1,390.9,37547.1
2056-10-18,10.35,7.73,-4.02,187.8,453.5,37350.4
2056-10-19,1.48,8.4,1.97,159.1,703.9,37154.6
2056-10-20,0.0,13.52,1.62,244.1,686.6,36959.9
2056-10-21,2.35,14.69,2.06,185.2,708.6,36766.4
2056-10-22,0.0,6.91,-0.76,177.8,577.8,36574.0
2056-10-23,0.0,10.56,-4.7,264.0,431.0,36382.9
2056-10-24,0.0,12.29,-0.31,235.5,597.1,36193.1
2056-10-25,0.0,14.13,0.12,242.9,616.1,36004.6
2056-10-26,0.0,17.79,0.32,257.6,624.9,35817.5
2056-10-27,0.0,19.54,2.02,252.4,706.6,35631.9
2056-10-28,9.11,5.26,-1.54,108.4,545.6,35447.8
2056-10-29,10.78,0.39,-3.51,67.2,471.3,35265.2
2056-10-30,0.0,4.82,-2.04,150.0,525.8,35084.4
2056-10-31,0.0,4.57,0.54,94.1,635.0,34905.2
2056-11-01,0.0,6.64,-0.94,164.2,570.1,34727.8
2056-11-02,0.0,12.23,-0.43,220.2,591.7,34552.3
2056-11-03,0.0,12.13,-2.04,227.8,525.7,34378.7
2056-11-04,0.0,7.61,-1.58,182.2,544.0,34207.0
2056-11-05,4.74,5.35,-0.36,93.4,594.8,34037.5
2056-11-06,3.6,4.88,0.48,72.6,632.3,33870.0
2056-11-07,0.0,7.07,2.43,99.3,727.4,33704.8
2056-11-08,0.0,7.88,3.93,84.0,809.2,33541.9
2056-11-09,0.0,9.33,3.03,125.0,759.3,33381.3
2056-11-10,0.0,6.76,0.94,116.5,653.9,33223.1
2056-11-11,0.0,8.16,2.23,118.9,717.3,33067.5
2056-11-12,0.0,5.72,2.39,72.4,725.2,32914.4
2056-11-13,3.23,4.9,1.47,56.5,679.1,32764.0
2056-11-14,11.69,6.54,2.32,67.8,721.9,32616.4
2056-11-15,20.85,5.25,2.0,54.4,705.2,32471.6
2056-11-16,0.0,2.99,-0.46,78.3,590.5,32329.7
2056-11-17,0.0,4.4,-1.94,133.1,529.8,32190.8
2056-11-18,0.0,-0.63,-4.53,88.6,436.4,32055.0
2056-11-19,0.0,-0.22,-5.38,114.1,409.2,31922.3
2056-11-20,1.09,2.74,-5.0,153.2,421.4,31792.9
2056-11-21,1.46,-0.07,-4.69,103.4,431.2,31666.8
2056-11-22,0.0,0.18,-5.2,119.6,414.8,31544.1
2056-11-23,0.0,-3.47,-8.45,114.4,323.1,31424.9
2056-11-24,0.0,-6.16,-11.65,125.8,250.7,31309.3
2056-11-25,0.0,-3.94,-16.02,186.3,175.2,31197.3
2056-11-26,4.57,0.59,-10.33,150.2,278.4,31089.0
2056-11-27,5.82,1.53,-4.49,110.4,438.0,30984.5
2056-11-28,1.7,0.99,-0.45,43.2,590.9,30883.9
2056-11-29,1.97,1.71,-0.21,48.9,601.6,30787.2
2056-11-30,0.0,0.38,-2.25,65.2,517.6,30694.6
2056-12-01,0.0,-3.42,-6.82,83.7,366.6,30606.0
2056-12-02,0.0,-5.44,-8.59,80.1,319.4,30521.6
2056-12-03,0.0,-3.43,-13.61,169.3,213.8,30441.4
2056-12-04,0.0,-0.57,-10.29,165.2,279.4,30365.6
2056-12-05,0.0,0.17,-10.65,167.4,271.5,30294.0
2056-12-06,0.0,-5.33,-13.21,150.3,220.9,30226.9
2056-12-07,2.22,-8.56,-19.3,139.1,132.6,30164.2
2056-12-08,0.0,-14.85,-24.4,177.4,84.6,30106.1
2056-12-09,0.0,-16.5,-25.84,174.2,74.3,30052.5
2056-12-10,0.0,-7.81,-24.68,190.2,82.5,30003.5
2056-12-11,8.96,-1.06,-16.33,141.2,170.7,29959.2
2056-12-12,13.39,-0.01,-10.29,128.9,279.4,29919.5
2056-12-13,0.0,-10.46,-22.09,179.4,104.0,29884.6
2056-12-14,17.81,-7.93,-19.55,135.3,129.8,29854.4
2056-12-15,0.0,-6.86,-14.67,147.6,195.9,29829.0
2056-12-16,0.0,-2.49,-16.76,185.0,164.7,29808.5
2056-12-17,32.08,10.25,-10.23,145.0,280.7,29792.7
2056-12-18,0.0,1.74,-7.0,148.9,361.6,29781.8
2056-12-19,5.77,-4.13,-13.43,117.7,216.9,29775.7
2056-12-20,11.36,-7.49,-11.0,54.5,264.1,29774.4
2056-12-21,0.0,-8.21,-14.86,126.6,192.9,29778.1
2056-12-22,0.0,-7.83,-18.59,170.1,141.0,29786.5
2056-12-23,0.0,-9.92,-19.24,157.2,133.4,29799.8
2056-12-24,0.0,-12.62,-22.43,161.9,101.0,29818.0
2056-12-25,0.0,-14.16,-21.11,130.3,113.4,29840.9
2056-12-26,0.0,-13.47,-19.87,123.8,126.3,29868.6
2056-12-27,0.0,-10.24,-16.95,128.0,162.1,29901.2
2056-12-28,0.0,-3.8,-11.66,140.6,250.5,29938.4
2056-12-29,0.0,-2.41,-8.24,110.0,328.2,29980.4
2056-12-30,9.93,-2.07,-8.46,89.6,322.7,30027.0
2056-12-31,4.97,-1.82,-7.09,75.7,360.8,30052.7
2057-01-01,0.0,-1.56,-5.72,61.8,398.8,30078.5
2057-01-02,0.0,-7.24,-10.88,56.2,266.7,30134.3
2057-01-03,0.0,-9.64,-19.3,133.8,132.7,30194.7
2057-01-04,0.0,-6.64,-17.8,148.6,150.8,30259.6
2057-01-05,1.34,-10.65,-20.46,137.7,120.0,30328.9
2057-01-06,1.33,-5.41,-17.72,160.4,151.9,30402.6
2057-01-07,0.0,-4.71,-11.75,105.6,248.7,30480.7
2057-01-08,0.0,-6.91,-17.87,152.2,149.9,30562.9
2057-01-09,0.0,-9.05,-15.6,101.8,181.5,30649.4
2057-01-10,0.0,-10.29,-17.95,118.0,148.9,30740.0
2057-01-11,0.73,-9.13,-21.12,166.1,113.3,30834.6
2057-01-12,0.0,-10.03,-18.4,129.3,143.3,30933.3
2057-01-13,0.0,-5.83,-23.78,203.4,89.5,31035.8
2057-01-14,0.0,-5.19,-18.95,184.5,136.7,31142.2
2057-01-15,1.18,-10.17,-22.89,179.6,96.9,31252.3
2057-01-16,2.53,-6.0,-18.05,131.8,147.7,31366.2
2057-01-17,0.0,-7.82,-15.02,120.5,190.3,31483.6
2057-01-18,0.0,-11.5,-27.08,205.7,66.2,31604.5
2057-01-19,1.05,-4.83,-20.69,208.4,117.6,31728.9
2057-01-20,0.0,-10.01,-23.08,193.4,95.3,31856.7
2057-01-21,0.0,-10.18,-25.92,214.2,73.8,31987.7
2057-01-22,0.0,-9.88,-26.74,222.6,68.4,32121.9
2057-01-23,0.0,-2.04,-23.95,239.5,88.1,32259.3
2057-01-24,0.0,-0.94,-15.29,211.9,186.2,32399.7
2057-01-25,0.0,-6.53,-17.61,186.0,153.2,32543.0
2057-01-26,0.0,-3.49,-19.85,230.6,126.5,32689.2
2057-01-27,0.0,-4.5,-19.68,227.0,128.4,32838.2
2057-01-28,0.0,-6.03,-18.09,204.0,147.1,32989.9
2057-01-29,0.0,-5.33,-25.8,256.4,74.6,33144.3
2057-01-30,2.63,-1.43,-19.61,189.7,129.1,33301.2
2057-01-31,1.91,-8.74,-12.77,85.4,229.0,33460.6
2057-02-01,1.49,-7.72,-13.85,126.2,209.6,33622.3
2057-02-02,1.56,-5.04,-16.85,215.0,163.4,33786.4
2057-02-03,0.0,-4.63,-13.91,184.0,208.7,33952.8
2057-02-04,0.0,-8.21,-21.47,236.9,109.8,34121.3
2057-02-05,13.23,-4.84,-21.56,201.6,109.0,34291.9
2057-02-06,10.26,-5.21,-14.58,145.2,197.4,34464.5
2057-02-07,0.0,-4.21,-8.55,100.1,320.6,34639.0
2057-02-08,0.0,-4.04,-13.26,196.6,219.9,34815.5
2057-02-09,18.45,0.86,-20.69,231.2,117.6,34993.8
2057-02-10,4.78,4.63,-17.58,234.9,153.6,35173.8
2057-02-11,0.0,-15.12,-20.96,136.1,114.8,35355.5
2057-02-12,0.0,-9.42,-25.2,290.6,78.7,35538.8
2057-02-13,0.0,-5.01,-19.46,280.5,130.8,35723.7
2057-02-14,6.44,-5.68,-18.62,201.7,140.7,35910.0
2057-02-15,0.0,-5.06,-14.71,221.6,195.3,36097.8
2057-02-16,0.0,-2.47,-23.28,335.3,93.6,36287.0
2057-02-17,0.0,-5.0,-20.89,307.7,115.6,36477.5
2057-02-18,0.0,-9.59,-26.18,318.9,72.0,36669.2
2057-02-19,0.0,-3.35,-20.79,327.2,116.6,36862.2
2057-02-20,4.93,2.86,-8.23,190.8,328.6,37056.3
2057-02-21,0.0,-3.39,-14.14,257.0,204.8,37251.5
2057-02-22,0.0,-15.2,-27.37,291.3,64.5,37447.8
2057-02-23,1.86,-7.77,-25.2,352.8,78.7,37645.0
2057-02-24,0.0,-11.22,-18.51,200.2,142.0,37843.2
2057-02-25,8.4,-5.13,-24.16,281.6,86.5,38042.3
2057-02-26,6.22,-0.12,-17.11,273.1,159.9,38242.3
2057-02-27,0.0,-6.42,-17.12,283.9,159.8,38443.1
2057-02-28,0.0,-13.71,-22.98,264.4,96.1,38644.7
2057-03-01,0.0,-15.46,-27.92,332.7,61.3,38847.0
2057-03-02,0.0,-12.79,-33.62,410.9,35.5,39050.0
2057-03-03,0.0,-9.48,-32.52,421.0,39.5,39253.6
2057-03-04,0.0,-3.45,-28.63,429.5,57.4,39457.9
2057-03-05,0.0,0.03,-18.19,392.8,146.0,39662.7
2057-03-06,0.0,-0.41,-7.88,212.8,337.6,39868.1
2057-03-07,0.0,1.46,-7.55,256.3,346.4,40074.0
2057-03-08,0.0,4.83,-16.44,428.1,169.2,40280.3
2057-03-09,0.0,1.5,-13.46,367.6,216.5,40487.1
2057-03-10,0.0,1.68,-10.85,329.4,267.2,40694.3
2057-03-11,0.0,1.46,-8.06,273.2,333.1,40901.8
2057-03-12,0.0,-3.92,-14.21,303.2,203.6,41109.7
2057-03-13,16.75,-3.86,-14.56,237.8,197.8,41317.8
2057-03-14,5.3,-1.49,-9.14,183.4,305.9,41526.3
2057-03-15,0.0,-0.27,-5.9,189.3,393.3,41734.9
2057-03-16,0.0,-0.27,-9.15,290.1,305.8,41943.8
2057-03-17,0.0,2.33,-8.13,332.2,331.2,42152.9
2057-03-18,0.0,1.78,-6.78,291.6,367.8,42362.1
2057-03-19,0.0,5.15,-3.4,295.4,475.2,42571.4
2057-03-20,0.0,8.52,-7.36,450.3,351.6,42780.8
2057-03-21,0.0,10.49,-9.27,491.5,291.2,42990.3
2057-03-22,3.58,4.31,-4.94,243.7,423.0,43199.8
2057-03-23,9.08,-0.16,-2.95,87.9,491.5,43409.3
2057-03-24,4.36,0.49,-3.33,116.8,477.8,43618.7
2057-03-25,0.0,-3.8,-9.38,230.4,300.3,43828.1
2057-03-26,0.0,-1.33,-15.08,459.4,189.5,44037.5
2057-03-27,8.91,-1.94,-13.58,321.2,214.4,44246.7
2057-03-28,2.7,0.07,-7.15,228.6,357.4,44455.7
2057-03-29,0.0,3.97,-13.94,529.2,208.2,44664.6
2057-03-30,0.0,5.08,-12.54,526.5,233.2,44873.3
2057-03-31,9.43,0.25,-6.05,204.0,388.8,45081.7
2057-04-01,2.41,0.96,-5.53,217.7,404.6,45289.9
2057-04-02,2.37,0.3,-5.36,202.2,409.9,45497.8
2057-04-03,0.0,3.37,-3.67,340.1,465.8,45705.3
2057-04-04,0.0,9.45,-7.97,563.9,322.2,45912.5
2057-04-05,0.0,6.45,-6.64,514.3,371.8,46119.2
2057-04-06,0.0,3.23,-8.09,482.3,332.1,46325.6
2057-04-07,0.0,6.68,-10.66,575.9,264.7,46531.4
2057-04-08,4.65,3.49,-7.55,366.4,346.3,46736.8
2057-04-09,0.0,3.65,-3.74,373.7,463.4,46941.7
2057-04-10,0.0,5.98,-1.3,370.2,555.4,47145.9
2057-04-11,0.0,8.36,-5.38,549.5,394.8,47349.6
2057-04-12,11.73,7.8,-6.82,426.2,366.7,47552.6
2057-04-13,5.79,4.51,-1.87,251.3,532.5,47754.9
2057-04-14,0.0,0.84,-3.36,233.8,476.6,47956.4
2057-04-15,0.0,2.42,-2.51,273.5,507.7,48157.2
2057-04-16,0.0,5.69,-0.87,354.0,573.2,48357.2
2057-04-17,0.0,5.54,-3.03,440.9,488.4,48556.4
2057-04-18,0.0,3.71,-6.92,511.0,363.7,48754.6
2057-04-19,0.0,5.5,-5.65,528.9,400.8,48951.8
2057-04-20,0.0,10.58,-5.5,611.5,372.9,49148.1
2057-04-21,0.0,15.61,-1.59,614.3,469.6,49343.3
2057-04-22,1.06,12.66,1.4,516.3,638.9,49537.4
2057-04-23,0.0,11.33,-0.44,527.0,564.1,49730.4
2057-04-24,3.46,21.64,2.61,456.7,686.2,49922.1
2057-04-25,0.0,9.12,-0.8,470.3,576.1,50112.6
2057-04-26,0.0,14.44,-5.17,631.2,363.4,50301.8
2057-04-27,0.0,13.37,-1.19,571.5,510.0,50489.6
2057-04-28,0.0,7.06,-2.38,455.0,512.6,50675.9
2057-04-29,0.0,8.25,-3.89,540.2,447.8,50860.8
2057-04-30,0.0,15.8,-0.26,598.1,519.9,51044.1
2057-05-01,0.0,22.62,1.27,633.5,523.9,51225.8
2057-05-02,0.0,27.07,4.74,627.5,640.0,51405.8
2057-05-03,0.0,28.79,7.21,613.7,751.7,51584.1
2057-05-04,0.0,16.98,8.77,358.3,1130.1,51760.6
2057-05-05,0.0,11.56,4.44,329.3,838.4,51935.1
2057-05-06,0.0,16.82,-3.54,627.2,384.9,52107.8
2057-05-07,0.0,21.94,-0.87,638.0,415.1,52278.4
2057-05-08,0.0,26.67,1.81,640.8,451.6,52446.9
2057-05-09,0.0,25.9,3.91,619.3,539.0,52613.2
2057-05-10,0.0,25.08,5.86,586.2,644.0,52777.3
2057-05-11,0.0,26.48,4.69,611.6,507.3,52939.1
2057-05-12,8.09,24.36,7.42,407.3,807.2,53098.5
2057-05-13,0.0,12.41,4.46,316.7,828.2,53255.4
2057-05-14,6.18,10.86,-0.27,315.8,599.0,53409.7
2057-05-15,2.97,12.3,2.72,274.6,742.7,53561.4
2057-05-16,0.0,11.65,5.96,226.7,932.0,53710.5
2057-05-17,0.0,15.42,5.0,389.3,779.6,53856.7
2057-05-18,0.0,18.7,1.53,547.0,495.0,54000.0
2057-05-19,1.52,16.26,5.28,400.7,776.9,54140.4
2057-05-20,0.0,23.42,3.92,572.3,539.6,54277.8
2057-05-21,0.0,22.78,6.45,520.5,688.6,54412.0
2057-05-22,0.0,25.9,5.58,573.7,568.2,54543.1
2057-05-23,0.0,24.72,5.01,562.9,561.0,54670.8
2057-05-24,0.0,22.09,7.29,479.3,751.1,54795.2
2057-05-25,0.0,25.48,2.81,590.4,452.7,54916.2
2057-05-26,0.0,27.24,5.58,575.2,548.1,55033.6
2057-05-27,0.0,25.22,7.26,524.9,637.1,55147.4
2057-05-28,10.09,21.55,10.62,268.7,1172.3,55257.6
2057-05-29,10.89,18.43,10.25,208.6,1247.9,55364.0
2057-05-30,4.02,12.87,7.12,141.2,1009.4,55466.5
2057-05-31,7.76,12.42,5.58,170.7,908.2,55565.2
2057-06-01,0.0,19.96,2.04,484.1,567.6,55659.8
2057-06-02,11.63,12.27,7.35,130.4,1025.7,55750.4
2057-06-03,23.8,13.11,7.43,149.2,1031.7,55836.9
2057-06-04,7.28,13.53,9.77,103.1,1208.2,55919.2
2057-06-05,6.19,15.1,9.33,155.2,1173.3,55997.2
2057-06-06,3.25,17.19,9.32,211.7,1172.6,56070.9
2057-06-07,0.0,20.23,6.96,432.9,956.1,56140.2
2057-06-08,0.0,19.31,5.73,446.6,874.2,56205.1
2057-06-09,3.91,19.95,6.13,338.4,943.1,56265.6
2057-06-10,0.0,19.51,6.9,434.6,960.3,56321.4
2057-06-11,8.02,25.53,2.95,405.9,729.3,56372.7
2057-06-12,0.0,21.31,6.96,460.3,917.4,56419.4
2057-06-13,0.0,25.0,10.63,450.2,1142.1,56461.3
2057-06-14,0.0,26.34,8.89,493.1,969.2,56498.6
2057-06-15,0.0,31.63,12.73,491.3,1212.5,56531.2
2057-06-16,9.6,30.02,16.93,290.4,1927.6,56558.9
2057-06-17,12.47,21.9,16.4,146.9,1864.8,56581.9
2057-06-18,0.0,22.26,12.35,340.4,1434.8,56600.1
2057-06-19,0.72,24.56,7.89,484.6,970.6,56613.4
2057-06-20,0.0,22.93,11.32,389.8,1328.7,56621.9
2057-06-21,0.0,21.78,6.45,475.3,896.8,56625.6
2057-06-22,0.0,18.49,7.24,400.7,1007.1,56624.3
2057-06-23,17.23,25.03,11.81,321.4,1384.6,56618.3
2057-06-24,0.0,23.56,15.06,316.1,1711.5,56607.4
2057-06-25,0.0,27.58,13.01,462.3,1364.8,56591.7
2057-06-26,0.0,29.91,12.14,501.9,1207.6,56571.1
2057-06-27,0.0,30.31,15.9,448.7,1602.2,56545.8
2057-06-28,0.0,21.72,10.07,414.0,1184.3,56515.6
2057-06-29,5.26,19.75,4.62,360.8,848.9,56480.7
2057-06-30,12.62,25.12,9.81,348.8,1207.1,56441.1
2057-07-01,9.44,24.41,14.22,268.3,1621.0,56396.8
2057-07-02,0.0,16.83,7.03,363.5,1003.3,56347.9
2057-07-03,0.0,22.01,6.72,472.3,925.2,56294.3
2057-07-04,2.37,22.91,10.76,299.2,1291.2,56236.2
2057-07-05,6.35,24.39,12.48,288.6,1446.4,56173.5
2057-07-06,0.0,19.16,9.71,330.8,1204.0,56106.4
2057-07-07,1.33,22.79,9.19,427.0,1144.9,56034.9
2057-07-08,1.86,22.05,13.76,290.2,1572.6,55959.1
2057-07-09,11.53,24.35,14.58,248.3,1659.3,55878.9
2057-07-10,6.7,20.04,13.43,182.5,1539.8,55794.5
2057-07-11,10.67,21.55,13.04,234.2,1500.7,55706.0
2057-07-12,8.33,19.76,12.36,212.5,1435.8,55613.4
2057-07-13,2.3,20.02,13.01,204.8,1498.2,55516.8
2057-07-14,2.73,21.95,12.99,254.8,1495.8,55416.2
2057-07-15,6.7,21.91,12.38,272.4,1437.6,55311.7
2057-07-16,10.66,20.08,14.02,188.8,1599.6,55203.4
2057-07-17,12.92,19.4,13.73,177.7,1570.4,55091.5
2057-07-18,4.5,24.5,11.62,329.4,1367.3,54975.8
2057-07-19,0.0,27.25,9.75,498.1,1206.3,54856.7
2057-07-20,0.0,29.21,10.95,496.4,1298.7,54734.0
2057-07-21,0.0,28.89,12.5,475.0,1448.5,54607.9
2057-07-22,11.61,24.67,16.85,222.0,1918.8,54478.5
2057-07-23,0.0,30.06,16.48,425.6,1873.4,54345.9
2057-07-24,7.91,28.19,18.47,255.6,2125.1,54210.1
2057-07-25,0.0,23.26,13.7,357.1,1566.6,54071.2
2057-07-26,0.0,17.15,6.9,397.7,994.3,53929.4
2057-07-27,0.0,19.03,6.21,452.8,948.5,53784.6
2057-07-28,2.23,20.46,7.35,339.3,1025.9,53637.0
2057-07-29,0.0,24.82,8.33,488.6,1096.7,53486.6
2057-07-30,0.0,27.08,8.82,497.7,1133.8,53333.6
2057-07-31,0.0,27.76,10.27,484.5,1249.6,53177.9
2057-08-01,0.0,29.58,10.13,492.9,1238.5,53019.8
2057-08-02,0.0,31.03,13.44,467.0,1540.2,52859.2
2057-08-03,0.0,25.89,16.0,342.3,1817.0,52696.3
2057-08-04,0.0,25.96,10.28,458.5,1250.2,52531.0
2057-08-05,0.0,29.82,9.88,487.7,1217.7,52363.6
2057-08-06,0.0,32.35,15.29,444.7,1736.2,52194.1
2057-08-07,0.0,29.15,17.87,350.0,2046.0,52022.5
2057-08-08,0.0,27.53,10.88,451.7,1301.3,51848.9
2057-08-09,0.0,31.82,13.25,453.9,1521.3,51673.3
2057-08-10,0.0,29.18,16.12,373.9,1831.8,51496.0
2057-08-11,0.0,23.36,9.95,396.0,1223.0,51316.8
2057-08-12,3.44,27.77,7.35,355.8,1025.5,51136.0
2057-08-13,6.3,28.11,10.95,323.5,1307.9,50953.4
2057-08-14,0.0,22.86,7.83,409.7,1059.8,50769.4
2057-08-15,0.0,26.35,6.51,459.3,968.5,50583.7
2057-08-16,0.0,28.35,8.99,442.2,1147.1,50396.6
2057-08-17,0.0,20.83,13.22,225.0,1518.3,50208.2
2057-08-18,7.77,25.37,14.9,219.6,1693.9,50018.3
2057-08-19,0.0,23.72,12.97,306.8,1493.8,49827.2
2057-08-20,8.19,19.22,11.12,186.6,1322.9,49634.9
2057-08-21,5.28,19.08,13.24,136.7,1520.3,49441.3
2057-08-22,1.65,23.72,14.67,266.6,1668.5,49246.7
2057-08-23,1.57,26.37,12.98,357.2,1494.9,49050.9
2057-08-24,0.0,17.19,7.62,290.0,1045.1,48854.2
2057-08-25,0.0,21.99,3.34,440.4,775.8,48656.4
2057-08-26,9.8,25.69,5.27,334.2,888.3,48457.8
2057-08-27,4.31,18.75,11.33,164.9,1340.8,48258.2
2057-08-28,5.8,24.24,12.18,243.6,1418.6,48057.8
2057-08-29,0.0,18.42,10.02,251.4,1229.2,47856.6
2057-08-30,0.0,21.43,4.03,420.6,814.9,47654.7
2057-08-31,41.62,25.89,7.89,311.7,1064.0,47452.0
2057-09-01,8.59,17.01,9.44,173.9,1181.9,47248.7
2057-09-02,0.0,17.46,4.1,364.5,819.0,47044.8
2057-09-03,0.0,22.0,5.07,406.7,876.1,46840.2
2057-09-04,7.13,18.67,9.93,194.9,1221.2,46635.1
2057-09-05,0.0,15.52,6.02,287.2,936.0,46429.5
2057-09-06,0.0,20.67,2.21,422.0,716.0,46223.4
2057-09-07,0.0,26.53,8.38,402.9,1100.3,46016.8
2057-09-08,0.0,29.32,11.95,384.0,1397.3,45809.8
2057-09-09,0.0,30.37,17.59,309.2,2010.0,45602.5
2057-09-10,4.74,29.1,15.78,240.9,1791.7,45394.8
2057-09-11,0.0,18.71,11.9,202.7,1392.2,45186.7
2057-09-12,0.0,17.39,4.93,339.0,867.8,44978.4
2057-09-13,0.0,19.66,6.17,350.4,945.5,44769.9
2057-09-14,0.0,14.54,2.16,341.4,713.7,44561.1
2057-09-15,0.0,14.93,0.86,367.6,650.1,44352.1
2057-09-16,0.91,19.61,4.43,368.5,838.1,44143.0
2057-09-17,0.0,22.87,6.32,372.7,955.5,43933.7
2057-09-18,0.0,17.32,6.15,299.3,944.7,43724.4
2057-09-19,0.0,17.27,-0.07,380.8,607.7,43514.9
2057-09-20,1.94,16.62,3.22,326.9,769.5,43305.4
2057-09-21,8.36,16.72,9.2,152.8,1162.9,43095.9
2057-09-22,8.81,20.24,12.95,144.7,1492.5,42886.4
2057-09-23,0.0,20.83,11.85,230.4,1388.1,42677.0
2057-09-24,0.0,22.48,9.25,308.0,1167.2,42467.6
2057-09-25,35.86,17.75,11.39,132.3,1346.0,42258.4
2057-09-26,10.37,21.92,12.28,183.0,1428.2,42049.2
2057-09-27,6.76,12.13,7.75,96.1,1054.2,41840.3
2057-09-28,0.0,13.1,2.27,279.5,719.4,41631.5
2057-09-29,0.0,12.42,0.19,303.8,619.1,41422.9
2057-09-30,0.0,17.26,-1.74,362.6,537.5,41214.6
2057-10-01,0.0,20.27,0.65,355.7,640.2,41006.6
2057-10-02,0.0,18.68,3.27,320.4,772.3,40798.9
2057-10-03,3.39,12.73,2.11,195.6,711.2,40591.5
2057-10-04,0.0,20.77,4.62,317.3,849.2,40384.6
2057-10-05,5.53,11.6,5.87,111.6,926.6,40178.0
2057-10-06,7.54,14.94,5.64,170.4,911.8,39971.9
2057-10-07,0.0,10.93,-0.59,271.0,584.8,39766.2
2057-10-08,2.84,9.0,-2.66,206.0,502.3,39561.1
2057-10-09,0.0,11.62,-2.84,302.9,495.5,39356.6
2057-10-10,0.0,13.93,1.83,269.2,697.1,39152.6
2057-10-11,0.0,22.34,5.09,302.8,877.8,38949.3
2057-10-12,0.0,17.85,6.7,240.3,981.0,38746.6
2057-10-13,0.0,16.46,5.63,235.4,911.1,38544.7
2057-10-14,0.0,17.23,4.96,252.0,869.4,38343.5
2057-10-15,5.58,14.68,7.03,133.3,1003.3,38143.1
2057-10-16,17.62,15.79,3.41,189.8,779.8,37943.5
2057-10-17,14.78,13.11,3.8,157.6,801.7,37744.9
2057-10-18,0.0,7.74,1.41,154.8,676.3,37547.1
2057-10-19,0.0,10.61,-2.08,258.0,524.2,37350.4
2057-10-20,4.52,9.7,2.08,135.3,709.7,37154.6
2057-10-21,6.32,14.84,0.34,198.4,625.9,36959.9
2057-10-22,2.62,8.12,0.17,135.4,618.4,36766.4
2057-10-23,10.38,9.43,-2.52,177.4,507.5,36574.0
2057-10-24,1.41,16.62,0.97,258.5,655.3,36382.9
2057-10-25,10.72,11.81,4.8,113.1,860.1,36193.1
2057-10-26,2.02,9.5,0.96,178.4,654.8,36004.6
2057-10-27,0.0,7.46,-0.58,167.6,585.5,35817.5
2057-10-28,0.0,4.7,-2.09,145.9,524.0,35631.9
2057-10-29,0.0,6.58,-3.93,202.9,456.7,35447.8
2057-10-30,0.0,2.96,-2.16,114.8,521.4,35265.2
2057-10-31,0.0,2.28,-5.1,161.7,418.1,35084.4
2057-11-01,1.0,7.54,-2.89,203.3,493.8,34905.2
2057-11-02,2.01,13.81,2.89,200.7,751.8,34727.8
2057-11-03,0.96,13.92,6.63,149.8,976.3,34552.3
2057-11-04,0.0,7.49,2.3,113.7,720.6,34378.7
2057-11-05,2.06,6.62,1.87,105.1,698.8,34207.0
2057-11-06,0.0,7.41,2.27,112.9,719.3,34037.5
2057-11-07,0.0,7.01,1.06,129.1,659.4,33870.0
2057-11-08,6.17,3.82,-3.5,117.2,471.6,33704.8
2057-11-09,4.77,4.05,-2.2,102.8,519.5,33541.9
2057-11-10,0.0,1.97,-3.54,126.0,470.2,33381.3
2057-11-11,0.0,-0.15,-5.24,118.7,413.6,33223.1
2057-11-12,0.0,-1.55,-8.02,145.4,334.0,33067.5
2057-11-13,2.49,-1.92,-8.09,117.5,332.2,32914.4
2057-11-14,0.0,2.71,-7.21,207.4,355.7,32764.0
2057-11-15,1.58,10.47,-2.34,221.6,514.2,32616.4
2057-11-16,0.0,9.51,-0.51,178.2,588.2,32471.6
2057-11-17,0.0,0.44,-6.45,143.0,377.0,32329.7
2057-11-18,0.0,4.58,-4.54,168.8,436.2,32190.8
2057-11-19,2.1,13.82,0.32,189.1,625.0,32055.0
2057-11-20,4.43,7.45,-1.87,123.8,532.3,31922.3
2057-11-21,0.0,0.27,-6.14,129.7,386.3,31792.9
2057-11-22,1.33,0.64,-4.76,113.5,428.9,31666.8
2057-11-23,0.0,1.84,-2.89,102.6,493.7,31544.1
2057-11-24,0.0,7.99,-1.34,161.1,553.5,31424.9
2057-11-25,1.92,11.87,2.81,153.6,747.5,31309.3
2057-11-26,0.0,13.14,7.13,114.1,1010.3,31197.3
2057-11-27,3.68,0.31,-3.13,56.1,484.8,31089.0
2057-11-28,0.0,-3.09,-7.39,93.1,350.7,30984.5
2057-11-29,16.23,-4.4,-15.2,143.5,187.6,30883.9
2057-11-30,10.21,0.66,-9.39,137.4,300.0,30787.2
2057-12-01,0.0,6.69,-2.5,170.1,508.1,30694.6
2057-12-02,0.0,3.41,-1.91,118.4,531.0,30606.0
2057-12-03,2.68,2.71,-1.84,77.8,533.7,30521.6
2057-12-04,1.96,1.54,-1.98,82.0,528.2,30441.4
2057-12-05,3.12,3.57,-2.29,94.2,516.1,30365.6
2057-12-06,0.0,12.51,0.16,178.0,617.8,30294.0
2057-12-07,0.0,3.77,-1.28,106.8,556.0,30226.9
2057-12-08,0.0,-0.69,-5.78,109.4,397.0,30164.2
2057-12-09,0.0,-2.03,-11.32,163.5,257.5,30106.1
2057-12-10,0.0,3.39,-11.54,185.3,252.9,30052.5
2057-12-11,0.0,5.39,-6.12,169.7,386.8,30003.5
2057-12-12,0.0,-2.07,-10.46,147.4,275.6,29959.2
2057-12-13,5.19,4.17,-6.79,124.4,367.4,29919.5
2057-12-14,0.0,5.09,-2.88,138.4,494.1,29884.6
2057-12-15,0.0,-2.15,-6.92,96.6,363.6,29854.4
2057-12-16,0.0,-3.68,-8.33,96.2,326.0,29829.0
2057-12-17,1.77,-4.37,-11.61,136.7,251.4,29808.5
2057-12-18,0.0,-3.2,-9.15,118.5,305.6,29792.7
2057-12-19,0.0,-2.03,-8.01,120.7,334.1,29781.8
2057-12-20,2.2,-3.13,-9.98,101.2,286.5,29775.7
2057-12-21,0.0,-2.98,-9.65,132.0,293.9,29774.4
2057-12-22,0.0,-3.93,-8.58,99.6,319.6,29778.1
2057-12-23,0.0,-2.91,-12.55,162.4,233.1,29786.5
2057-12-24,11.83,0.35,-10.2,127.2,281.4,29799.8
2057-12-25,4.58,-0.13,-5.42,83.2,408.0,29818.0
2057-12-26,0.0,-3.15,-11.71,155.5,249.5,29840.9
2057-12-27,0.0,-5.41,-10.13,101.3,282.9,29868.6
2057-12-28,0.0,-6.15,-11.38,110.6,256.1,29901.2
2057-12-29,0.0,-4.54,-11.53,139.0,253.1,29938.4
2057-12-30,0.0,-6.95,-10.34,78.2,278.4,29980.4
2057-12-31,0.0,-6.33,-15.57,167.4,182.0,30027.0
2058-01-01,0.0,-9.59,-16.95,128.6,162.1,30078.5
2058-01-02,0.0,-6.21,-13.17,123.2,221.7,30134.3
2058-01-03,0.0,-5.04,-14.05,149.8,206.3,30194.7
2058-01-04,0.0,-11.9,-21.45,158.0,110.1,30259.6
2058-01-05,0.0,-5.84,-22.41,197.9,101.1,30328.9
2058-01-06,3.56,-1.23,-13.85,137.6,209.6,30402.6
2058-01-07,0.0,-3.8,-11.63,139.8,251.0,30480.7
2058-01-08,0.0,-4.78,-19.74,198.3,127.7,30562.9
2058-01-09,0.0,-1.8,-12.89,177.2,226.8,30649.4
2058-01-10,2.73,-0.27,-3.75,52.6,462.8,30740.0
2058-01-11,2.45,-1.4,-5.21,57.7,414.6,30834.6
2058-01-12,0.0,-5.7,-9.45,77.7,298.5,30933.3
2058-01-13,8.87,-2.18,-11.13,122.7,261.2,31035.8
2058-01-14,0.0,-5.2,-10.8,114.8,268.2,31142.2
2058-01-15,3.16,-8.14,-16.05,116.5,174.8,31252.3
2058-01-16,1.43,-6.03,-13.78,153.5,210.9,31366.2
2058-01-17,3.39,-7.73,-16.81,131.6,164.0,31483.6
2058-01-18,0.0,-6.82,-18.2,200.6,145.8,31604.5
2058-01-19,0.0,-9.55,-23.46,220.4,92.1,31728.9
2058-01-20,0.0,-4.52,-18.88,224.4,137.6,31856.7
2058-01-21,4.54,-2.91,-17.08,170.7,160.3,31987.7
2058-01-22,0.0,-3.97,-13.55,191.4,214.9,32121.9
2058-01-23,0.0,1.13,-18.14,247.0,146.6,32259.3
2058-01-24,0.0,-2.05,-12.05,201.2,242.8,32399.7
2058-01-25,2.47,-6.19,-17.39,164.3,156.1,32543.0
2058-01-26,1.16,-6.81,-17.2,212.8,158.7,32689.2
2058-01-27,3.32,-9.45,-15.16,105.0,188.2,32838.2
2058-01-28,0.0,-0.02,-12.39,236.2,236.2,32989.9
2058-01-29,1.19,-5.62,-12.79,172.1,228.6,33144.3
2058-01-30,0.0,-13.22,-18.56,137.7,141.4,33301.2
2058-01-31,0.0,-14.52,-24.12,218.6,86.8,33460.6
2058-02-01,11.17,-10.37,-20.98,176.4,114.6,33622.3
2058-02-02,0.0,-10.02,-19.27,219.0,133.0,33786.4
2058-02-03,2.22,-11.89,-26.81,208.7,67.9,33952.8
2058-02-04,2.19,-8.97,-22.68,206.3,98.7,34121.3
2058-02-05,0.0,-9.96,-19.79,237.8,127.2,34291.9
2058-02-06,0.0,-14.33,-22.25,209.4,102.5,34464.5
2058-02-07,5.3,-12.12,-27.65,225.0,62.8,34639.0
2058-02-08,0.0,-9.29,-18.83,244.0,138.1,34815.5
2058-02-09,0.0,-9.47,-20.81,269.9,116.4,34993.8
2058-02-10,6.04,-1.82,-22.34,243.6,101.8,35173.8
2058-02-11,0.0,-8.85,-22.64,295.0,99.0,35355.5
2058-02-12,2.06,-5.37,-28.76,336.7,56.7,35538.8
2058-02-13,0.0,-6.41,-21.63,306.9,108.3,35723.7
2058-02-14,2.51,-5.28,-28.16,258.1,59.9,35910.0
2058-02-15,0.0,3.08,-17.84,338.0,150.3,36097.8
2058-02-16,0.0,5.05,-3.64,210.4,466.7,36287.0
2058-02-17,0.0,-0.73,-8.73,203.4,315.9,36477.5
2058-02-18,0.0,-3.94,-17.37,300.3,156.4,36669.2
2058-02-19,0.0,1.56,-19.01,354.8,136.0,36862.2
2058-02-20,3.57,2.52,-12.58,242.3,232.5,37056.3
2058-02-21,3.4,1.63,-3.91,114.5,457.4,37251.5
2058-02-22,0.0,-0.83,-4.63,114.2,433.2,37447.8
2058-02-23,0.0,-6.36,-10.59,130.6,272.8,37645.0
2058-02-24,0.0,-2.58,-14.63,312.5,196.7,37843.2
2058-02-25,5.61,-0.41,-8.77,183.8,315.0,38042.3
2058-02-26,3.26,4.56,-3.38,174.9,475.9,38242.3
2058-02-27,17.01,4.21,-0.6,114.5,584.4,38443.1
2058-02-28,0.0,-0.48,-8.93,257.5,311.1,38644.7
2058-03-01,0.0,-1.6,-14.19,340.0,203.9,38847.0
2058-03-02,0.0,-2.32,-16.44,363.6,169.2,39050.0
2058-03-03,6.13,7.36,-9.44,292.6,298.9,39253.6
2058-03-04,0.0,-2.46,-10.7,257.2,270.5,39457.9
2058-03-05,0.0,-6.85,-20.4,370.2,120.6,39662.7
2058-03-06,0.0,-3.35,-16.67,370.0,165.9,39868.1
2058-03-07,0.0,-0.7,-14.26,374.7,202.8,40074.0
2058-03-08,5.16,-4.26,-16.71,271.5,165.4,40280.3
2058-03-09,10.48,5.25,-11.46,315.1,254.5,40487.1
2058-03-10,9.82,5.55,-8.06,289.2,332.8,40694.3
2058-03-11,0.0,-5.94,-13.21,251.0,220.9,40901.8
2058-03-12,0.0,-1.86,-12.09,339.2,242.0,41109.7
2058-03-13,0.0,3.37,-13.27,443.7,219.9,41317.8
2058-03-14,0.0,3.16,-11.21,425.1,259.6,41526.3
2058-03-15,3.92,-7.74,-14.09,185.3,205.5,41734.9
2058-03-16,0.0,-3.79,-10.94,284.6,265.4,41943.8
2058-03-17,0.0,-2.51,-15.16,433.2,188.2,42152.9
2058-03-18,0.0,-0.53,-18.65,493.7,140.3,42362.1
2058-03-19,0.0,2.75,-13.71,479.6,212.1,42571.4
2058-03-20,8.06,2.96,-12.57,357.0,232.7,42780.8
2058-03-21,4.76,1.87,-8.28,292.0,327.2,42990.3
2058-03-22,0.0,-6.69,-14.42,329.7,200.0,43199.8
2058-03-23,0.0,-4.08,-15.3,427.9,186.0,43409.3
2058-03-24,0.0,-6.62,-14.17,321.6,204.3,43618.7
2058-03-25,0.0,-3.44,-15.89,453.1,177.1,43828.1
2058-03-26,8.31,3.28,-17.11,407.7,159.9,44037.5
2058-03-27,4.92,1.85,-8.43,301.1,323.6,44246.7
2058-03-28,0.0,1.96,-2.72,206.4,500.1,44455.7
2058-03-29,0.0,7.13,-4.02,422.7,453.7,44664.6
2058-03-30,4.6,8.1,-0.89,271.0,572.4,44873.3
2058-03-31,0.0,9.7,-1.07,415.5,564.6,45081.7
2058-04-01,15.5,3.3,-1.25,155.6,557.4,45289.9
2058-04-02,2.98,5.18,-1.58,229.0,543.9,45497.8
2058-04-03,6.1,3.62,-0.76,156.9,577.7,45705.3
2058-04-04,0.0,2.31,-2.46,233.7,509.8,45912.5
2058-04-05,0.0,1.8,-5.69,357.2,399.8,46119.2
2058-04-06,0.0,-0.1,-8.52,400.7,321.3,46325.6
2058-04-07,0.0,1.53,-11.22,520.7,259.4,46531.4
2058-04-08,1.82,3.94,-4.77,418.4,428.8,46736.8
2058-04-09,8.12,7.8,-0.04,291.0,608.9,46941.7
2058-04-10,0.0,6.75,0.02,345.5,611.7,47145.9
2058-04-11,0.0,9.14,-5.28,556.9,412.3,47349.6
2058-04-12,0.0,15.06,-1.59,576.9,522.5,47552.6
2058-04-13,0.0,12.91,3.4,446.5,779.5,47754.9
2058-04-14,0.0,10.71,1.08,453.5,660.3,47956.4
2058-04-15,1.62,7.51,-0.16,388.7,603.6,48157.2
2058-04-16,6.0,18.62,2.42,426.9,727.0,48357.2
2058-04-17,9.43,9.83,2.74,276.9,743.7,48556.4
2058-04-18,4.25,7.0,0.67,261.5,641.2,48754.6
2058-04-19,4.42,10.37,2.2,322.6,715.5,48951.8
2058-04-20,0.0,4.87,-3.2,438.1,482.5,49148.1
2058-04-21,0.0,1.24,-5.93,406.6,392.6,49343.3
2058-04-22,0.0,6.14,-6.29,564.6,381.8,49537.4
2058-04-23,0.0,6.85,-3.71,520.4,464.4,49730.4
2058-04-24,0.0,12.21,-4.39,611.5,422.8,49922.1
2058-04-25,0.0,14.47,-3.26,619.7,447.6,50112.6
2058-04-26,5.42,5.53,-1.1,286.3,563.5,50301.8
2058-04-27,0.0,4.69,-1.6,365.4,543.3,50489.6
2058-04-28,0.0,6.12,-3.77,511.0,462.1,50675.9
2058-04-29,3.29,4.84,-2.2,304.6,519.7,50860.8
2058-04-30,0.0,10.67,-4.96,615.7,406.7,51044.1
2058-05-01,0.0,11.47,-1.74,577.7,520.9,51225.8
2058-05-02,7.64,11.78,-2.21,439.4,519.2,51405.8
2058-05-03,5.61,7.58,-0.5,320.9,588.9,51584.1
2058-05-04,0.0,10.95,-0.45,528.1,590.8,51760.6
2058-05-05,0.0,17.99,-1.55,630.0,481.1,51935.1
2058-05-06,11.48,18.86,2.17,446.7,708.1,52107.8
2058-05-07,6.52,17.75,3.85,415.5,804.5,52278.4
2058-05-08,0.0,11.06,0.41,488.3,629.2,52446.9
2058-05-09,7.98,13.18,-2.93,446.4,492.3,52613.2
2058-05-10,1.9,18.17,2.73,572.6,696.9,52777.3
2058-05-11,0.0,5.74,-0.55,320.3,586.6,52939.1
2058-05-12,0.0,11.52,-4.5,599.0,426.7,53098.5
2058-05-13,0.0,14.0,-4.07,617.1,426.3,53255.4
2058-05-14,13.15,5.41,-2.08,277.8,524.4,53409.7
2058-05-15,4.69,7.03,0.04,260.7,612.6,53561.4
2058-05-16,7.62,10.81,0.71,350.4,642.9,53710.5
2058-05-17,0.0,12.32,4.64,373.0,850.3,53856.7
2058-05-18,3.46,11.13,0.47,359.7,631.7,54000.0
2058-05-19,2.63,11.39,2.59,310.6,735.7,54140.4
2058-05-20,1.51,12.57,-0.2,529.8,601.8,54277.8
2058-05-21,0.0,12.58,1.94,468.2,702.5,54412.0
2058-05-22,0.0,18.85,0.08,608.7,576.4,54543.1
2058-05-23,0.0,23.93,7.09,569.0,923.3,54670.8
2058-05-24,2.27,19.76,7.58,364.1,1042.1,54795.2
2058-05-25,0.0,13.29,0.01,530.7,611.0,54916.2
2058-05-26,2.63,13.37,1.15,375.0,663.8,55033.6
2058-05-27,3.13,15.3,3.2,365.8,768.2,55147.4
2058-05-28,0.0,24.18,4.98,588.0,784.1,55257.6
2058-05-29,0.0,26.21,6.38,584.4,824.8,55364.0
2058-05-30,10.74,19.28,11.47,242.8,1353.3,55466.5
2058-05-31,26.54,22.61,13.45,272.8,1541.9,55565.2
2058-06-01,8.5,18.78,10.12,269.5,1237.4,55659.8
2058-06-02,4.6,11.72,3.71,261.3,796.7,55750.4
2058-06-03,0.0,10.27,2.74,302.2,743.7,55836.9
2058-06-04,0.0,18.02,-1.26,532.7,557.0,55919.2
2058-06-05,8.59,12.91,4.51,250.7,842.5,55997.2
2058-06-06,0.0,15.04,4.63,395.4,849.8,56070.9
2058-06-07,0.0,18.49,1.64,509.9,687.7,56140.2
2058-06-08,2.19,18.98,2.04,382.0,707.4,56205.1
2058-06-09,4.81,19.08,6.64,326.4,976.8,56265.6
2058-06-10,0.0,19.84,7.78,421.6,1056.0,56321.4
2058-06-11,0.88,16.31,8.78,300.8,1130.2,56372.7
2058-06-12,0.0,14.99,7.85,296.3,1061.0,56419.4
2058-06-13,0.0,19.41,5.23,474.1,886.2,56461.3
2058-06-14,0.0,20.49,1.1,532.7,645.7,56498.6
2058-06-15,4.63,18.78,2.82,370.6,748.1,56531.2
2058-06-16,10.23,10.65,5.71,153.6,916.0,56558.9
2058-06-17,5.36,11.76,6.04,177.2,937.4,56581.9
2058-06-18,4.88,16.87,8.66,239.7,1121.2,56600.1
2058-06-19,0.0,23.48,6.49,499.4,963.0,56613.4
2058-06-20,0.0,27.26,7.09,520.4,966.5,56621.9
2058-06-21,0.0,29.48,10.34,503.6,1202.2,56625.6
2058-06-22,0.0,23.41,11.2,411.5,1330.0,56624.3
2058-06-23,8.14,23.41,5.54,378.7,905.2,56618.3
2058-06-24,0.0,18.68,8.8,360.8,1132.4,56607.4
2058-06-25,0.0,25.17,6.37,510.8,935.2,56591.7
2058-06-26,12.95,26.71,8.69,370.2,1123.8,56571.1
2058-06-27,9.42,26.55,14.33,296.8,1632.5,56545.8
2058-06-28,0.0,24.25,12.91,387.6,1487.7,56515.6
2058-06-29,0.0,25.99,7.14,507.5,1000.1,56480.7
2058-06-30,0.0,22.21,9.47,418.0,1184.4,56441.1
2058-07-01,16.92,22.05,12.93,240.7,1489.9,56396.8
2058-07-02,14.51,31.88,16.92,317.2,1927.2,56347.9
2058-07-03,7.65,31.37,18.61,282.8,2143.3,56294.3
2058-07-04,18.5,23.89,17.02,181.6,1939.5,56236.2
2058-07-05,9.74,18.96,13.86,144.0,1583.3,56173.5
2058-07-06,3.28,16.43,11.77,136.7,1380.8,56106.4
2058-07-07,0.0,19.26,11.7,287.2,1374.7,56034.9
2058-07-08,1.84,27.42,10.37,484.5,1257.9,55959.1
2058-07-09,1.38,23.04,12.85,361.9,1481.9,55878.9
2058-07-10,0.0,16.43,10.15,251.0,1239.6,55794.5
2058-07-11,0.0,18.68,6.95,414.5,998.2,55706.0
2058-07-12,2.27,25.26,9.49,352.0,1186.3,55613.4
2058-07-13,7.47,21.83,12.68,248.9,1465.5,55516.8
2058-07-14,1.36,24.51,11.66,424.3,1370.9,55416.2
2058-07-15,8.87,21.26,12.04,257.7,1405.3,55311.7
2058-07-16,1.07,22.21,9.7,422.7,1202.8,55203.4
2058-07-17,0.0,23.28,10.43,422.2,1262.8,55091.5
2058-07-18,0.0,20.65,11.23,340.0,1331.8,54975.8
2058-07-19,9.46,22.88,6.8,359.2,988.1,54856.7
2058-07-20,0.0,23.33,10.17,430.9,1241.3,54734.0
2058-07-21,0.0,25.61,10.04,467.6,1230.8,54607.9
2058-07-22,3.31,30.14,13.86,343.8,1583.5,54478.5
2058-07-23,4.76,22.46,14.4,225.4,1640.0,54345.9
2058-07-24,0.0,19.68,5.51,460.2,903.2,54210.1
2058-07-25,0.0,22.97,3.51,516.3,785.2,54071.2
2058-07-26,0.0,24.08,6.77,491.9,985.7,53929.4
2058-07-27,0.99,18.2,9.45,331.2,1182.9,53784.6
2058-07-28,2.0,25.58,11.65,436.0,1370.1,53637.0
2058-07-29,2.48,21.76,16.01,167.3,1818.6,53486.6
2058-07-30,3.15,26.04,16.42,256.2,1867.2,53333.6
2058-07-31,0.0,24.54,14.38,361.0,1637.3,53177.9
2058-08-01,0.0,24.71,12.95,401.8,1491.8,53019.8
2058-08-02,6.93,22.18,13.97,234.9,1594.2,52859.2
2058-08-03,0.0,27.02,15.69,381.4,1782.1,52696.3
2058-08-04,0.0,26.29,13.54,410.1,1551.0,52531.0
2058-08-05,0.0,25.55,13.91,383.6,1588.1,52363.6
2058-08-06,2.71,20.78,9.14,295.4,1158.8,52194.1
2058-08-07,0.0,21.37,10.03,388.2,1230.2,52022.5
2058-08-08,0.0,18.36,6.98,394.8,1000.3,51848.9
2058-08-09,0.0,24.98,6.37,484.3,958.7,51673.3
2058-08-10,0.0,25.32,11.05,423.6,1316.6,51496.0
2058-08-11,0.0,30.74,14.29,436.0,1627.6,51316.8
2058-08-12,0.0,30.69,14.83,423.5,1686.0,51136.0
2058-08-13,0.0,32.28,16.37,414.6,1861.2,50953.4
2058-08-14,0.0,32.38,16.55,409.0,1881.8,50769.4
2058-08-15,0.0,32.15,18.21,375.5,2090.4,50583.7
2058-08-16,6.61,30.94,17.9,271.1,2050.2,50396.6
2058-08-17,0.0,28.63,16.97,338.6,1933.3,50208.2
2058-08-18,28.24,27.5,12.15,309.5,1415.3,50018.3
2058-08-19,0.0,23.97,13.29,329.8,1525.4,49827.2
2058-08-20,0.0,22.37,11.02,351.2,1313.8,49634.9
2058-08-21,0.0,25.74,6.96,457.2,998.9,49441.3
2058-08-22,5.19,18.3,9.02,227.2,1148.9,49246.7
2058-08-23,0.0,19.56,6.87,381.1,992.3,49050.9
2058-08-24,0.0,24.5,6.68,445.2,979.9,48854.2
2058-08-25,1.42,21.21,8.98,367.9,1146.2,48656.4
2058-08-26,0.0,25.25,6.42,447.4,962.5,48457.8
2058-08-27,0.0,18.08,7.47,331.2,1034.3,48258.2
2058-08-28,0.0,21.62,4.42,431.4,837.4,48057.8
2058-08-29,0.0,23.78,6.09,426.8,940.7,47856.6
2058-08-30,0.0,18.76,5.39,370.8,896.0,47654.7
2058-08-31,0.0,20.1,0.19,447.4,619.3,47452.0
2058-09-01,0.0,25.99,3.15,451.7,765.4,47248.7
2058-09-02,0.0,23.74,7.19,391.5,1014.7,47044.8
2058-09-03,0.0,23.76,9.86,347.1,1216.2,46840.2
2058-09-04,6.23,24.6,12.07,237.6,1408.0,46635.1
2058-09-05,0.0,16.82,10.86,172.4,1299.5,46429.5
2058-09-06,0.0,21.67,9.78,309.2,1209.2,46223.4
2058-09-07,0.0,22.58,10.99,298.8,1311.4,46016.8
2058-09-08,3.3,28.22,11.74,274.6,1377.7,45809.8
2058-09-09,0.0,30.12,15.64,327.5,1775.7,45602.5
2058-09-10,7.24,29.58,14.19,256.1,1617.8,45394.8
2058-09-11,35.28,13.72,9.58,92.9,1193.0,45186.7
2058-09-12,0.0,13.22,4.46,250.7,839.6,44978.4
2058-09-13,6.87,18.86,2.89,281.1,751.5,44769.9
2058-09-14,0.0,18.42,1.49,382.8,680.1,44561.1
2058-09-15,8.0,17.35,4.55,242.3,845.0,44352.1
2058-09-16,0.0,13.38,3.79,261.9,801.2,44143.0
2058-09-17,0.0,18.46,4.86,331.1,863.4,43933.7
2058-09-18,0.0,17.79,1.19,367.3,665.5,43724.4
2058-09-19,0.0,24.15,2.59,393.5,735.7,43514.9
2058-09-20,1.05,22.26,7.96,321.4,1069.2,43305.4
2058-09-21,2.22,28.34,16.04,202.3,1821.7,43095.9
2058-09-22,4.22,21.13,16.66,85.3,1895.2,42886.4
2058-09-23,2.15,20.44,12.09,157.8,1410.1,42677.0
2058-09-24,0.0,18.31,3.43,329.7,781.0,42467.6
2058-09-25,0.0,20.04,1.83,359.4,697.0,42258.4
2058-09-26,0.0,21.53,3.22,352.2,769.5,42049.2
2058-09-27,6.21,18.32,4.78,225.6,858.4,41840.3
2058-09-28,0.0,13.54,4.59,224.7,847.3,41631.5
2058-09-29,0.0,10.75,-2.43,302.5,510.8,41422.9
2058-09-30,5.36,15.45,-2.18,259.3,520.5,41214.6
2058-10-01,7.14,20.48,5.23,235.5,886.3,41006.6
2058-10-02,0.0,22.66,10.55,265.4,1273.4,40798.9
2058-10-03,0.0,10.94,1.17,240.5,664.8,40591.5
2058-10-04,4.45,14.97,-4.75,261.4,429.3,40384.6
2058-10-05,0.0,21.16,1.17,335.5,664.9,40178.0
2058-10-06,0.0,11.88,-0.95,273.3,570.0,39971.9
2058-10-07,0.0,12.14,-0.16,262.1,603.5,39766.2
2058-10-08,0.0,9.24,-2.1,249.1,523.3,39561.1
2058-10-09,0.0,7.14,-4.75,257.4,429.4,39356.6
2058-10-10,4.94,5.57,-1.79,132.1,535.4,39152.6
2058-10-11,0.0,9.63,2.66,161.6,739.6,38949.3
2058-10-12,0.0,14.63,4.86,209.0,863.5,38746.6
2058-10-13,7.34,14.65,1.87,190.6,698.9,38544.7
2058-10-14,0.0,8.68,-0.75,207.6,578.2,38343.5
2058-10-15,0.0,7.06,-4.85,245.8,426.0,38143.1
2058-10-16,12.15,6.61,-4.59,174.7,434.5,37943.5
2058-10-17,11.32,8.55,-0.35,144.6,595.2,37744.9
2058-10-18,0.98,7.11,0.07,158.8,614.0,37547.1
2058-10-19,11.92,1.37,-3.53,89.6,470.5,37350.4
2058-10-20,0.0,1.37,-1.74,80.4,537.5,37154.6
2058-10-21,0.0,2.32,-2.48,118.8,509.0,36959.9
2058-10-22,0.0,3.5,-2.72,147.6,499.9,36766.4
2058-10-23,2.6,2.56,-1.97,82.6,528.7,36574.0
2058-10-24,1.8,5.5,-1.29,158.8,555.6,36382.9
2058-10-25,0.0,4.71,-1.07,140.2,564.9,36193.1
2058-10-26,7.27,2.95,-1.58,86.8,544.2,36004.6
2058-10-27,3.15,2.46,-0.81,65.3,575.5,35817.5
2058-10-28,0.0,4.29,-1.22,138.8,558.6,35631.9
2058-10-29,0.0,2.32,-3.66,151.0,466.1,35447.8
2058-10-30,0.0,1.96,-5.7,186.1,399.3,35265.2
2058-10-31,0.0,1.19,-8.73,219.7,316.1,35084.4
2058-11-01,2.44,1.09,-6.61,155.3,372.5,34905.2
2058-11-02,2.29,-2.28,-9.4,147.0,299.8,34727.8
2058-11-03,0.0,-2.12,-11.82,239.9,247.3,34552.3
2058-11-04,0.0,-2.37,-14.61,263.6,197.0,34378.7
2058-11-05,0.0,1.16,-7.78,226.1,340.3,34207.0
2058-11-06,9.78,0.66,-3.9,103.0,457.8,34037.5
2058-11-07,0.0,-1.32,-9.49,214.2,297.6,33870.0
2058-11-08,0.0,0.76,-16.4,267.2,169.8,33704.8
2058-11-09,0.0,2.24,-5.75,200.8,398.0,33541.9
2058-11-10,0.0,12.23,-0.83,238.1,575.0,33381.3
2058-11-11,3.03,18.36,3.18,160.4,767.1,33223.1
2058-11-12,3.49,5.17,0.83,78.6,648.5,33067.5
2058-11-13,2.93,2.3,-0.17,48.0,603.2,32914.4
2058-11-14,0.0,5.8,-0.79,149.3,576.4,32764.0
2058-11-15,0.0,4.98,-4.95,189.5,422.7,32616.4
2058-11-16,0.0,-2.33,-10.85,176.8,267.2,32471.6
2058-11-17,14.56,-2.97,-9.16,119.7,305.6,32329.7
2058-11-18,11.77,-3.09,-5.48,51.5,406.2,32190.8
2058-11-19,0.96,-1.93,-10.95,195.6,265.0,32055.0
2058-11-20,0.0,1.88,-8.06,199.0,333.0,31922.3
2058-11-21,3.0,3.09,-4.06,121.3,452.3,31792.9
2058-11-22,17.49,3.15,-1.22,80.0,558.5,31666.8
2058-11-23,5.87,1.75,-1.34,58.3,553.8,31544.1
2058-11-24,0.0,-1.4,-4.56,80.2,435.5,31424.9
2058-11-25,0.0,-0.95,-5.17,103.2,415.7,31309.3
2058-11-26,0.0,-1.25,-9.85,173.8,289.4,31197.3
2058-11-27,0.0,-5.43,-9.81,104.4,290.3,31089.0
2058-11-28,0.0,-8.01,-14.6,144.8,197.1,30984.5
2058-11-29,1.77,-6.48,-18.2,193.9,145.8,30883.9
2058-11-30,3.03,-1.54,-12.74,141.5,229.6,30787.2
2058-12-01,7.04,-0.61,-10.35,132.2,278.1,30694.6
2058-12-02,0.0,-7.4,-13.37,128.8,218.0,30606.0
2058-12-03,0.0,-10.4,-19.4,168.7,131.5,30521.6
2058-12-04,0.0,-11.67,-19.18,151.7,134.0,30441.4
2058-12-05,0.0,-6.47,-20.88,194.9,115.7,30365.6
2058-12-06,0.0,-6.53,-19.04,185.8,135.7,30294.0
2058-12-07,0.0,-1.72,-12.59,173.4,232.2,30226.9
2058-12-08,0.0,-1.95,-13.34,176.9,218.6,30164.2
2058-12-09,0.0,-9.79,-25.43,191.4,77.1,30106.1
2058-12-10,0.0,-3.95,-17.11,181.8,159.9,30052.5
2058-12-11,0.0,-1.59,-10.61,154.9,272.3,30003.5
2058-12-12,0.0,-0.39,-10.5,161.8,274.7,29959.2
2058-12-13,0.0,-1.25,-11.0,156.8,264.0,29919.5
2058-12-14,8.1,0.25,-6.72,94.9,369.3,29884.6
2058-12-15,0.0,-0.56,-4.72,82.4,430.3,29854.4
2058-12-16,0.0,-5.49,-9.57,83.1,295.8,29829.0
2058-12-17,0.0,-8.36,-15.23,129.4,187.1,29808.5
2058-12-18,0.0,-3.16,-15.73,174.3,179.5,29792.7
2058-12-19,0.0,-2.43,-19.26,185.6,133.1,29781.8
2058-12-20,17.62,2.06,-12.23,135.4,239.2,29775.7
2058-12-21,0.0,1.53,-2.83,81.8,496.0,29774.4
2058-12-22,0.0,0.91,-2.6,67.4,504.5,29778.1
2058-12-23,0.0,-1.02,-4.85,73.4,426.1,29786.5
2058-12-24,0.0,-5.21,-11.13,109.0,261.3,29799.8
2058-12-25,0.0,-5.83,-17.09,166.4,160.2,29818.0
2058-12-26,0.0,-5.55,-12.37,121.5,236.4,29840.9
2058-12-27,0.0,-7.13,-14.99,134.8,190.9,29868.6
2058-12-28,0.0,-4.49,-17.21,174.3,158.5,29901.2
2058-12-29,0.0,-2.85,-14.39,167.2,200.6,29938.4
2058-12-30,0.0,-10.7,-18.38,133.8,143.6,29980.4
2058-12-31,7.57,-1.08,-20.84,147.0,116.1,30027.0
2059-01-01,0.0,-1.11,-12.97,168.4,225.3,30078.5
2059-01-02,0.0,-9.26,-16.45,121.6,169.0,30134.3
2059-01-03,0.0,-6.59,-18.88,175.6,137.6,30194.7
2059-01-04,0.0,-6.21,-15.12,145.1,188.8,30259.6
2059-01-05,0.0,-3.83,-12.08,137.4,242.2,30328.9
2059-01-06,0.0,-4.96,-11.17,109.6,260.4,30402.6
2059-01-07,0.0,-5.53,-12.66,124.5,231.0,30480.7
2059-01-08,0.0,-8.15,-18.61,167.5,140.7,30562.9
2059-01-09,0.0,-12.4,-21.6,156.1,108.6,30649.4
2059-01-10,0.0,-11.82,-24.99,193.2,80.2,30740.0
2059-01-11,0.0,-15.18,-24.18,156.8,86.3,30834.6
2059-01-12,0.0,-10.34,-20.73,173.0,117.2,30933.3
2059-01-13,2.85,-11.23,-20.24,120.2,122.3,31035.8
2059-01-14,0.0,-14.17,-22.57,154.0,99.7,31142.2
2059-01-15,0.0,-16.06,-27.34,189.0,64.7,31252.3
2059-01-16,0.0,-14.52,-24.52,177.2,83.8,31366.2
2059-01-17,0.0,-15.41,-26.62,192.7,69.2,31483.6
2059-01-18,0.0,-14.98,-31.75,229.2,42.6,31604.5
2059-01-19,4.19,-9.66,-27.13,176.1,65.9,31728.9
2059-01-20,0.0,-10.94,-21.67,194.1,108.0,31856.7
2059-01-21,0.0,-14.73,-21.96,148.6,105.2,31987.7
2059-01-22,0.0,-17.43,-24.34,145.6,85.1,32121.9
2059-01-23,0.0,-12.33,-20.95,174.4,115.0,32259.3
2059-01-24,0.0,-14.86,-23.99,185.0,87.8,32399.7
2059-01-25,0.0,-11.51,-26.11,240.2,72.5,32543.0
2059-01-26,6.93,-5.48,-18.77,176.2,138.9,32689.2
2059-01-27,0.0,-11.2,-20.05,188.3,124.3,32838.2
2059-01-28,0.0,-15.25,-26.4,222.0,70.6,32989.9
2059-01-29,0.0,-6.81,-24.59,267.8,83.2,33144.3
2059-01-30,0.0,-6.87,-23.95,269.3,88.1,33301.2
2059-01-31,0.0,-1.26,-21.2,278.8,112.4,33460.6
2059-02-01,4.35,2.2,-17.65,211.4,152.7,33622.3
2059-02-02,29.75,-1.24,-8.61,129.4,318.8,33786.4
2059-02-03,0.0,-1.42,-6.9,135.4,364.2,33952.8
2059-02-04,17.16,-4.64,-17.8,200.5,150.8,34121.3
2059-02-05,0.0,-7.05,-16.77,224.7,164.5,34291.9
2059-02-06,0.0,-12.94,-21.89,215.4,105.8,34464.5
2059-02-07,0.0,-11.42,-24.78,278.6,81.8,34639.0
2059-02-08,0.0,-7.47,-28.35,322.1,58.9,34815.5
2059-02-09,0.0,-3.5,-23.15,321.0,94.6,34993.8
2059-02-10,0.0,-5.17,-27.42,332.1,64.2,35173.8
2059-02-11,0.0,-12.45,-25.34,276.3,77.7,35355.5
2059-02-12,0.0,-12.66,-28.79,310.4,56.5,35538.8
2059-02-13,0.0,-20.95,-28.84,196.8,56.2,35723.7
2059-02-14,0.0,-22.91,-30.7,199.0,47.1,35910.0
2059-02-15,0.0,-22.28,-30.13,203.6,49.8,36097.8
2059-02-16,0.0,-18.38,-30.32,282.1,48.9,36287.0
2059-02-17,0.0,-10.71,-31.68,359.9,42.9,36477.5
2059-02-18,0.0,-3.34,-26.07,368.3,72.7,36669.2
2059-02-19,3.57,-2.07,-17.56,247.5,153.9,36862.2
2059-02-20,0.0,1.16,-8.3,239.6,326.8,37056.3
2059-02-21,0.0,-1.06,-10.18,235.7,281.9,37251.5
2059-02-22,6.79,-9.5,-13.2,82.4,221.2,37447.8
2059-02-23,9.3,-7.19,-11.77,102.2,248.3,37645.0
2059-02-24,0.0,-7.94,-15.27,214.9,186.5,37843.2
2059-02-25,0.0,-14.59,-20.19,175.0,122.8,38042.3
2059-02-26,0.0,-14.46,-28.11,351.0,60.2,38242.3
2059-02-27,0.0,-7.9,-30.2,418.1,49.4,38443.1
2059-02-28,0.0,-2.99,-27.78,428.1,62.1,38644.7
2059-03-01,0.0,0.43,-23.46,428.9,92.1,38847.0
2059-03-02,8.69,-0.03,-15.27,283.8,186.4,39050.0
2059-03-03,0.0,-8.89,-22.22,361.5,102.9,39253.6
2059-03-04,0.0,-11.34,-26.87,393.1,67.6,39457.9
2059-03-05,5.02,-7.17,-20.02,266.4,124.7,39662.7
2059-03-06,0.0,-8.82,-18.05,284.1,147.7,39868.1
2059-03-07,0.0,-6.37,-27.7,452.0,62.6,40074.0
2059-03-08,5.65,-0.36,-18.08,320.0,147.2,40280.3
2059-03-09,2.76,-2.21,-16.47,290.2,168.8,40487.1
2059-03-10,0.0,-11.91,-27.37,414.3,64.5,40694.3
2059-03-11,0.0,-5.08,-24.98,463.1,80.3,40901.8
2059-03-12,0.0,0.69,-15.4,429.8,184.5,41109.7
2059-03-13,0.0,-9.68,-20.71,348.6,117.4,41317.8
2059-03-14,0.0,-10.96,-22.95,376.4,96.4,41526.3
2059-03-15,0.0,-2.46,-25.88,501.7,74.0,41734.9
2059-03-16,4.58,-1.3,-20.21,355.4,122.6,41943.8
2059-03-17,0.0,-1.18,-10.3,296.6,279.2,42152.9
2059-03-18,0.0,-2.76,-8.95,214.4,310.6,42362.1
2059-03-19,0.0,-0.74,-17.21,461.8,158.5,42571.4
2059-03-20,5.31,9.23,-17.09,401.3,160.2,42780.8
2059-03-21,6.81,4.46,-9.11,315.6,306.8,42990.3
2059-03-22,0.0,6.32,-0.58,243.5,585.4,43199.8
2059-03-23,0.0,5.33,-3.31,302.0,478.3,43409.3
2059-03-24,0.0,6.24,-3.54,333.6,470.2,43618.7
2059-03-25,0.0,4.13,-1.93,218.9,530.3,43828.1
2059-03-26,5.18,4.0,-0.53,127.4,587.5,44037.5
2059-03-27,3.51,4.97,-1.29,172.0,555.8,44246.7
2059-03-28,0.0,7.13,-5.36,415.0,410.0,44455.7
2059-03-29,2.66,12.7,-1.25,335.6,557.5,44664.6
2059-03-30,9.62,4.29,-0.94,157.8,570.0,44873.3
2059-03-31,1.65,-2.7,-6.45,167.1,377.1,45081.7
2059-04-01,0.0,-3.17,-13.08,401.2,223.3,45289.9
2059-04-02,0.0,2.19,-16.22,559.6,172.4,45497.8
2059-04-03,0.0,-2.36,-12.88,424.7,227.0,45705.3
2059-04-04,0.0,-4.83,-16.01,448.7,175.4,45912.5
2059-04-05,4.0,-5.52,-17.56,355.3,153.9,46119.2
2059-04-06,1.16,-1.44,-10.43,393.1,276.3,46325.6
2059-04-07,0.0,-2.51,-14.57,492.1,197.6,46531.4
2059-04-08,0.0,3.18,-15.87,596.0,177.3,46736.8
2059-04-09,0.0,6.78,-11.85,592.2,237.5,46941.7
2059-04-10,0.0,11.05,-9.86,609.9,260.6,47145.9
2059-04-11,0.0,13.33,-5.14,590.0,366.6,47349.6
2059-04-12,0.0,12.58,-2.66,547.8,455.7,47552.6
2059-04-13,0.0,2.4,-4.41,317.0,440.4,47754.9
2059-04-14,0.0,6.8,-9.35,581.4,284.5,47956.4
2059-04-15,4.21,10.85,-3.12,407.7,485.3,48157.2
2059-04-16,0.0,0.92,-6.43,356.4,377.6,48357.2
2059-04-17,0.0,-2.06,-15.88,556.2,177.2,48556.4
2059-04-18,0.0,7.21,-13.3,635.5,202.9,48754.6
2059-04-19,0.0,11.46,-5.79,607.6,347.3,48951.8
2059-04-20,0.0,9.41,1.42,381.0,676.8,49148.1
2059-04-21,0.0,16.81,1.44,574.8,556.1,49343.3
2059-04-22,4.14,14.14,2.21,373.5,716.2,49537.4
2059-04-23,7.92,6.83,3.06,144.5,760.9,49730.4
2059-04-24,5.93,3.27,0.57,111.5,636.3,49922.1
2059-04-25,1.74,6.07,-0.63,330.3,583.5,50112.6
2059-04-26,5.83,11.5,-2.65,420.0,502.6,50301.8
2059-04-27,0.0,6.98,-0.24,352.0,600.3,50489.6
2059-04-28,2.07,11.5,0.1,501.4,587.8,50675.9
2059-04-29,0.0,11.15,-0.13,494.1,585.0,50860.8
2059-04-30,0.0,8.65,-3.16,507.8,476.2,51044.1
2059-05-01,11.34,4.64,-3.62,295.2,467.4,51225.8
2059-05-02,3.3,6.4,-0.83,268.4,574.7,51405.8
2059-05-03,0.0,10.03,-2.8,544.7,479.1,51584.1
2059-05-04,0.0,14.74,-2.07,614.3,418.8,51760.6
2059-05-05,0.0,15.5,-2.69,629.3,390.9,51935.1
2059-05-06,16.56,13.76,0.9,397.6,604.4,52107.8
2059-05-07,4.18,8.19,2.55,207.9,733.9,52278.4
2059-05-08,0.0,13.13,-0.51,561.4,501.6,52446.9
2059-05-09,1.12,9.8,-0.19,468.3,571.8,52613.2
2059-05-10,4.22,6.99,0.72,246.8,643.6,52777.3
2059-05-11,3.28,14.62,1.43,424.9,647.1,52939.1
2059-05-12,6.92,5.28,2.13,138.0,712.0,53098.5
2059-05-13,5.02,6.34,1.29,212.2,670.6,53255.4
2059-05-14,2.23,9.77,2.3,303.6,720.6,53409.7
2059-05-15,0.0,13.75,0.19,594.6,539.1,53561.4
2059-05-16,0.0,18.11,-1.0,653.4,452.4,53710.5
2059-05-17,0.0,23.79,0.61,666.0,473.9,53856.7
2059-05-18,0.0,27.23,3.72,660.2,573.3,54000.0
2059-05-19,0.0,27.88,4.89,654.2,620.7,54140.4
2059-05-20,0.0,29.23,6.96,642.4,714.4,54277.8
2059-05-21,0.0,18.35,5.45,537.6,767.1,54412.0
2059-05-22,0.0,16.15,0.34,598.2,521.1,54543.1
2059-05-23,0.0,10.59,4.13,314.9,820.7,54670.8
2059-05-24,0.0,18.89,5.25,539.6,734.9,54795.2
2059-05-25,0.0,15.06,5.67,415.9,852.3,54916.2
2059-05-26,0.0,19.99,5.14,559.8,684.1,55033.6
2059-05-27,0.0,21.52,7.19,539.4,790.6,55147.4
2059-05-28,7.96,24.56,4.63,456.5,711.6,55257.6
2059-05-29,4.77,13.37,6.82,219.8,989.1,55364.0
2059-05-30,6.18,15.36,7.68,252.9,1048.8,55466.5
2059-05-31,5.27,15.85,8.48,242.3,1108.2,55565.2
2059-06-01,8.49,14.51,7.57,230.5,1041.4,55659.8
2059-06-02,0.0,15.91,6.18,412.3,922.7,55750.4
2059-06-03,0.0,15.25,1.68,526.2,619.4,55836.9
2059-06-04,0.0,21.22,0.24,620.4,481.4,55919.2
2059-06-05,13.74,20.68,3.81,425.5,745.6,55997.2
2059-06-06,12.33,20.66,6.53,381.5,959.0,56070.9
2059-06-07,0.0,21.2,2.43,585.5,613.8,56140.2
2059-06-08,0.0,22.05,7.18,516.4,888.6,56205.1
2059-06-09,4.04,15.45,10.66,151.9,1283.1,56265.6
2059-06-10,1.4,18.89,9.83,360.4,1213.2,56321.4
2059-06-11,11.63,14.68,5.02,287.6,873.3,56372.7
2059-06-12,0.0,18.7,6.83,394.4,989.5,56419.4
2059-06-13,0.0,21.33,2.85,503.7,696.1,56461.3
2059-06-14,9.16,12.61,6.78,162.2,986.6,56498.6
2059-06-15,2.5,12.63,5.21,208.5,884.8,56531.2
2059-06-16,0.0,22.7,1.97,532.0,643.3,56558.9
2059-06-17,0.0,25.42,6.66,508.9,889.7,56581.9
2059-06-18,0.0,27.62,12.07,461.3,1307.9,56600.1
2059-06-19,4.14,23.71,10.72,319.9,1288.1,56613.4
2059-06-20,0.0,23.65,6.78,495.8,900.5,56621.9
2059-06-21,0.0,28.15,7.29,525.8,886.2,56625.6
2059-06-22,0.0,31.32,10.72,510.6,1109.9,56624.3
2059-06-23,0.0,26.27,14.13,387.2,1577.5,56618.3
2059-06-24,0.0,29.81,15.79,415.5,1686.4,56607.4
2059-06-25,0.0,32.77,15.39,464.2,1538.4,56591.7
2059-06-26,0.0,33.44,16.86,448.0,1697.7,56571.1
2059-06-27,9.77,33.41,17.54,322.1,2000.0,56545.8
2059-06-28,0.0,26.26,12.97,407.5,1436.5,56515.6
2059-06-29,8.02,26.08,10.31,337.1,1253.2,56480.7
2059-06-30,5.9,24.0,13.5,252.6,1546.4,56441.1
2059-07-01,2.72,23.29,9.48,311.3,1185.5,56396.8
2059-07-02,8.63,19.41,8.05,274.9,1075.7,56347.9
2059-07-03,11.24,25.22,10.84,314.8,1297.9,56294.3
2059-07-04,2.35,24.3,15.47,216.3,1756.3,56236.2
2059-07-05,6.41,28.0,15.85,277.0,1800.1,56173.5
2059-07-06,0.0,23.37,12.32,358.8,1431.2,56106.4
2059-07-07,0.0,25.29,8.55,471.9,1078.4,56034.9
2059-07-08,8.67,24.43,11.87,296.0,1389.7,55959.1
2059-07-09,0.0,20.73,10.39,345.2,1259.4,55878.9
2059-07-10,0.0,22.92,6.79,462.0,987.2,55794.5
2059-07-11,2.79,16.49,9.36,188.6,1176.0,55706.0
2059-07-12,11.26,22.83,11.13,279.0,1323.0,55613.4
2059-07-13,0.0,22.99,13.84,306.6,1581.0,55516.8
2059-07-14,0.0,24.87,11.94,396.1,1396.2,55416.2
2059-07-15,0.0,27.36,10.97,449.3,1309.0,55311.7
2059-07-16,1.38,23.93,12.41,364.6,1439.8,55203.4
2059-07-17,0.0,25.44,14.13,358.4,1610.9,55091.5
2059-07-18,0.0,22.84,12.74,336.5,1471.5,54975.8
2059-07-19,0.0,21.32,9.29,391.1,1170.2,54856.7
2059-07-20,1.57,23.08,12.37,356.0,1436.4,54734.0
2059-07-21,17.09,20.13,13.26,189.2,1522.7,54607.9
2059-07-22,11.85,21.13,14.65,182.6,1666.8,54478.5
2059-07-23,8.62,17.56,14.9,85.2,1693.4,54345.9
2059-07-24,18.55,18.81,14.73,125.1,1674.6,54210.1
2059-07-25,6.67,24.78,15.99,245.7,1816.4,54071.2
2059-07-26,7.2,21.35,16.13,161.8,1832.1,53929.4
2059-07-27,9.28,21.07,15.22,185.0,1728.3,53784.6
2059-07-28,0.0,20.03,12.5,316.5,1449.1,53637.0
2059-07-29,0.0,20.48,11.85,357.5,1388.0,53486.6
2059-07-30,13.56,22.68,9.97,337.7,1225.0,53333.6
2059-07-31,0.0,25.09,10.52,471.2,1271.1,53177.9
2059-08-01,0.0,25.96,12.35,451.5,1434.4,53019.8
2059-08-02,0.0,23.11,12.28,406.4,1428.1,52859.2
2059-08-03,0.0,24.14,14.09,381.3,1607.4,52696.3
2059-08-04,18.84,23.22,15.37,239.6,1745.7,52531.0
2059-08-05,23.43,18.9,14.97,134.2,1700.7,52363.6
2059-08-06,9.91,21.31,14.27,230.1,1625.6,52194.1
2059-08-07,4.55,25.49,16.15,277.0,1834.3,52022.5
2059-08-08,15.08,25.64,18.03,236.6,2067.0,51848.9
2059-08-09,0.0,25.34,17.14,341.1,1953.5,51673.3
2059-08-10,26.5,22.1,16.6,188.0,1888.7,51496.0
2059-08-11,7.99,26.28,17.21,273.2,1962.1,51316.8
2059-08-12,0.0,25.59,13.74,428.6,1571.3,51136.0
2059-08-13,0.0,27.17,13.32,451.9,1528.2,50953.4
2059-08-14,0.0,23.63,12.15,428.0,1415.9,50769.4
2059-08-15,0.0,26.87,10.41,477.2,1261.3,50583.7
2059-08-16,11.3,23.55,13.69,290.7,1565.4,50396.6
2059-08-17,0.0,23.14,12.34,408.8,1433.1,50208.2
2059-08-18,0.0,23.09,8.08,469.9,1078.1,50018.3
2059-08-19,0.0,26.06,8.97,475.4,1145.3,49827.2
2059-08-20,0.0,26.94,12.4,443.2,1439.4,49634.9
2059-08-21,2.01,25.55,14.99,375.8,1703.6,49441.3
2059-08-22,0.0,27.6,15.07,401.0,1711.7,49246.7
2059-08-23,5.66,15.77,8.08,232.6,1078.2,49050.9
2059-08-24,0.0,12.79,5.76,292.7,919.4,48854.2
2059-08-25,0.0,16.6,1.95,452.0,703.1,48656.4
2059-08-26,3.03,20.81,4.64,340.4,850.5,48457.8
2059-08-27,2.02,22.55,10.57,384.4,1274.6,48258.2
2059-08-28,0.0,17.74,7.83,347.1,1060.0,48057.8
2059-08-29,2.54,16.93,4.81,296.8,860.5,47856.6
2059-08-30,0.0,16.32,6.04,358.3,937.5,47654.7
2059-08-31,0.0,19.32,3.37,441.9,777.8,47452.0
2059-09-01,1.2,19.35,4.9,420.4,865.8,47248.7
2059-09-02,0.0,18.41,3.02,429.2,758.4,47044.8
2059-09-03,0.0,20.13,2.78,439.6,745.8,46840.2
2059-09-04,0.66,15.31,6.97,283.9,999.1,46635.1
2059-09-05,0.0,19.96,11.17,284.7,1326.8,46429.5
2059-09-06,0.0,22.02,7.33,393.3,1024.6,46223.4
2059-09-07,0.0,17.11,7.92,293.0,1066.7,46016.8
2059-09-08,0.0,15.14,3.56,347.7,787.9,45809.8
2059-09-09,0.0,17.15,0.02,416.6,611.6,45602.5
2059-09-10,0.0,21.4,1.7,424.7,690.5,45394.8
2059-09-11,0.0,20.68,3.23,402.4,769.8,45186.7
2059-09-12,0.0,26.41,4.01,423.1,813.4,44978.4
2059-09-13,0.0,26.06,7.42,391.4,1031.0,44769.9
2059-09-14,0.0,27.2,9.55,375.3,1190.7,44561.1
2059-09-15,0.0,29.52,14.31,333.5,1630.5,44352.1
2059-09-16,12.68,20.75,12.91,157.5,1488.2,44143.0
2059-09-17,0.0,20.19,8.38,299.1,1100.3,43933.7
2059-09-18,0.0,23.98,6.45,369.8,964.4,43724.4
2059-09-19,0.0,23.04,7.23,349.2,1017.0,43514.9
2059-09-20,4.67,20.08,9.65,198.0,1198.8,43305.4
2059-09-21,0.0,19.28,7.95,281.4,1068.9,43095.9
2059-09-22,0.0,20.7,5.06,340.0,875.9,42886.4
2059-09-23,8.91,17.61,9.63,152.8,1197.4,42677.0
2059-09-24,0.0,18.19,10.63,194.0,1279.8,42467.6
2059-09-25,2.19,21.62,6.74,242.0,983.5,42258.4
2059-09-26,6.37,17.48,5.73,209.6,917.1,42049.2
2059-09-27,13.57,21.38,9.07,208.9,1152.6,41840.3
2059-09-28,60.16,19.66,13.54,114.1,1550.8,41631.5
2059-09-29,19.75,17.59,10.83,127.4,1297.5,41422.9
2059-09-30,0.0,14.75,5.49,230.8,902.2,41214.6
2059-10-01,2.2,11.91,1.52,192.1,681.8,41006.6
2059-10-02,7.34,12.81,1.87,198.5,699.0,40798.9
2059-10-03,0.0,9.6,0.98,223.2,655.7,40591.5
2059-10-04,12.56,10.08,-0.75,197.1,578.2,40384.6
2059-10-05,1.76,9.5,1.59,202.4,685.0,40178.0
2059-10-06,0.0,9.75,1.33,213.4,672.6,39971.9
2059-10-07,0.67,8.95,2.06,178.5,708.5,39766.2
2059-10-08,0.0,18.77,4.31,292.8,830.6,39561.1
2059-10-09,0.0,13.31,0.61,277.1,638.5,39356.6
2059-10-10,0.0,20.39,-2.71,337.0,500.5,39152.6
2059-10-11,0.0,24.22,2.07,324.5,709.2,38949.3
2059-10-12,0.0,21.93,4.69,299.2,853.4,38746.6
2059-10-13,0.0,16.19,4.63,247.0,849.4,38544.7
2059-10-14,0.0,17.23,-0.02,300.1,609.6,38343.5
2059-10-15,25.37,12.94,3.65,158.4,793.3,38143.1
2059-10-16,2.58,8.54,2.27,114.3,719.2,37943.5
2059-10-17,0.0,6.97,-0.53,179.0,587.7,37744.9
2059-10-18,0.0,3.93,-1.49,137.6,547.5,37547.1
2059-10-19,0.0,5.83,-0.54,159.7,587.0,37350.4
2059-10-20,0.0,4.54,-3.14,187.3,484.6,37154.6
2059-10-21,5.99,0.3,-5.78,116.3,397.1,36959.9
2059-10-22,0.0,3.71,-5.19,210.3,415.3,36766.4
2059-10-23,10.1,0.83,-3.21,80.0,482.1,36574.0
2059-10-24,0.0,2.63,-1.79,114.4,535.7,36382.9
2059-10-25,0.0,3.84,-3.91,187.6,457.6,36193.1
2059-10-26,18.43,9.13,-1.03,165.8,566.6,36004.6
2059-10-27,26.96,13.21,2.81,163.3,747.5,35817.5
2059-10-28,3.9,10.23,2.37,134.0,724.6,35631.9
2059-10-29,38.55,15.67,1.1,183.8,661.4,35447.8
2059-10-30,0.0,8.97,3.38,129.1,778.4,35265.2
2059-10-31,0.0,9.24,-0.67,201.6,581.6,35084.4
2059-11-01,0.0,16.07,2.19,229.4,715.2,34905.2
2059-11-02,0.0,2.8,-3.32,138.0,478.0,34727.8
2059-11-03,0.0,2.34,-4.88,158.0,425.1,34552.3
2059-11-04,3.48,0.54,-5.21,97.6,414.6,34378.7
2059-11-05,4.47,5.62,-4.36,144.8,442.1,34207.0
2059-11-06,0.0,4.75,-2.6,152.7,504.4,34037.5
2059-11-07,0.0,4.13,-3.26,154.2,480.1,33870.0
2059-11-08,0.0,-1.36,-8.39,150.6,324.4,33704.8
2059-11-09,0.0,-2.02,-9.01,153.1,309.2,33541.9
2059-11-10,0.0,1.03,-8.44,189.2,323.3,33381.3
2059-11-11,4.78,4.92,-4.57,141.0,435.1,33223.1
2059-11-12,2.5,5.03,-1.8,112.8,535.3,33067.5
2059-11-13,24.85,2.35,-1.5,71.4,547.4,32914.4
2059-11-14,3.96,0.02,-2.15,43.3,521.4,32764.0
2059-11-15,0.0,-0.83,-3.66,73.0,466.0,32616.4
2059-11-16,0.0,-1.52,-6.31,117.1,381.1,32471.6
2059-11-17,0.0,-0.04,-9.55,183.4,296.4,32329.7
2059-11-18,0.0,2.15,-10.52,198.8,274.4,32190.8
2059-11-19,5.89,10.59,-5.76,151.7,397.5,32055.0
2059-11-20,21.45,11.74,2.05,124.7,708.0,31922.3
2059-11-21,3.6,5.67,0.62,79.6,638.8,31792.9
2059-11-22,0.0,3.91,-3.2,138.0,482.6,31666.8
2059-11-23,0.0,4.01,-6.11,167.8,386.9,31544.1
2059-11-24,0.0,3.2,-5.44,152.2,407.5,31424.9
2059-11-25,0.0,2.67,-4.49,133.9,437.7,31309.3
2059-11-26,0.0,2.26,-6.61,153.2,372.4,31197.3
2059-11-27,4.6,5.12,-7.05,144.9,360.1,31089.0
2059-11-28,28.25,4.12,-3.58,114.5,468.8,30984.5
2059-11-29,9.42,12.64,-2.51,146.6,507.7,30883.9
2059-11-30,1.27,1.22,-6.91,153.8,364.0,30787.2
2059-12-01,3.34,1.3,-7.1,118.7,358.6,30694.6
2059-12-02,0.0,-8.11,-11.91,84.9,245.5,30606.0
2059-12-03,0.0,-8.21,-12.86,101.7,227.3,30521.6
2059-12-04,0.0,-9.93,-14.77,104.8,194.4,30441.4
2059-12-05,0.0,-10.34,-16.29,125.1,171.2,30365.6
2059-12-06,0.0,-7.48,-20.1,185.3,123.8,30294.0
2059-12-07,11.96,-5.18,-12.25,104.1,238.8,30226.9
2059-12-08,0.0,-3.6,-10.82,139.0,267.8,30164.2
2059-12-09,0.0,-4.59,-17.86,184.0,150.0,30106.1
2059-12-10,0.0,-3.17,-20.37,190.6,121.0,30052.5
2059-12-11,10.99,4.74,-13.27,142.6,219.9,30003.5
2059-12-12,4.67,2.74,-9.79,130.7,290.7,29959.2
2059-12-13,0.0,-9.73,-15.73,111.6,179.5,29919.5
2059-12-14,9.28,-8.52,-19.05,122.1,135.5,29884.6
2059-12-15,30.35,-4.73,-15.49,123.6,183.1,29854.4
2059-12-16,0.0,-2.97,-9.4,114.0,299.8,29829.0
2059-12-17,8.81,4.09,-10.52,137.4,274.3,29808.5
2059-12-18,5.33,5.57,-6.72,128.0,369.2,29792.7
2059-12-19,0.0,-5.3,-11.38,111.2,256.2,29781.8
2059-12-20,0.0,-8.49,-18.11,156.5,146.9,29775.7
2059-12-21,2.31,-9.63,-17.3,101.1,157.3,29774.4
2059-12-22,1.25,-6.38,-19.83,181.1,126.8,29778.1
2059-12-23,1.93,0.49,-12.0,173.8,243.7,29786.5
2059-12-24,7.26,8.3,-4.86,130.4,425.9,29799.8
2059-12-25,12.69,7.14,1.2,76.1,666.0,29818.0
2059-12-26,4.22,2.67,-1.2,53.2,559.3,29840.9
2059-12-27,0.0,-2.73,-7.41,88.0,350.3,29868.6
2059-12-28,0.0,0.73,-11.92,176.8,245.3,29901.2
2059-12-29,4.84,5.17,-10.41,142.2,276.8,29938.4
2059-12-30,6.59,2.98,-5.38,105.4,409.4,29980.4
2059-12-31,0.0,-1.1,-7.28,113.0,353.8,30027.0
2060-01-01,0.0,-6.77,-12.95,116.3,225.7,30078.5
2060-01-02,0.0,-9.75,-16.76,130.9,164.7,30134.3
2060-01-03,3.29,0.17,-15.09,151.5,189.3,30194.7
2060-01-04,0.0,1.1,-10.25,179.8,280.2,30259.6
2060-01-05,0.0,-5.85,-15.09,163.1,189.3,30328.9
2060-01-06,1.91,-8.76,-14.59,115.6,197.3,30402.6
2060-01-07,0.0,-13.1,-22.56,169.6,99.8,30480.7
2060-01-08,0.0,-21.81,-26.16,92.0,72.2,30562.9
2060-01-09,0.0,-20.78,-27.76,140.0,62.2,30649.4
2060-01-10,0.0,-20.73,-28.7,156.3,57.0,30740.0
2060-01-11,1.16,-17.54,-28.66,193.8,57.2,30834.6
2060-01-12,0.0,-13.99,-27.0,209.2,66.7,30933.3
2060-01-13,1.76,-14.56,-26.12,201.4,72.4,31035.8
2060-01-14,0.0,-25.68,-29.52,87.6,52.7,31142.2
2060-01-15,0.0,-23.92,-30.94,149.8,46.1,31252.3
2060-01-16,0.0,-2.1,-30.87,244.5,46.4,31366.2
2060-01-17,0.0,-3.48,-20.74,238.0,117.1,31483.6
2060-01-18,13.35,-4.22,-17.44,169.6,155.5,31604.5
2060-01-19,10.63,-4.42,-12.23,127.1,239.2,31728.9
2060-01-20,0.0,-6.54,-9.97,83.9,286.5,31856.7
2060-01-21,0.0,-9.97,-19.31,198.2,132.6,31987.7
2060-01-22,1.97,-10.62,-25.01,247.2,80.1,32121.9
2060-01-23,0.0,-13.78,-22.18,190.0,103.2,32259.3
2060-01-24,0.0,-19.52,-24.55,127.6,83.5,32399.7
2060-01-25,0.0,-21.89,-27.84,149.8,61.7,32543.0
2060-01-26,0.0,-21.13,-30.72,216.8,47.1,32689.2
2060-01-27,0.0,-13.85,-29.23,269.5,54.2,32838.2
2060-01-28,0.0,-12.22,-24.72,254.2,82.3,32989.9
2060-01-29,0.0,-9.34,-19.51,231.4,130.3,33144.3
2060-01-30,0.0,-12.94,-17.63,128.5,153.0,33301.2
2060-01-31,0.0,-9.63,-18.36,215.0,143.8,33460.6
2060-02-01,0.0,-2.35,-14.61,260.5,197.0,33622.3
2060-02-02,0.0,-1.5,-11.09,232.7,262.1,33786.4
2060-02-03,3.28,-0.02,-17.39,225.8,156.2,33952.8
2060-02-04,5.68,0.12,-14.56,218.7,197.8,34121.3
2060-02-05,0.0,-9.87,-16.41,180.6,169.5,34291.9
2060-02-06,4.88,-8.3,-16.91,171.6,162.6,34464.5
2060-02-07,3.37,-6.0,-13.1,148.6,223.0,34639.0
2060-02-08,0.0,-11.15,-17.96,195.0,148.8,34815.5
2060-02-09,0.0,-2.88,-21.81,332.2,106.6,34993.8
2060-02-10,0.0,1.07,-11.11,287.8,261.7,35173.8
2060-02-11,2.99,-1.86,-12.42,204.6,235.6,35355.5
2060-02-12,0.0,-8.75,-19.02,274.2,135.9,35538.8
2060-02-13,1.95,-3.53,-15.78,301.5,178.8,35723.7
2060-02-14,2.0,-1.86,-18.4,342.1,143.3,35910.0
2060-02-15,0.0,-19.6,-30.5,298.7,48.0,36097.8
2060-02-16,0.0,-16.36,-31.17,348.6,45.0,36287.0
2060-02-17,0.0,-9.45,-31.33,379.9,44.4,36477.5
2060-02-18,0.0,-1.77,-21.06,374.6,113.9,36669.2
2060-02-19,0.0,-2.87,-17.05,341.9,160.7,36862.2
2060-02-20,0.0,-0.78,-14.94,343.4,191.7,37056.3
2060-02-21,3.55,-4.24,-14.09,214.1,205.6,37251.5
2060-02-22,0.0,-2.87,-9.61,213.1,294.9,37447.8
2060-02-23,0.0,-2.51,-9.93,233.2,287.4,37645.0
2060-02-24,0.0,-3.2,-14.03,312.5,206.6,37843.2
2060-02-25,0.0,-2.53,-15.07,344.1,189.7,38042.3
2060-02-26,0.0,-7.89,-15.93,260.7,176.5,38242.3
2060-02-27,0.0,-4.55,-17.18,358.5,158.9,38443.1
2060-02-28,0.0,-2.18,-16.33,380.7,170.7,38644.7
2060-02-29,0.0,0.51,-19.38,426.3,131.7,38847.0
2060-03-01,0.0,3.92,-12.76,404.6,229.2,39050.0
2060-03-02,2.17,5.91,-5.26,246.7,412.9,39253.6
2060-03-03,0.0,3.12,-2.78,198.0,497.6,39457.9
2060-03-04,0.0,2.78,-7.5,325.0,347.9,39662.7
2060-03-05,15.17,0.13,-8.84,228.7,313.3,39868.1
2060-03-06,4.54,1.08,-5.29,172.7,411.9,40074.0
2060-03-07,0.0,-0.44,-9.01,301.0,309.0,40280.3
2060-03-08,0.0,-3.98,-16.44,393.6,169.1,40487.1
2060-03-09,0.0,-2.11,-14.86,398.6,193.0,40694.3
2060-03-10,0.0,2.47,-18.1,482.5,147.1,40901.8
2060-03-11,0.0,6.46,-13.24,478.3,220.3,41109.7
2060-03-12,2.73,0.18,-8.98,242.0,309.8,41317.8
2060-03-13,0.0,-2.95,-7.63,182.7,344.4,41526.3
2060-03-14,2.78,-0.14,-15.45,343.8,183.8,41734.9
2060-03-15,0.0,2.46,-11.07,434.9,262.6,41943.8
2060-03-16,0.0,-6.35,-14.26,306.0,202.8,42152.9
2060-03-17,0.0,-6.4,-16.83,386.3,163.6,42362.1
2060-03-18,0.0,-4.11,-21.27,505.7,111.8,42571.4
2060-03-19,0.0,-0.85,-19.98,524.8,125.1,42780.8
2060-03-20,1.76,0.6,-20.28,537.8,121.9,42990.3
2060-03-21,1.54,-0.02,-11.35,421.2,256.7,43199.8
2060-03-22,0.0,-7.93,-14.52,282.2,198.4,43409.3
2060-03-23,0.0,-2.4,-21.14,537.8,113.1,43618.7
2060-03-24,0.0,1.39,-14.65,508.6,186.0,43828.1
2060-03-25,2.53,7.03,-6.4,347.9,377.6,44037.5
2060-03-26,11.53,7.22,-0.57,235.0,585.9,44246.7
2060-03-27,0.0,5.04,0.14,209.0,616.9,44455.7
2060-03-28,0.0,5.96,-6.0,447.8,374.2,44664.6
2060-03-29,0.0,8.29,-6.5,507.0,328.2,44873.3
2060-03-30,0.0,13.23,-4.43,546.9,342.2,45081.7
2060-03-31,0.0,12.51,-4.16,539.4,353.9,45289.9
2060-04-01,0.0,5.79,-1.06,298.5,565.2,45497.8
2060-04-02,5.18,8.99,-0.98,303.0,568.6,45705.3
2060-04-03,1.07,2.74,-0.67,162.4,581.5,45912.5
2060-04-04,7.41,3.38,-0.42,136.0,592.2,46119.2
2060-04-05,4.64,-1.21,-4.02,107.8,453.7,46325.6
2060-04-06,0.0,1.01,-4.71,272.9,430.6,46531.4
2060-04-07,0.0,3.56,-3.19,320.6,482.8,46736.8
2060-04-08,0.0,8.33,-2.39,462.7,472.3,46941.7
2060-04-09,0.0,7.22,-4.83,509.0,384.2,47145.9
2060-04-10,0.0,2.4,-5.89,407.9,393.8,47349.6
2060-04-11,0.0,6.3,-5.05,505.2,379.9,47552.6
2060-04-12,0.0,5.58,-5.02,482.1,391.0,47754.9
2060-04-13,19.16,7.39,-3.79,376.0,458.0,47956.4
2060-04-14,6.0,10.06,-0.47,361.6,590.3,48157.2
2060-04-15,0.0,5.6,-1.13,347.9,562.4,48357.2
2060-04-16,0.0,8.21,-4.38,544.2,405.7,48556.4
2060-04-17,5.99,12.8,-5.63,467.0,377.8,48754.6
2060-04-18,10.9,9.9,-1.78,395.4,531.5,48951.8
2060-04-19,7.07,19.28,-0.36,472.0,506.2,49148.1
2060-04-20,0.0,9.37,-0.8,491.1,536.5,49343.3
2060-04-21,0.0,12.29,-5.03,623.8,343.0,49537.4
2060-04-22,1.72,18.44,-1.92,642.4,388.1,49730.4
2060-04-23,0.0,10.42,-3.21,576.6,414.0,49922.1
2060-04-24,3.88,6.49,-5.13,402.5,417.0,50112.6
2060-04-25,0.0,6.08,-9.29,611.6,273.8,50301.8
2060-04-26,2.82,2.79,-4.41,282.3,440.4,50489.6
2060-04-27,6.11,11.27,0.97,365.2,655.2,50675.9
2060-04-28,0.0,6.85,-1.63,434.9,542.0,50860.8
2060-04-29,0.0,16.92,-4.84,664.0,328.3,51044.1
2060-04-30,0.0,25.8,1.39,663.0,465.6,51225.8
2060-05-01,0.0,27.13,4.19,651.4,564.4,51405.8
2060-05-02,0.0,25.24,9.26,580.6,869.1,51584.1
2060-05-03,10.41,17.57,9.63,270.6,1197.2,51760.6
2060-05-04,9.62,6.36,2.0,165.0,705.4,51935.1
2060-05-05,0.0,12.63,-2.3,574.2,456.9,52107.8
2060-05-06,1.24,12.3,0.23,502.0,579.5,52278.4
2060-05-07,0.0,8.75,-0.68,419.5,581.3,52446.9
2060-05-08,0.0,10.24,-2.32,516.5,477.5,52613.2
2060-05-09,0.0,15.19,-0.5,578.6,490.8,52777.3
2060-05-10,0.71,19.33,-2.88,648.2,371.3,52939.1
2060-05-11,0.0,15.65,1.81,528.1,600.6,53098.5
2060-05-12,0.0,11.18,1.06,426.1,640.3,53255.4
2060-05-13,5.63,8.23,1.76,219.1,693.3,53409.7
2060-05-14,5.89,19.16,3.87,412.3,750.3,53561.4
2060-05-15,4.1,27.03,6.4,454.3,821.7,53710.5
2060-05-16,0.0,16.4,4.25,469.6,756.8,53856.7
2060-05-17,0.0,20.98,3.32,583.5,615.7,54000.0
2060-05-18,12.14,14.83,6.62,255.0,975.4,54140.4
2060-05-19,0.0,18.37,5.05,501.9,786.9,54277.8
2060-05-20,2.85,22.2,1.56,458.6,626.5,54412.0
2060-05-21,0.0,13.94,3.59,418.4,788.6,54543.1
2060-05-22,0.0,17.97,-0.54,600.2,490.0,54670.8
2060-05-23,0.0,18.43,2.55,554.5,629.5,54795.2
2060-05-24,7.08,12.91,1.16,346.3,664.0,54916.2
2060-05-25,3.49,12.39,3.57,277.4,788.9,55033.6
2060-05-26,6.01,7.37,3.67,128.8,794.2,55147.4
2060-05-27,5.2,17.76,5.25,356.5,887.4,55257.6
2060-05-28,3.29,11.95,6.56,176.5,971.7,55364.0
2060-05-29,0.0,7.81,4.19,173.6,823.7,55466.5
2060-05-30,0.0,10.65,3.93,313.4,809.1,55565.2
2060-05-31,0.0,17.86,2.05,575.3,633.2,55659.8
2060-06-01,2.36,12.9,3.32,323.1,774.7,55750.4
2060-06-02,15.4,7.95,6.21,79.6,948.6,55836.9
2060-06-03,4.02,11.37,5.65,208.2,912.1,55919.2
2060-06-04,0.0,14.65,3.79,472.4,792.2,55997.2
2060-06-05,0.0,20.86,2.08,604.3,604.0,56070.9
2060-06-06,0.0,22.08,5.59,568.5,784.3,56140.2
2060-06-07,5.01,14.5,7.78,232.7,1056.4,56205.1
2060-06-08,1.72,23.02,7.45,550.0,906.0,56265.6
2060-06-09,0.0,25.34,7.91,570.8,908.2,56321.4
2060-06-10,0.0,16.09,4.75,473.5,838.7,56372.7
2060-06-11,0.0,14.39,3.09,427.4,762.2,56419.4
2060-06-12,0.0,17.93,2.74,493.7,708.3,56461.3
2060-06-13,0.0,24.45,3.55,540.1,688.0,56498.6
2060-06-14,0.0,20.41,10.54,372.5,1272.1,56531.2
2060-06-15,13.99,24.94,12.24,322.3,1424.3,56558.9
2060-06-16,0.0,20.55,8.38,435.9,1086.9,56581.9
2060-06-17,0.0,23.86,7.67,496.4,973.1,56600.1
2060-06-18,4.01,22.8,8.49,349.6,1108.4,56613.4
2060-06-19,24.67,16.25,7.35,268.1,1025.6,56621.9
2060-06-20,6.92,16.26,2.86,353.0,749.8,56625.6
2060-06-21,0.0,17.68,7.27,403.7,1020.1,56624.3
2060-06-22,14.62,21.73,8.53,344.8,1111.5,56618.3
2060-06-23,5.55,13.68,9.1,154.5,1155.4,56607.4
2060-06-24,4.64,18.65,10.16,262.0,1240.4,56591.7
2060-06-25,5.31,18.47,10.21,254.0,1244.6,56571.1
2060-06-26,0.0,20.82,4.79,507.1,859.3,56545.8
2060-06-27,4.45,20.05,8.16,323.8,1083.9,56515.6
2060-06-28,3.67,19.4,5.02,357.5,872.9,56480.7
2060-06-29,16.38,22.59,5.15,380.2,880.9,56441.1
2060-06-30,10.3,19.15,9.72,267.6,1204.8,56396.8
2060-07-01,5.87,24.4,8.98,355.6,1145.7,56347.9
2060-07-02,12.6,21.42,10.83,281.0,1297.0,56294.3
2060-07-03,4.03,21.96,10.63,291.5,1280.4,56236.2
2060-07-04,0.0,24.58,9.89,451.9,1218.2,56173.5
2060-07-05,2.26,23.85,12.99,279.9,1496.2,56106.4
2060-07-06,0.0,21.32,11.89,344.4,1391.3,56034.9
2060-07-07,0.0,25.46,6.67,507.0,978.7,55959.1
2060-07-08,24.17,17.65,10.25,212.4,1248.2,55878.9
2060-07-09,29.68,18.37,12.73,167.8,1470.9,55794.5
2060-07-10,5.5,15.71,11.3,137.8,1338.5,55706.0
2060-07-11,0.0,22.64,9.11,449.2,1155.8,55613.4
2060-07-12,0.0,27.26,9.75,493.3,1207.0,55516.8
2060-07-13,1.79,23.85,12.32,405.3,1431.6,55416.2
2060-07-14,3.74,21.1,12.59,245.6,1456.8,55311.7
2060-07-15,13.88,17.92,13.83,130.2,1579.7,55203.4
2060-07-16,9.9,22.08,14.94,214.1,1698.3,55091.5
2060-07-17,0.0,25.48,14.72,391.5,1673.6,54975.8
2060-07-18,0.0,27.13,13.43,448.9,1539.9,54856.7
2060-07-19,3.73,22.25,14.95,221.0,1699.1,54734.0
2060-07-20,0.77,26.47,15.39,397.5,1747.2,54607.9
2060-07-21,0.0,27.46,14.1,440.2,1608.1,54478.5
2060-07-22,0.0,28.96,15.16,440.8,1722.0,54345.9
2060-07-23,18.31,23.37,13.46,277.1,1542.4,54210.1
2060-07-24,0.0,20.08,9.51,395.5,1187.5,54071.2
2060-07-25,0.0,22.17,7.33,472.4,1024.4,53929.4
2060-07-26,0.0,24.86,7.66,493.6,1047.4,53784.6
2060-07-27,0.0,24.65,9.81,461.1,1212.2,53637.0
2060-07-28,0.0,24.9,12.84,408.5,1481.8,53486.6
2060-07-29,9.23,25.38,14.23,291.3,1621.7,53333.6
2060-07-30,0.0,29.09,14.6,438.4,1661.1,53177.9
2060-07-31,25.11,24.77,16.64,227.9,1892.5,53019.8
2060-08-01,1.39,27.2,16.2,376.5,1840.6,52859.2
2060-08-02,0.0,26.69,11.83,451.9,1385.7,52696.3
2060-08-03,0.0,25.42,14.02,391.0,1599.5,52531.0
2060-08-04,0.0,22.75,10.41,418.7,1261.4,52363.6
2060-08-05,0.0,19.17,8.38,390.8,1100.4,52194.1
2060-08-06,2.53,20.86,7.95,326.5,1069.0,52022.5
2060-08-07,1.66,19.98,10.29,359.8,1251.4,51848.9
2060-08-08,5.3,21.13,9.87,294.2,1217.0,51673.3
2060-08-09,0.0,23.69,8.77,448.2,1129.5,51496.0
2060-08-10,11.97,26.2,11.01,331.4,1312.6,51316.8
2060-08-11,14.69,23.37,14.0,247.9,1597.7,51136.0
2060-08-12,39.29,23.65,16.2,203.7,1840.5,50953.4
2060-08-13,60.27,20.92,16.15,138.2,1834.6,50769.4
2060-08-14,0.0,23.58,15.5,290.3,1760.2,50583.7
2060-08-15,0.0,21.73,10.32,382.6,1253.9,50396.6
2060-08-16,0.0,23.8,9.42,429.8,1180.2,50208.2
2060-08-17,0.0,25.06,10.66,424.4,1282.4,50018.3
2060-08-18,0.0,24.0,10.93,400.1,1305.8,49827.2
2060-08-19,1.23,22.89,12.93,332.4,1490.1,49634.9
2060-08-20,0.0,22.99,11.9,360.0,1392.7,49441.3
2060-08-21,4.94,17.11,11.65,155.3,1369.4,49246.7
2060-08-22,0.0,20.23,5.92,427.6,929.4,49050.9
2060-08-23,3.06,19.1,7.25,287.5,1019.0,48854.2
2060-08-24,0.0,17.6,5.62,389.2,910.4,48656.4
2060-08-25,0.0,20.67,3.47,456.1,783.4,48457.8
2060-08-26,0.0,24.82,5.66,460.0,913.2,48258.2
2060-08-27,0.0,25.04,12.04,381.1,1405.1,48057.8
2060-08-28,0.0,28.15,15.2,366.4,1726.9,47856.6
2060-08-29,8.52,20.76,12.31,213.8,1430.9,47654.7
2060-08-30,14.99,17.14,12.49,127.0,1448.0,47452.0
2060-08-31,12.56,17.9,11.27,177.4,1335.6,47248.7
2060-09-01,0.78,18.57,7.5,358.0,1036.2,47044.8
2060-09-02,0.0,15.09,2.33,394.4,722.5,46840.2
2060-09-03,10.21,16.0,4.83,270.6,861.5,46635.1
2060-09-04,0.0,15.44,5.98,320.6,933.6,46429.5
2060-09-05,0.0,17.3,1.95,419.2,702.9,46223.4
2060-09-06,0.0,22.19,5.68,416.5,914.0,46016.8
2060-09-07,7.96,23.69,9.07,290.0,1153.2,45809.8
2060-09-08,0.0,18.37,10.18,269.5,1242.3,45602.5
2060-09-09,51.91,13.66,7.02,175.4,1002.9,45394.8
2060-09-10,19.84,15.14,7.47,197.0,1034.1,45186.7
2060-09-11,0.0,21.52,4.72,407.5,855.3,44978.4
2060-09-12,2.95,22.65,6.53,293.8,969.6,44769.9
2060-09-13,0.0,15.57,3.61,342.1,791.0,44561.1
2060-09-14,0.0,18.68,-0.11,412.6,605.6,44352.1
2060-09-15,0.0,24.97,4.73,406.1,855.4,44143.0
2060-09-16,0.0,23.95,10.65,333.7,1281.5,43933.7
2060-09-17,0.0,22.96,11.11,309.3,1321.4,43724.4
2060-09-18,0.0,11.5,7.16,139.3,1012.2,43514.9
2060-09-19,0.0,11.66,3.73,242.1,797.6,43305.4
2060-09-20,0.0,15.07,1.37,346.0,674.3,43095.9
2060-09-21,0.0,16.4,1.43,357.0,677.3,42886.4
2060-09-22,0.0,17.27,5.15,311.7,881.4,42677.0
2060-09-23,0.0,16.53,4.0,316.6,813.2,42467.6
2060-09-24,0.0,22.96,1.97,382.5,704.0,42258.4
2060-09-25,3.53,21.42,6.13,254.3,942.9,42049.2
2060-09-26,0.0,19.21,5.21,323.8,884.8,41840.3
2060-09-27,0.0,22.85,6.64,337.5,977.0,41631.5
2060-09-28,1.69,15.5,4.77,269.7,858.3,41422.9
2060-09-29,0.0,15.33,1.45,312.8,678.1,41214.6
2060-09-30,0.0,19.74,1.06,346.3,659.4,41006.6
2060-10-01,0.0,20.63,3.74,325.3,798.4,40798.9
2060-10-02,0.0,19.49,3.77,311.2,799.8,40591.5
2060-10-03,0.0,13.86,2.15,262.0,712.8,40384.6
2060-10-04,0.0,17.54,-0.12,322.6,605.3,40178.0
2060-10-05,0.0,5.59,-1.66,177.4,540.8,39971.9
2060-10-06,0.0,7.93,-3.6,258.0,468.0,39766.2
2060-10-07,0.0,18.14,-0.04,317.5,608.7,39561.1
2060-10-08,0.0,23.74,4.01,313.7,813.5,39356.6
2060-10-09,0.0,19.44,9.85,197.1,1215.2,39152.6
2060-10-10,0.0,16.48,8.51,168.5,1110.3,38949.3
2060-10-11,2.54,11.29,4.93,106.8,867.5,38746.6
2060-10-12,13.85,7.57,4.42,58.5,837.3,38544.7
2060-10-13,0.0,12.33,3.08,199.4,762.0,38343.5
2060-10-14,0.0,15.42,-0.97,285.3,569.2,38143.1
2060-10-15,7.1,14.27,2.34,179.1,723.0,37943.5
2060-10-16,20.18,16.68,5.76,164.5,919.1,37744.9
2060-10-17,8.44,10.29,4.54,97.8,844.2,37547.1
2060-10-18,0.53,9.09,2.3,150.0,721.0,37350.4
2060-10-19,0.0,6.62,-1.24,170.7,557.6,37154.6
2060-10-20,0.0,7.23,-3.83,221.2,460.1,36959.9
2060-10-21,0.0,8.2,-4.76,241.8,429.1,36766.4
2060-10-22,0.0,7.45,-0.03,159.6,609.3,36574.0
2060-10-23,0.0,10.85,-2.85,242.0,495.0,36382.9
2060-10-24,0.0,9.02,-2.95,225.0,491.3,36193.1
2060-10-25,0.0,7.94,-0.21,170.2,601.5,36004.6
2060-10-26,0.0,11.74,-1.94,236.4,529.8,35817.5
2060-10-27,0.0,9.62,-0.82,201.4,575.3,35631.9
2060-10-28,0.0,5.87,-3.62,188.4,467.6,35447.8
2060-10-29,0.0,7.49,-5.15,223.1,416.4,35265.2
2060-10-30,6.79,10.41,-7.55,212.0,346.5,35084.4
2060-10-31,3.34,13.52,-0.25,186.6,599.6,34905.2
2060-11-01,0.0,7.45,2.29,120.8,720.1,34727.8
2060-11-02,4.47,2.63,-2.34,80.9,514.1,34552.3
2060-11-03,0.52,3.11,-0.69,85.7,580.7,34378.7
2060-11-04,5.59,4.07,-1.86,95.4,532.9,34207.0
2060-11-05,13.01,1.09,-1.26,42.6,557.0,34037.5
2060-11-06,4.65,1.59,-1.87,60.8,532.6,33870.0
2060-11-07,5.19,1.19,-5.51,112.3,405.3,33704.8
2060-11-08,3.01,0.39,-5.5,100.6,405.4,33541.9
2060-11-09,0.0,-3.25,-9.54,141.6,296.4,33381.3
2060-11-10,0.0,-0.67,-12.7,206.8,230.3,33223.1
2060-11-11,0.0,2.51,-8.88,195.8,312.4,33067.5
2060-11-12,0.0,-2.12,-12.48,185.9,234.5,32914.4
2060-11-13,0.0,-1.96,-14.62,201.9,196.8,32764.0
2060-11-14,0.0,-0.13,-14.43,206.6,199.8,32616.4
2060-11-15,0.0,-0.37,-7.57,141.3,345.9,32471.6
2060-11-16,0.0,-0.3,-8.83,156.8,313.5,32329.7
2060-11-17,0.0,0.93,-12.15,191.5,240.7,32190.8
2060-11-18,0.0,2.5,-4.89,134.7,424.9,32055.0
2060-11-19,0.0,4.5,-0.08,88.7,607.4,31922.3
2060-11-20,0.0,3.85,-3.01,126.9,489.3,31792.9
2060-11-21,0.0,2.09,-5.33,134.3,410.7,31666.8
2060-11-22,0.0,3.86,-2.97,125.8,490.7,31544.1
2060-11-23,0.0,5.2,-6.74,173.9,368.9,31424.9
2060-11-24,20.6,5.2,-3.1,106.1,486.0,31309.3
2060-11-25,19.67,12.29,0.28,125.4,623.3,31197.3
2060-11-26,0.0,-2.91,-5.6,55.4,402.4,31089.0
2060-11-27,0.0,-1.09,-8.84,135.9,313.2,30984.5
2060-11-28,21.34,4.38,-6.78,138.4,367.6,30883.9
2060-11-29,0.0,3.56,-2.56,128.0,506.0,30787.2
2060-11-30,0.0,2.23,-6.33,163.0,380.6,30694.6
2060-12-01,22.93,0.45,-6.7,110.2,370.0,30606.0
2060-12-02,0.0,-1.64,-9.85,158.7,289.2,30521.6
2060-12-03,0.0,-10.58,-19.71,168.1,128.1,30441.4
2060-12-04,1.23,-3.88,-20.25,200.0,122.2,30365.6
2060-12-05,2.85,-2.71,-17.38,145.4,156.2,30294.0
2060-12-06,0.0,-11.09,-19.98,154.4,125.2,30226.9
2060-12-07,6.54,-10.18,-22.89,137.6,96.9,30164.2
2060-12-08,11.44,-4.79,-15.04,123.1,190.0,30106.1
2060-12-09,0.0,-5.13,-11.9,121.7,245.6,30052.5
2060-12-10,14.47,-3.78,-13.67,120.2,212.7,30003.5
2060-12-11,17.14,-1.6,-8.35,93.1,325.6,29959.2
2060-12-12,1.24,-2.98,-6.5,70.8,375.8,29919.5
2060-12-13,1.42,-2.81,-7.45,93.3,349.0,29884.6
2060-12-14,0.0,-6.33,-10.98,96.6,264.4,29854.4
2060-12-15,0.0,-10.95,-19.73,158.1,127.8,29829.0
2060-12-16,0.0,-4.18,-20.47,195.5,119.8,29808.5
2060-12-17,2.63,-0.97,-15.87,143.6,177.5,29792.7
2060-12-18,0.0,-8.74,-22.43,187.2,101.0,29781.8
2060-12-19,2.68,-2.53,-17.1,141.6,160.0,29775.7
2060-12-20,2.33,-7.37,-14.25,94.3,202.9,29774.4
2060-12-21,0.0,-14.47,-20.26,110.4,122.1,29778.1
2060-12-22,2.51,-1.32,-20.01,148.6,124.7,29786.5
2060-12-23,22.49,9.13,-6.15,141.2,386.0,29799.8
2060-12-24,0.0,0.78,-11.34,175.7,256.9,29818.0
2060-12-25,0.0,-12.74,-23.03,165.3,95.7,29840.9
2060-12-26,0.0,-14.41,-24.85,165.2,81.3,29868.6
2060-12-27,0.0,-15.11,-20.97,108.3,114.7,29901.2
2060-12-28,3.57,-8.31,-23.06,145.1,95.5,29938.4
2060-12-29,1.25,-4.38,-17.64,184.1,152.8,29980.4
2060-12-30,0.0,-8.08,-22.53,190.9,100.1,30027.0
2060-12-31,0.49,-2.0,-18.73,192.8,145.9,30052.7
2061-01-01,0.99,4.07,-14.93,194.7,191.8,30078.5
2061-01-02,5.48,-8.23,-21.74,131.0,107.3,30134.3
2061-01-03,0.0,-0.39,-16.68,189.4,165.8,30194.7
2061-01-04,0.0,-8.51,-17.77,137.3,151.2,30259.6
2061-01-05,0.0,-12.32,-22.25,146.6,102.6,30328.9
2061-01-06,3.98,-10.85,-26.49,145.3,70.0,30402.6
2061-01-07,0.0,-3.7,-19.63,194.7,128.9,30480.7
2061-01-08,0.0,-3.98,-13.28,142.0,219.6,30562.9
2061-01-09,0.0,-8.44,-16.53,128.9,167.9,30649.4
2061-01-10,2.68,-2.93,-14.89,129.9,192.5,30740.0
2061-01-11,0.0,-8.98,-16.93,129.5,162.4,30834.6
2061-01-12,2.16,-5.99,-26.36,166.8,70.8,30933.3
2061-01-13,2.98,6.19,-17.0,171.3,161.4,31035.8
2061-01-14,8.11,7.97,-12.07,168.5,242.3,31142.2
2061-01-15,0.0,-10.08,-19.24,153.0,133.4,31252.3
2061-01-16,1.76,-8.41,-18.0,159.9,148.2,31366.2
2061-01-17,2.6,-13.23,-18.07,67.7,147.4,31483.6
2061-01-18,0.0,-17.48,-22.71,98.2,98.5,31604.5
2061-01-19,3.3,-13.0,-29.33,171.3,53.7,31728.9
2061-01-20,3.77,-11.2,-24.5,157.9,83.9,31856.7
2061-01-21,0.0,-20.79,-26.36,108.6,70.8,31987.7
2061-01-22,0.0,-18.98,-30.02,193.2,50.3,32121.9
2061-01-23,0.0,-16.48,-28.5,206.1,58.0,32259.3
2061-01-24,0.0,-12.01,-26.67,232.7,68.8,32399.7
2061-01-25,0.0,-14.94,-23.84,171.0,89.0,32543.0
2061-01-26,0.0,-17.04,-25.33,163.6,77.8,32689.2
2061-01-27,0.0,-17.66,-31.22,233.1,44.8,32838.2
2061-01-28,0.0,-13.92,-28.68,245.8,57.1,32989.9
2061-01-29,0.0,-7.74,-26.0,268.8,73.2,33144.3
2061-01-30,0.0,-4.88,-18.0,235.9,148.3,33301.2
2061-01-31,0.0,-5.74,-23.64,274.2,90.6,33460.6
2061-02-01,0.0,-1.59,-21.49,284.5,109.7,33622.3
2061-02-02,0.0,-0.24,-19.72,286.2,127.9,33786.4
2061-02-03,0.0,1.48,-18.01,287.7,148.1,33952.8
2061-02-04,0.0,2.47,-14.7,277.0,195.6,34121.3
2061-02-05,0.0,4.63,-13.12,283.0,222.5,34291.9
2061-02-06,0.0,3.82,-13.05,281.3,223.9,34464.5
2061-02-07,0.0,6.44,-9.89,277.7,288.3,34639.0
2061-02-08,6.38,3.43,-4.31,124.2,443.8,34815.5
2061-02-09,0.0,0.86,-3.36,98.6,476.6,34993.8
2061-02-10,16.47,-5.85,-8.47,52.8,322.4,35173.8
2061-02-11,2.85,-6.51,-8.65,48.1,317.9,35355.5
2061-02-12,0.0,-4.3,-11.09,177.4,262.2,35538.8
2061-02-13,0.0,-6.74,-14.33,204.3,201.5,35723.7
2061-02-14,4.44,-3.38,-23.93,264.2,88.3,35910.0
2061-02-15,3.02,2.68,-14.22,251.1,203.4,36097.8
2061-02-16,4.89,4.92,-2.05,138.2,525.6,36287.0
2061-02-17,0.0,-3.32,-10.73,200.4,269.7,36477.5
2061-02-18,0.0,-6.99,-19.94,310.1,125.6,36669.2
2061-02-19,0.0,-11.35,-23.19,299.7,94.3,36862.2
2061-02-20,0.0,-15.55,-25.44,267.4,77.0,37056.3
2061-02-21,1.79,-10.75,-29.66,375.7,52.0,37251.5
2061-02-22,3.42,-8.04,-20.31,235.1,121.6,37447.8
2061-02-23,0.0,-6.1,-16.13,277.7,173.6,37645.0
2061-02-24,0.0,-9.19,-23.23,346.8,94.0,37843.2
2061-02-25,0.0,-6.92,-22.64,367.1,99.1,38042.3
2061-02-26,0.0,-6.82,-23.15,376.6,94.7,38242.3
2061-02-27,0.0,-6.93,-17.9,305.6,149.6,38443.1
2061-02-28,0.0,-3.52,-16.71,349.2,165.4,38644.7
2061-03-01,13.64,-6.47,-12.78,153.4,228.9,38847.0
2061-03-02,3.06,-2.81,-8.05,134.1,333.2,39050.0
2061-03-03,0.0,-8.91,-14.49,200.2,198.9,39253.6
2061-03-04,0.0,-5.75,-18.03,377.0,147.9,39457.9
2061-03-05,0.0,-4.25,-17.77,402.9,151.2,39662.7
2061-03-06,5.05,-3.04,-15.11,291.6,189.0,39868.1
2061-03-07,7.17,-7.33,-20.44,312.4,120.2,40074.0
2061-03-08,42.64,-1.93,-15.46,328.4,183.6,40280.3
2061-03-09,8.26,-10.58,-15.25,156.4,186.8,40487.1
2061-03-10,0.0,-10.97,-24.85,460.3,81.3,40694.3
2061-03-11,0.0,-3.75,-24.86,510.2,81.2,40901.8
2061-03-12,0.0,-2.21,-18.58,481.4,141.2,41109.7
2061-03-13,0.0,0.98,-19.04,507.0,135.6,41317.8
2061-03-14,2.89,-0.73,-12.38,302.8,236.3,41526.3
2061-03-15,0.0,3.19,-4.33,287.5,443.3,41734.9
2061-03-16,0.0,4.66,-7.56,424.8,346.1,41943.8
2061-03-17,0.0,1.92,-8.09,381.9,332.1,42152.9
2061-03-18,8.18,-0.95,-7.07,194.4,359.6,42362.1
2061-03-19,0.0,1.11,-6.67,321.4,370.7,42571.4
2061-03-20,0.0,2.21,-9.77,445.5,291.0,42780.8
2061-03-21,0.0,2.54,-10.12,463.5,283.2,42990.3
2061-03-22,0.0,3.58,-6.04,389.2,389.3,43199.8
2061-03-23,0.0,2.11,-5.04,317.6,419.9,43409.3
2061-03-24,0.0,5.99,-10.31,535.0,278.9,43618.7
2061-03-25,0.0,2.41,-8.73,448.2,316.1,43828.1
2061-03-26,0.0,1.95,-15.74,560.2,179.3,44037.5
2061-03-27,0.0,8.52,-13.72,587.3,211.9,44246.7
2061-03-28,4.5,5.4,-8.0,378.6,334.6,44455.7
2061-03-29,0.0,6.96,-1.97,386.9,528.7,44664.6
2061-03-30,0.0,8.54,-2.06,442.4,524.9,44873.3
2061-03-31,0.0,9.86,-7.13,563.0,357.9,45081.7
2061-04-01,4.52,2.06,-2.99,178.6,489.9,45289.9
2061-04-02,22.21,3.83,0.17,133.3,618.3,45497.8
2061-04-03,18.18,7.37,1.5,207.2,680.8,45705.3
2061-04-04,6.17,4.89,1.18,140.7,665.3,45912.5
2061-04-05,0.0,6.67,0.43,306.9,630.1,46119.2
2061-04-06,0.0,11.8,-2.73,554.7,499.5,46325.6
2061-04-07,11.63,1.42,-3.13,180.6,485.0,46531.4
2061-04-08,0.0,7.82,-1.43,435.1,550.0,46736.8
2061-04-09,0.0,7.2,-2.52,458.2,507.4,46941.7
2061-04-10,0.0,4.62,-2.78,386.6,497.7,47145.9
2061-04-11,0.0,1.46,-5.36,374.2,409.9,47349.6
2061-04-12,1.79,1.23,-3.54,285.0,470.1,47552.6
2061-04-13,2.01,4.2,-1.89,358.1,531.6,47754.9
2061-04-14,0.0,4.44,-2.88,418.9,494.1,47956.4
2061-04-15,0.0,7.67,-6.91,616.7,364.0,48157.2
2061-04-16,0.0,16.28,-6.87,661.9,346.3,48357.2
2061-04-17,0.0,18.73,-3.7,657.1,428.5,48556.4
2061-04-18,0.0,10.64,-1.01,539.0,567.2,48754.6
2061-04-19,0.0,17.62,-2.69,650.3,462.7,48951.8
2061-04-20,0.0,9.56,-0.37,487.0,594.4,49148.1
2061-04-21,0.0,4.88,-3.14,423.7,484.6,49343.3
2061-04-22,0.0,9.96,-3.57,584.2,469.1,49537.4
2061-04-23,13.21,4.32,-1.73,254.1,537.8,49730.4
2061-04-24,6.9,8.69,1.31,300.3,671.4,49922.1
2061-04-25,12.07,12.71,3.19,366.6,767.6,50112.6
2061-04-26,0.0,11.88,1.71,524.8,690.8,50301.8
2061-04-27,2.45,16.28,-0.51,483.2,588.3,50489.6
2061-04-28,39.65,5.3,0.79,207.4,646.8,50675.9
2061-04-29,10.04,5.04,-0.12,239.1,605.6,50860.8
2061-04-30,6.5,14.02,0.66,458.5,640.4,51044.1
2061-05-01,2.8,10.54,3.54,308.0,786.9,51225.8
2061-05-02,0.0,12.15,2.01,529.0,706.2,51405.8
2061-05-03,0.67,10.87,0.18,545.6,618.6,51584.1
2061-05-04,0.0,11.52,-1.31,593.7,555.0,51760.6
2061-05-05,0.0,14.64,-1.87,643.7,532.6,51935.1
2061-05-06,0.0,17.79,-1.69,665.1,539.6,52107.8
2061-05-07,0.93,12.64,2.28,507.1,719.8,52278.4
2061-05-08,3.4,7.52,3.8,161.4,801.5,52446.9
2061-05-09,0.0,20.45,3.44,630.8,781.5,52613.2
2061-05-10,0.0,22.52,6.98,597.7,1000.0,52777.3
2061-05-11,5.55,24.16,7.06,457.1,1005.2,52939.1
2061-05-12,0.0,5.08,-0.89,315.0,572.1,53098.5
2061-05-13,0.0,7.86,-3.16,513.3,483.9,53255.4
2061-05-14,0.0,13.12,-1.9,599.0,531.3,53409.7
2061-05-15,11.24,9.7,3.44,240.3,781.4,53561.4
2061-05-16,11.41,7.06,4.74,105.8,856.2,53710.5
2061-05-17,1.73,11.95,3.8,430.7,801.8,53856.7
2061-05-18,0.0,13.42,2.72,523.1,742.8,54000.0
2061-05-19,0.0,13.48,1.79,558.8,694.9,54140.4
2061-05-20,2.59,10.14,4.06,260.8,816.2,54277.8
2061-05-21,2.33,8.27,4.5,170.4,842.3,54412.0
2061-05-22,18.42,8.22,3.89,198.4,806.8,54543.1
2061-05-23,3.01,12.81,5.07,323.4,876.2,54670.8
2061-05-24,0.0,17.46,4.07,590.4,817.2,54795.2
2061-05-25,0.0,18.66,0.54,646.9,635.2,54916.2
2061-05-26,7.45,15.07,4.18,394.6,823.1,55033.6
2061-05-27,0.0,12.62,6.52,346.0,969.2,55147.4
2061-05-28,3.12,13.31,8.43,209.3,1104.3,55257.6
2061-05-29,5.3,14.05,9.92,177.7,1221.2,55364.0
2061-05-30,0.0,16.71,8.81,422.6,1133.2,55466.5
2061-05-31,0.0,22.96,5.89,615.4,924.3,55565.2
2061-06-01,0.0,26.0,5.95,628.2,906.0,55659.8
2061-06-02,0.0,29.6,8.56,618.8,1068.6,55750.4
2061-06-03,0.0,30.06,12.59,577.1,1422.4,55836.9
2061-06-04,0.0,25.5,11.95,530.2,1397.4,55919.2
2061-06-05,0.0,21.97,10.41,499.5,1261.7,55997.2
2061-06-06,14.13,10.89,7.65,136.9,1046.6,56070.9
2061-06-07,0.0,21.94,8.47,539.3,1094.0,56140.2
2061-06-08,0.0,18.78,8.23,478.3,1089.1,56205.1
2061-06-09,0.0,21.91,2.9,612.2,709.1,56265.6
2061-06-10,0.0,31.3,9.47,601.5,1062.2,56321.4
2061-06-11,6.28,29.44,14.56,389.0,1657.2,56372.7
2061-06-12,12.17,28.24,16.27,343.7,1848.6,56419.4
2061-06-13,0.0,26.9,13.78,444.1,1574.9,56461.3
2061-06-14,2.83,12.8,9.77,107.0,1208.8,56498.6
2061-06-15,18.24,11.31,8.82,92.0,1133.5,56531.2
2061-06-16,6.43,12.12,8.57,125.0,1114.6,56558.9
2061-06-17,13.89,9.75,7.88,77.1,1063.7,56581.9
2061-06-18,5.32,11.06,6.78,155.9,986.5,56600.1
2061-06-19,0.0,22.02,5.32,519.9,891.7,56613.4
2061-06-20,0.0,26.5,6.17,533.3,945.7,56621.9
2061-06-21,4.28,29.25,11.56,372.2,1361.8,56625.6
2061-06-22,0.0,16.06,9.29,281.2,1170.2,56624.3
2061-06-23,0.0,22.79,3.08,533.8,762.0,56618.3
2061-06-24,0.0,24.49,8.24,493.9,1090.2,56607.4
2061-06-25,0.0,30.63,14.95,460.8,1699.5,56591.7
2061-06-26,0.0,26.18,13.26,424.5,1522.8,56571.1
2061-06-27,0.0,30.18,9.39,514.3,1178.2,56545.8
2061-06-28,0.0,31.3,16.21,431.8,1842.0,56515.6
2061-06-29,0.0,27.21,17.22,328.9,1963.7,56480.7
2061-06-30,0.0,25.0,13.14,389.6,1510.7,56441.1
2061-07-01,0.0,24.39,13.35,376.0,1531.8,56396.8
2061-07-02,0.0,21.1,13.0,305.6,1496.8,56347.9
2061-07-03,0.0,27.19,6.27,527.2,930.4,56294.3
2061-07-04,0.0,28.85,10.21,499.4,1215.6,56236.2
2061-07-05,10.55,25.47,11.84,324.6,1386.9,56173.5
2061-07-06,0.0,22.06,10.81,384.3,1295.1,56106.4
2061-07-07,0.0,24.01,5.15,509.1,878.1,56034.9
2061-07-08,0.0,27.25,7.05,510.8,983.9,55959.1
2061-07-09,45.02,22.69,9.52,315.6,1188.6,55878.9
2061-07-10,15.96,26.55,14.1,298.3,1608.0,55794.5
2061-07-11,0.0,27.38,13.99,416.4,1596.2,55706.0
2061-07-12,0.0,25.69,11.78,431.3,1381.2,55613.4
2061-07-13,7.58,24.61,11.99,305.4,1400.8,55516.8
2061-07-14,15.0,22.55,14.41,214.6,1640.3,55416.2
2061-07-15,0.0,25.39,12.18,408.1,1418.7,55311.7
2061-07-16,0.0,27.14,9.24,475.6,1165.8,55203.4
2061-07-17,0.0,31.14,10.91,482.9,1304.4,55091.5
2061-07-18,5.38,29.71,16.08,283.4,1826.4,54975.8
2061-07-19,7.45,31.14,19.68,242.7,2291.8,54856.7
2061-07-20,0.0,25.46,16.15,291.8,1834.2,54734.0
2061-07-21,0.0,27.94,11.45,445.1,1352.2,54607.9
2061-07-22,4.31,27.26,13.37,296.7,1533.1,54478.5
2061-07-23,0.88,23.87,11.61,373.9,1366.0,54345.9
2061-07-24,0.0,21.77,10.88,347.8,1301.4,54210.1
2061-07-25,0.0,18.65,10.68,273.7,1284.5,54071.2
2061-07-26,8.28,27.52,12.16,321.7,1416.5,53929.4
2061-07-27,6.33,21.49,14.8,173.2,1682.4,53784.6
2061-07-28,0.0,22.65,7.91,438.7,1065.5,53637.0
2061-07-29,0.0,25.19,7.13,476.5,1010.6,53486.6
2061-07-30,0.0,20.35,7.19,407.1,1014.5,53333.6
2061-07-31,0.0,22.35,4.69,473.7,853.0,53177.9
2061-08-01,8.94,19.04,9.63,232.1,1197.5,53019.8
2061-08-02,6.1,22.76,13.0,237.1,1496.8,52859.2
2061-08-03,0.0,21.0,9.51,369.9,1187.3,52696.3
2061-08-04,0.0,24.89,7.65,462.8,1046.8,52531.0
2061-08-05,2.44,27.94,12.49,317.5,1447.8,52363.6
2061-08-06,0.0,23.83,10.73,394.4,1289.0,52194.1
2061-08-07,0.0,27.64,8.7,472.4,1124.7,52022.5
2061-08-08,0.0,28.68,13.56,414.3,1552.7,51848.9
2061-08-09,0.0,31.15,14.14,430.9,1612.7,51673.3
2061-08-10,5.53,28.26,17.07,247.7,1945.4,51496.0
2061-08-11,0.0,25.13,14.79,320.5,1681.2,51316.8
2061-08-12,2.63,24.91,7.27,341.9,1019.9,51136.0
2061-08-13,0.0,26.13,11.9,395.8,1392.3,50953.4
2061-08-14,0.0,21.03,13.54,243.6,1550.3,50769.4
2061-08-15,0.0,24.52,8.38,432.9,1100.0,50583.7
2061-08-16,2.81,27.32,7.03,353.2,1003.3,50396.6
2061-08-17,0.0,18.87,9.47,304.8,1184.1,50208.2
2061-08-18,0.0,19.43,5.42,406.3,898.1,50018.3
2061-08-19,0.0,21.55,2.42,465.8,726.9,49827.2
2061-08-20,13.09,20.46,9.03,258.7,1150.2,49634.9
2061-08-21,6.76,22.75,13.7,209.8,1567.2,49441.3
2061-08-22,11.19,23.18,11.29,261.4,1337.5,49246.7
2061-08-23,2.84,20.69,9.71,249.0,1204.0,49050.9
2061-08-24,4.6,19.24,10.6,204.3,1277.8,48854.2
2061-08-25,0.0,24.07,9.19,397.8,1162.3,48656.4
2061-08-26,0.0,27.27,7.55,442.7,1040.1,48457.8
2061-08-27,0.0,28.57,8.25,441.1,1090.5,48258.2
2061-08-28,4.5,25.05,11.59,268.4,1364.5,48057.8
2061-08-29,18.38,24.76,14.76,212.1,1678.3,47856.6
2061-08-30,5.76,25.51,16.69,190.1,1898.7,47654.7
2061-08-31,67.28,22.32,17.46,111.4,1993.5,47452.0
2061-09-01,12.4,23.77,16.14,169.3,1833.5,47248.7
2061-09-02,0.0,25.61,12.41,349.5,1440.3,47044.8
2061-09-03,0.0,21.03,11.92,272.7,1394.2,46840.2
2061-09-04,0.0,19.42,7.52,341.2,1038.0,46635.1
2061-09-05,0.0,19.74,4.12,399.3,820.0,46429.5
2061-09-06,0.0,25.07,5.18,428.8,882.8,46223.4
2061-09-07,0.0,26.08,6.13,422.8,943.4,46016.8
2061-09-08,6.64,20.99,10.19,228.8,1242.6,45809.8
2061-09-09,0.0,18.45,7.55,310.2,1040.0,45602.5
2061-09-10,0.0,15.08,3.49,327.7,784.3,45394.8
2061-09-11,1.04,18.23,2.04,393.3,707.5,45186.7
2061-09-12,0.0,22.35,7.69,362.4,1049.8,44978.4
2061-09-13,0.0,20.98,5.08,375.5,876.7,44769.9
2061-09-14,0.0,26.86,9.78,372.6,1209.1,44561.1
2061-09-15,0.0,22.08,12.12,269.2,1413.0,44352.1
2061-09-16,4.31,21.16,7.0,258.9,1001.5,44143.0
2061-09-17,5.98,14.27,9.41,110.2,1179.3,43933.7
2061-09-18,1.92,15.32,10.17,157.4,1241.6,43724.4
2061-09-19,0.0,20.99,6.39,351.2,960.0,43514.9
2061-09-20,9.22,15.91,2.71,251.7,742.2,43305.4
2061-09-21,2.99,16.74,6.94,201.9,997.0,43095.9
2061-09-22,8.8,16.2,5.87,209.3,926.4,42886.4
2061-09-23,2.57,16.67,6.63,201.9,976.1,42677.0
2061-09-24,0.0,13.91,2.24,303.7,717.4,42467.6
2061-09-25,12.65,16.44,0.24,269.7,621.4,42258.4
2061-09-26,57.02,13.5,5.66,169.0,913.1,42049.2
2061-09-27,7.65,16.11,6.77,192.4,985.6,41840.3
2061-09-28,0.0,19.45,2.54,353.7,733.2,41631.5
2061-09-29,16.3,17.84,4.93,230.3,867.8,41422.9
2061-09-30,0.0,11.75,3.15,231.3,765.7,41214.6
2061-10-01,0.0,18.45,0.34,348.5,626.0,41006.6
2061-10-02,0.0,21.3,4.45,329.6,839.2,40798.9
2061-10-03,0.0,25.82,5.49,340.4,902.2,40591.5
2061-10-04,0.0,26.54,8.09,320.9,1079.1,40384.6
2061-10-05,0.0,25.41,11.38,275.5,1345.8,40178.0
2061-10-06,0.0,15.94,8.7,175.0,1124.5,39971.9
2061-10-07,26.44,20.48,8.0,199.4,1072.5,39766.2
2061-10-08,3.71,6.65,3.85,59.5,804.4,39561.1
2061-10-09,0.0,8.47,3.65,127.1,793.0,39356.6
2061-10-10,3.55,8.79,5.02,76.2,873.4,39152.6
2061-10-11,0.0,12.12,3.77,207.6,799.8,38949.3
2061-10-12,0.0,13.37,-1.23,295.1,558.3,38746.6
2061-10-13,0.0,12.93,-0.22,278.1,600.8,38544.7
2061-10-14,5.17,13.19,3.46,171.9,782.4,38343.5
2061-10-15,49.63,12.33,7.23,98.3,1017.6,38143.1
2061-10-16,35.46,8.64,6.32,50.8,955.7,37943.5
2061-10-17,0.22,10.15,5.73,116.8,917.3,37744.9
2061-10-18,0.0,9.6,5.84,100.1,924.3,37547.1
2061-10-19,8.96,10.99,4.58,122.8,846.7,37350.4
2061-10-20,0.0,7.46,2.75,127.0,744.0,37154.6
2061-10-21,0.0,7.95,-0.19,201.9,602.4,36959.9
2061-10-22,0.0,7.61,-1.41,215.5,550.9,36766.4
2061-10-23,0.0,6.36,1.07,139.3,660.0,36574.0
2061-10-24,0.0,6.84,1.41,142.5,676.4,36382.9
2061-10-25,33.46,3.85,0.87,64.1,650.4,36193.1
2061-10-26,13.71,2.65,0.02,57.6,611.6,36004.6
2061-10-27,0.0,3.66,-0.21,108.6,601.5,35817.5
2061-10-28,0.0,3.46,-0.76,120.5,577.9,35631.9
2061-10-29,0.0,8.2,-3.92,247.6,457.1,35447.8
2061-10-30,0.0,12.49,-3.68,259.8,465.5,35265.2
2061-10-31,0.63,10.43,3.74,169.0,798.4,35084.4
2061-11-01,0.0,13.77,5.43,194.5,898.6,34905.2
2061-11-02,0.0,7.78,2.8,138.7,746.8,34727.8
2061-11-03,9.73,2.26,-1.24,80.0,557.9,34552.3
2061-11-04,7.2,0.12,-2.65,66.3,502.7,34378.7
2061-11-05,0.0,1.21,-2.35,110.6,514.0,34207.0
2061-11-06,13.79,5.22,-0.16,117.5,603.6,34037.5
2061-11-07,0.0,6.63,0.68,164.0,641.6,33870.0
2061-11-08,0.0,2.17,-1.33,105.9,554.3,33704.8
2061-11-09,8.47,1.92,-1.88,84.4,532.1,33541.9
2061-11-10,5.5,4.68,-1.15,118.6,561.6,33381.3
2061-11-11,0.0,1.06,-3.23,127.2,481.2,33223.1
2061-11-12,0.0,2.52,-3.4,163.0,475.3,33067.5
2061-11-13,1.34,7.96,-5.68,218.9,399.9,32914.4
2061-11-14,1.07,10.6,-2.7,212.4,500.8,32764.0
2061-11-15,4.98,-0.8,-4.97,87.4,422.2,32616.4
2061-11-16,16.21,6.51,-3.88,148.3,458.4,32471.6
2061-11-17,1.65,5.06,-1.74,157.9,537.5,32329.7
2061-11-18,0.0,-1.27,-7.31,146.9,352.8,32190.8
2061-11-19,0.0,0.4,-12.54,201.8,233.2,32055.0
2061-11-20,0.0,3.32,-6.1,179.2,387.4,31922.3
2061-11-21,0.0,5.87,1.58,103.0,684.3,31792.9
2061-11-22,49.56,5.63,0.25,92.6,622.0,31666.8
2061-11-23,0.0,0.57,-5.37,134.1,409.5,31544.1
2061-11-24,8.51,-0.68,-8.16,129.2,330.5,31424.9
2061-11-25,0.0,-4.85,-10.29,136.4,279.4,31309.3
2061-11-26,1.58,-4.93,-15.1,194.8,189.2,31197.3
2061-11-27,0.0,-1.74,-13.22,198.0,220.7,31089.0
2061-11-28,1.66,2.96,-12.39,206.6,236.1,30984.5
2061-11-29,2.25,8.44,-2.84,141.3,495.6,30883.9
2061-11-30,14.17,10.3,3.5,105.3,785.1,30787.2
2061-12-01,17.99,4.11,-1.21,89.6,559.2,30694.6
2061-12-02,15.3,7.45,-0.97,120.2,568.8,30606.0
2061-12-03,0.0,-3.12,-6.84,86.6,366.1,30521.6
2061-12-04,0.0,-5.11,-9.0,89.8,309.2,30441.4
2061-12-05,0.0,-4.34,-9.58,114.8,295.4,30365.6
2061-12-06,0.0,-4.89,-13.7,162.2,212.2,30294.0
2061-12-07,0.0,-8.71,-13.92,112.6,208.5,30226.9
2061-12-08,0.0,-7.93,-14.24,129.4,203.0,30164.2
2061-12-09,1.09,-8.22,-15.53,141.6,182.4,30106.1
2061-12-10,1.19,-2.71,-15.16,178.2,188.2,30052.5
2061-12-11,0.0,-0.27,-8.63,146.3,318.6,30003.5
2061-12-12,0.0,-5.52,-12.05,124.4,242.7,29959.2
2061-12-13,0.0,-12.12,-19.54,139.2,130.0,29919.5
2061-12-14,0.0,-10.17,-16.75,129.5,164.8,29884.6
2061-12-15,0.0,-8.59,-15.27,129.4,186.5,29854.4
2061-12-16,26.98,-4.63,-18.17,137.9,146.1,29829.0
2061-12-17,0.0,-2.4,-12.27,162.8,238.4,29808.5
2061-12-18,0.0,-1.81,-8.73,130.4,315.9,29792.7
2061-12-19,0.0,-4.17,-12.38,148.1,236.4,29781.8
2061-12-20,0.0,-5.23,-12.28,135.2,238.3,29775.7
2061-12-21,0.0,-13.31,-22.8,161.6,97.7,29774.4
2061-12-22,1.54,-6.49,-21.92,185.9,105.6,29778.1
2061-12-23,2.7,-1.38,-15.35,135.9,185.2,29786.5
2061-12-24,1.65,-2.5,-8.41,112.1,324.0,29799.8
2061-12-25,26.01,-2.23,-5.74,53.5,398.1,29818.0
2061-12-26,42.05,-2.95,-6.26,53.3,382.6,29840.9
2061-12-27,9.07,-8.21,-12.15,65.4,240.7,29868.6
2061-12-28,5.04,-6.36,-21.45,148.0,110.1,29901.2
2061-12-29,15.44,-0.26,-14.03,145.8,206.6,29938.4
2061-12-30,7.5,-4.25,-10.77,101.9,268.9,29980.4
2061-12-31,0.0,-11.64,-19.57,157.1,129.6,30027.0
2062-01-01,2.22,-10.05,-24.76,136.3,82.0,30078.5
2062-01-02,1.45,-7.46,-17.91,155.4,149.4,30134.3
2062-01-03,0.0,-8.34,-23.34,184.7,93.1,30194.7
2062-01-04,0.0,-10.3,-25.5,187.0,76.6,30259.6
2062-01-05,3.14,-8.13,-22.57,139.8,99.7,30328.9
2062-01-06,2.11,-4.95,-12.36,125.5,236.7,30402.6
2062-01-07,0.0,-7.96,-13.35,96.9,218.5,30480.7
2062-01-08,0.0,-11.97,-23.62,174.5,90.8,30562.9
2062-01-09,5.31,-7.64,-20.01,136.5,124.8,30649.4
2062-01-10,0.0,-2.91,-13.42,166.6,217.1,30740.0
2062-01-11,8.38,0.38,-11.04,132.5,263.2,30834.6
2062-01-12,5.43,2.41,-3.04,75.4,488.2,30933.3
2062-01-13,0.0,6.17,-0.13,113.6,604.8,31035.8
2062-01-14,41.22,8.76,-2.14,129.4,522.1,31142.2
2062-01-15,5.46,-7.53,-13.55,87.8,214.8,31252.3
2062-01-16,2.84,-8.24,-16.42,114.3,169.4,31366.2
2062-01-17,2.02,-5.65,-14.86,167.2,192.9,31483.6
2062-01-18,16.91,8.69,-15.11,175.6,189.0,31604.5
2062-01-19,1.73,-1.69,-8.31,133.0,326.4,31728.9
2062-01-20,1.62,-0.47,-10.52,183.8,274.3,31856.7
2062-01-21,12.34,0.03,-9.05,132.0,308.2,31987.7
2062-01-22,0.0,-10.83,-18.19,154.8,145.8,32121.9
2062-01-23,2.5,-3.8,-18.51,175.5,142.0,32259.3
2062-01-24,0.85,-2.56,-11.2,177.8,259.8,32399.7
2062-01-25,0.52,-1.74,-9.37,163.5,300.4,32543.0
2062-01-26,0.0,-7.55,-10.95,81.9,265.2,32689.2
2062-01-27,0.0,-3.85,-18.59,246.6,141.0,32838.2
2062-01-28,0.0,2.64,-13.84,255.8,209.8,32989.9
2062-01-29,0.0,-5.78,-13.11,168.1,222.7,33144.3
2062-01-30,0.0,-6.18,-12.86,158.2,227.2,33301.2
2062-01-31,2.6,-4.65,-9.44,91.6,298.9,33460.6
2062-02-01,0.0,-1.3,-9.19,189.3,304.7,33622.3
2062-02-02,0.0,-4.11,-15.25,242.5,186.9,33786.4
2062-02-03,10.89,2.06,-8.35,178.8,325.5,33952.8
2062-02-04,6.59,3.12,-2.76,120.8,498.3,34121.3
2062-02-05,18.78,2.83,-1.36,90.8,552.8,34291.9
2062-02-06,3.85,-0.24,-5.0,104.9,421.4,34464.5
2062-02-07,0.0,-5.78,-12.35,192.1,236.8,34639.0
2062-02-08,0.0,-7.71,-16.77,246.6,164.6,34815.5
2062-02-09,0.0,-9.59,-22.79,297.7,97.8,34993.8
2062-02-10,0.0,-14.26,-25.96,289.8,73.5,35173.8
2062-02-11,0.0,-11.68,-27.21,317.8,65.5,35355.5
2062-02-12,0.0,-9.41,-27.86,329.8,61.6,35538.8
2062-02-13,0.0,-5.42,-20.98,321.0,114.7,35723.7
2062-02-14,0.98,-4.97,-16.36,286.8,170.3,35910.0
2062-02-15,0.13,0.87,-11.3,296.0,257.8,36097.8
2062-02-16,6.07,-4.59,-11.38,154.7,256.2,36287.0
2062-02-17,12.11,2.36,-13.0,255.0,224.8,36477.5
2062-02-18,0.0,-17.59,-21.42,134.1,110.3,36669.2
2062-02-19,0.0,-15.5,-24.78,283.1,81.8,36862.2
2062-02-20,0.0,-5.94,-23.86,367.5,88.9,37056.3
2062-02-21,1.9,-4.85,-19.47,352.1,130.8,37251.5
2062-02-22,0.0,-3.4,-16.99,347.3,161.4,37447.8
2062-02-23,3.07,-1.85,-15.12,260.5,188.9,37645.0
2062-02-24,0.0,-3.28,-12.92,294.5,226.2,37843.2
2062-02-25,0.0,-11.07,-22.55,330.0,99.9,38042.3
2062-02-26,0.0,-13.31,-22.77,300.0,97.9,38242.3
2062-02-27,3.17,-15.18,-21.2,164.4,112.5,38443.1
2062-02-28,3.18,-14.17,-20.41,172.2,120.5,38644.7
2062-03-01,3.88,-14.49,-27.88,286.3,61.5,38847.0
2062-03-02,0.0,-7.8,-24.92,411.4,80.7,39050.0
2062-03-03,0.0,-8.54,-22.86,391.2,97.2,39253.6
2062-03-04,0.0,-0.4,-16.26,405.5,171.8,39457.9
2062-03-05,0.0,0.81,-8.23,301.2,328.5,39662.7
2062-03-06,0.0,1.54,-9.02,336.2,308.9,39868.1
2062-03-07,0.0,-0.12,-14.78,401.8,194.3,40074.0
2062-03-08,0.0,-3.9,-16.98,382.7,161.7,40280.3
2062-03-09,2.69,0.49,-20.59,339.7,118.6,40487.1
2062-03-10,3.41,4.66,-10.51,305.7,274.6,40694.3
2062-03-11,0.0,5.06,-0.4,190.0,593.1,40901.8
2062-03-12,2.96,9.27,-5.3,304.0,411.7,41109.7
2062-03-13,3.56,5.81,-1.7,195.9,539.3,41317.8
2062-03-14,18.25,2.28,-1.01,97.9,567.2,41526.3
2062-03-15,1.0,-0.82,-3.78,125.2,461.8,41734.9
2062-03-16,0.0,-2.75,-7.61,201.1,344.8,41943.8
2062-03-17,0.0,-4.66,-11.48,279.6,254.1,42152.9
2062-03-18,0.0,-6.27,-13.18,285.9,221.5,42362.1
2062-03-19,0.0,-3.91,-14.89,407.9,192.4,42571.4
2062-03-20,0.0,0.08,-14.59,465.4,197.2,42780.8
2062-03-21,0.0,2.27,-8.04,387.1,333.5,42990.3
2062-03-22,0.0,5.28,-2.86,332.3,494.7,43199.8
2062-03-23,0.0,5.96,-0.43,277.4,591.8,43409.3
2062-03-24,0.0,4.85,-0.46,242.4,590.6,43618.7
2062-03-25,0.0,5.79,-1.23,315.8,558.1,43828.1
2062-03-26,0.0,6.07,-1.97,355.4,528.5,44037.5
2062-03-27,0.0,3.11,-5.24,373.8,413.8,44246.7
2062-03-28,0.0,8.07,-7.07,506.4,359.6,44455.7
2062-03-29,0.0,11.02,-5.91,519.3,393.2,44664.6
2062-03-30,0.0,12.06,-4.05,510.4,452.6,44873.3
2062-03-31,0.0,11.77,0.01,447.5,611.2,45081.7
2062-04-01,2.57,12.13,0.4,339.2,628.8,45289.9
2062-04-02,0.0,5.79,0.69,247.6,641.9,45497.8
2062-04-03,0.0,8.49,-2.71,460.6,500.2,45705.3
2062-04-04,5.75,5.86,-1.51,263.2,546.8,45912.5
2062-04-05,2.43,3.27,-1.48,183.9,548.2,46119.2
2062-04-06,0.0,3.83,-1.57,283.8,544.4,46325.6
2062-04-07,2.06,9.2,-1.86,479.1,532.8,46531.4
2062-04-08,0.0,3.21,-4.06,383.6,452.1,46736.8
2062-04-09,0.0,5.93,-3.55,463.3,469.9,46941.7
2062-04-10,0.0,8.47,-5.26,541.6,413.2,47145.9
2062-04-11,0.0,12.83,-3.79,564.9,461.7,47349.6
2062-04-12,0.0,17.95,-3.32,580.1,469.0,47552.6
2062-04-13,0.0,13.29,0.02,520.9,611.4,47754.9
2062-04-14,0.0,10.15,-0.18,458.7,602.9,47956.4
2062-04-15,19.09,8.56,-2.44,357.2,510.4,48157.2
2062-04-16,4.5,4.24,0.49,149.6,632.6,48357.2
2062-04-17,0.0,7.81,0.94,342.3,653.9,48556.4
2062-04-18,0.0,10.85,1.29,439.5,670.5,48754.6
2062-04-19,0.0,16.88,1.25,554.7,590.5,48951.8
2062-04-20,0.0,12.85,0.49,509.6,595.4,49148.1
2062-04-21,0.0,12.99,-3.32,567.5,431.8,49343.3
2062-04-22,0.0,17.66,-3.81,597.1,372.8,49537.4
2062-04-23,0.0,18.53,-0.66,580.4,469.2,49730.4
2062-04-24,5.33,11.02,2.79,274.7,746.3,49922.1
2062-04-25,3.91,9.1,1.61,256.6,685.9,50112.6
2062-04-26,1.86,7.91,-3.65,475.8,460.6,50301.8
2062-04-27,0.0,5.72,-3.61,418.0,468.0,50489.6
2062-04-28,0.0,8.56,-5.46,538.6,384.0,50675.9
2062-04-29,0.0,14.46,-5.04,597.0,356.1,50860.8
2062-04-30,0.0,21.07,-2.45,609.7,396.9,51044.1
2062-05-01,0.0,19.16,-0.3,587.0,480.3,51225.8
2062-05-02,13.26,10.52,2.81,254.4,747.4,51405.8
2062-05-03,0.0,16.29,5.9,422.6,895.9,51584.1
2062-05-04,6.05,20.38,5.66,383.8,890.5,51760.6
2062-05-05,0.0,17.95,7.67,405.6,999.8,51935.1
2062-05-06,6.1,14.97,4.0,320.2,813.0,52107.8
2062-05-07,0.0,9.3,1.6,329.4,685.5,52278.4
2062-05-08,0.0,16.69,-2.51,577.6,391.3,52446.9
2062-05-09,1.72,21.06,1.05,576.3,480.0,52613.2
2062-05-10,1.73,14.12,3.55,408.0,729.9,52777.3
2062-05-11,3.94,15.06,7.71,224.9,1051.5,52939.1
2062-05-12,0.0,17.55,6.26,435.4,843.1,53098.5
2062-05-13,0.0,22.31,3.38,565.9,578.7,53255.4
2062-05-14,0.0,22.97,3.4,510.6,612.2,53409.7
2062-05-15,0.0,23.59,4.43,503.7,657.7,53561.4
2062-05-16,24.85,16.13,6.15,254.5,944.3,53710.5
2062-05-17,15.54,13.77,8.06,155.5,1076.8,53856.7
2062-05-18,8.44,8.81,5.78,92.5,920.4,54000.0
2062-05-19,17.91,13.49,5.98,208.4,933.4,54140.4
2062-05-20,7.14,11.53,8.44,95.8,1104.6,54277.8
2062-05-21,2.54,13.47,7.57,174.2,1041.5,54412.0
2062-05-22,1.71,10.06,7.07,133.3,1005.9,54543.1
2062-05-23,0.0,11.17,5.95,227.4,931.2,54670.8
2062-05-24,0.0,14.81,4.44,400.6,838.6,54795.2
2062-05-25,0.0,18.82,4.31,479.2,790.2,54916.2
2062-05-26,1.8,21.09,7.95,448.6,1021.0,55033.6
2062-05-27,0.0,21.24,10.52,389.7,1270.1,55147.4
2062-05-28,0.0,23.54,5.7,512.3,822.9,55257.6
2062-05-29,0.0,22.3,8.51,460.4,1037.6,55364.0
2062-05-30,3.32,21.77,3.73,389.5,794.9,55466.5
2062-05-31,4.71,26.66,9.06,377.4,1124.7,55565.2
2062-06-01,0.0,23.36,12.06,405.3,1363.2,55659.8
2062-06-02,0.0,23.74,6.2,511.9,843.2,55750.4
2062-06-03,3.91,14.84,9.2,179.2,1162.7,55836.9
2062-06-04,0.0,16.96,7.31,378.0,1023.2,55919.2
2062-06-05,0.0,24.59,5.84,523.7,816.0,55997.2
2062-06-06,0.0,27.55,8.54,515.6,968.0,56070.9
2062-06-07,2.65,25.25,10.08,352.5,1233.9,56140.2
2062-06-08,10.82,13.41,9.34,133.8,1173.8,56205.1
2062-06-09,4.96,15.4,8.61,215.2,1117.7,56265.6
2062-06-10,27.04,17.44,10.31,222.2,1252.9,56321.4
2062-06-11,4.65,17.52,11.24,200.0,1333.5,56372.7
2062-06-12,3.28,22.4,12.19,295.6,1419.9,56419.4
2062-06-13,0.0,21.33,11.21,402.0,1330.7,56461.3
2062-06-14,0.0,22.81,6.99,512.2,934.5,56498.6
2062-06-15,0.0,23.34,5.85,526.2,853.5,56531.2
2062-06-16,0.0,27.21,8.03,527.2,967.0,56558.9
2062-06-17,1.33,26.44,12.98,448.0,1429.3,56581.9
2062-06-18,0.0,31.6,15.99,462.5,1679.2,56600.1
2062-06-19,19.61,29.92,16.82,310.1,1914.3,56613.4
2062-06-20,25.84,25.01,15.06,263.4,1711.3,56621.9
2062-06-21,0.0,21.07,11.38,351.5,1345.7,56625.6
2062-06-22,6.95,23.34,8.54,344.4,1112.6,56624.3
2062-06-23,3.44,20.67,10.87,262.4,1300.5,56618.3
2062-06-24,0.0,23.74,6.7,492.3,980.7,56607.4
2062-06-25,0.0,25.95,9.24,479.4,1166.1,56591.7
2062-06-26,9.21,23.3,12.77,269.7,1474.2,56571.1
2062-06-27,5.72,25.88,15.26,268.6,1733.0,56545.8
2062-06-28,1.12,24.99,18.02,250.8,2065.9,56515.6
2062-06-29,9.42,26.87,15.29,290.6,1736.2,56480.7
2062-06-30,8.98,19.01,14.12,148.5,1609.8,56441.1
2062-07-01,7.75,20.94,10.0,298.7,1227.3,56396.8
2062-07-02,13.5,20.29,6.49,349.4,967.1,56347.9
2062-07-03,10.68,23.28,10.25,328.4,1248.4,56294.3
2062-07-04,13.07,23.28,11.4,307.9,1347.7,56236.2
2062-07-05,1.25,25.13,14.79,370.2,1681.6,56173.5
2062-07-06,0.0,22.5,10.59,423.6,1276.7,56106.4
2062-07-07,0.0,24.41,10.23,463.9,1246.0,56034.9
2062-07-08,0.0,28.42,11.48,484.7,1354.2,55959.1
2062-07-09,0.0,27.18,13.75,428.8,1571.6,55878.9
2062-07-10,0.0,26.52,16.26,352.5,1848.2,55794.5
2062-07-11,9.0,27.2,15.69,284.4,1781.9,55706.0
2062-07-12,0.0,26.33,15.06,375.9,1710.5,55613.4
2062-07-13,4.96,25.9,14.88,277.3,1691.2,55516.8
2062-07-14,0.0,28.26,15.76,398.7,1789.2,55416.2
2062-07-15,15.14,27.37,13.04,330.3,1501.0,55311.7
2062-07-16,4.04,28.22,15.76,301.9,1789.3,55203.4
2062-07-17,5.37,30.01,17.8,291.8,2037.7,55091.5
2062-07-18,4.92,24.79,15.64,248.9,1775.8,54975.8
2062-07-19,0.0,25.88,9.36,483.1,1176.0,54856.7
2062-07-20,0.0,28.11,10.99,479.7,1311.5,54734.0
2062-07-21,0.0,26.07,13.99,396.8,1597.2,54607.9
2062-07-22,4.64,25.02,13.37,293.6,1533.8,54478.5
2062-07-23,3.29,17.42,14.47,92.7,1647.5,54345.9
2062-07-24,1.88,22.57,14.05,320.2,1602.6,54210.1
2062-07-25,12.93,22.07,14.23,228.1,1621.8,54071.2
2062-07-26,0.0,26.67,15.83,378.0,1797.6,53929.4
2062-07-27,39.48,27.46,16.53,282.0,1879.2,53784.6
2062-07-28,0.0,28.05,18.54,332.8,2133.6,53637.0
2062-07-29,12.12,27.0,14.97,300.4,1701.2,53486.6
2062-07-30,0.0,22.47,11.53,385.7,1359.3,53333.6
2062-07-31,0.0,24.99,11.72,427.5,1376.2,53177.9
2062-08-01,5.19,25.48,11.06,333.7,1317.1,53019.8
2062-08-02,0.0,25.86,15.47,357.6,1756.9,52859.2
2062-08-03,0.0,26.08,14.56,384.7,1656.2,52696.3
2062-08-04,12.65,26.41,13.73,304.9,1569.9,52531.0
2062-08-05,0.0,20.56,10.51,362.0,1269.8,52363.6
2062-08-06,0.0,24.8,7.9,476.2,1064.8,52194.1
2062-08-07,15.48,25.0,12.05,311.5,1406.7,52022.5
2062-08-08,0.0,22.11,12.58,343.8,1456.2,51848.9
2062-08-09,2.02,23.92,7.31,471.9,1022.7,51673.3
2062-08-10,9.75,19.31,9.04,274.5,1150.5,51496.0
2062-08-11,1.26,18.75,6.16,419.4,945.0,51316.8
2062-08-12,2.2,16.25,6.12,274.6,942.2,51136.0
2062-08-13,0.0,18.22,6.83,392.8,990.1,50953.4
2062-08-14,1.64,21.65,7.06,444.0,1005.6,50769.4
2062-08-15,2.24,24.83,11.84,304.1,1387.0,50583.7
2062-08-16,3.21,23.04,9.99,307.4,1226.8,50396.6
2062-08-17,0.0,23.1,9.09,422.8,1154.5,50208.2
2062-08-18,0.0,25.76,8.93,452.7,1142.2,50018.3
2062-08-19,3.63,25.84,11.48,313.6,1354.4,49827.2
2062-08-20,3.17,20.58,12.01,226.8,1403.1,49634.9
2062-08-21,0.0,22.75,12.42,344.9,1440.8,49441.3
2062-08-22,0.0,23.17,9.95,398.8,1223.2,49246.7
2062-08-23,0.0,16.55,6.27,348.0,952.0,49050.9
2062-08-24,0.0,16.55,3.19,409.0,767.9,48854.2
2062-08-25,0.0,18.78,2.09,447.9,709.9,48656.4
2062-08-26,0.0,18.87,2.79,436.0,746.3,48457.8
2062-08-27,4.26,19.34,2.96,325.4,755.5,48258.2
2062-08-28,1.3,14.45,7.74,229.8,1053.4,48057.8
2062-08-29,0.0,20.91,10.11,330.6,1236.2,47856.6
2062-08-30,0.0,16.39,9.78,224.6,1209.4,47654.7
2062-08-31,0.0,18.47,6.63,360.2,976.2,47452.0
2062-09-01,0.0,19.8,6.92,374.4,995.7,47248.7
2062-09-02,0.0,21.59,4.31,427.8,830.8,47044.8
2062-09-03,9.54,19.89,6.33,283.7,956.6,46840.2
2062-09-04,7.99,15.55,9.56,149.4,1191.2,46635.1
2062-09-05,0.0,23.39,9.53,373.6,1189.2,46429.5
2062-09-06,0.0,19.08,9.32,300.1,1172.6,46223.4
2062-09-07,0.0,20.39,4.9,397.7,865.9,46016.8
2062-09-08,0.0,23.87,6.0,413.2,934.6,45809.8
2062-09-09,9.55,13.97,6.21,185.9,948.3,45602.5
2062-09-10,0.0,15.82,2.14,372.5,712.5,45394.8
2062-09-11,0.0,17.11,-0.2,409.9,601.8,45186.7
2062-09-12,0.0,19.41,0.17,417.4,618.1,44978.4
2062-09-13,0.0,21.2,1.91,410.3,700.8,44769.9
2062-09-14,0.98,16.74,5.9,299.8,928.2,44561.1
2062-09-15,0.0,22.65,9.77,324.6,1208.9,44352.1
2062-09-16,0.0,22.96,8.89,340.6,1139.1,44143.0
2062-09-17,1.84,22.1,9.06,325.1,1152.5,43933.7
2062-09-18,0.0,20.21,11.57,239.1,1362.2,43724.4
2062-09-19,9.01,22.94,11.52,217.9,1357.8,43514.9
2062-09-20,4.27,16.58,10.6,129.5,1277.9,43305.4
2062-09-21,2.3,11.82,5.05,150.8,874.8,43095.9
2062-09-22,0.0,13.04,0.49,323.8,632.9,42886.4
2062-09-23,3.06,13.92,1.77,235.4,693.8,42677.0
2062-09-24,16.39,18.18,5.79,233.0,921.1,42467.6
2062-09-25,5.95,12.61,2.85,202.3,749.3,42258.4
2062-09-26,7.7,13.17,2.9,210.0,752.3,42049.2
2062-09-27,0.0,16.88,1.71,342.1,691.0,41840.3
2062-09-28,0.0,17.81,4.58,312.4,846.6,41631.5
2062-09-29,26.11,16.28,6.33,190.7,956.5,41422.9
2062-09-30,0.0,11.63,4.3,201.0,830.4,41214.6
2062-10-01,0.0,15.39,1.25,318.1,668.3,41006.6
2062-10-02,1.73,9.51,4.25,150.4,827.3,40798.9
2062-10-03,0.0,13.93,5.37,227.6,894.6,40591.5
2062-10-04,20.9,12.97,4.77,163.2,858.1,40384.6
2062-10-05,0.0,10.52,2.94,206.3,754.5,40178.0
2062-10-06,0.0,12.42,-2.24,316.1,518.0,39971.9
2062-10-07,0.0,16.18,-2.25,336.2,517.5,39766.2
2062-10-08,0.0,20.68,1.85,328.7,697.7,39561.1
2062-10-09,0.0,21.31,5.77,298.1,920.0,39356.6
2062-10-10,0.0,9.87,0.3,230.9,623.9,39152.6
2062-10-11,3.42,11.23,-3.43,224.0,474.1,38949.3
2062-10-12,30.76,12.35,2.77,171.5,745.1,38746.6
2062-10-13,1.26,10.7,2.31,209.4,721.1,38544.7
2062-10-14,0.0,12.8,-2.85,298.8,495.2,38343.5
2062-10-15,0.0,10.73,-2.34,273.5,514.4,38143.1
2062-10-16,0.0,10.17,-2.4,265.6,512.2,37943.5
2062-10-17,8.25,12.56,-3.07,216.2,487.0,37744.9
2062-10-18,11.73,9.12,0.84,145.3,649.1,37547.1
2062-10-19,11.97,10.88,4.22,119.1,825.9,37350.4
2062-10-20,46.47,11.29,5.15,109.0,881.2,37154.6
2062-10-21,12.82,9.13,4.73,80.3,855.8,36959.9
2062-10-22,0.0,6.69,0.86,141.3,649.8,36766.4
2062-10-23,1.74,5.92,1.75,104.6,692.8,36574.0
2062-10-24,2.15,6.06,2.44,69.4,727.9,36382.9
2062-10-25,1.55,5.79,1.99,97.2,704.7,36193.1
2062-10-26,0.0,2.69,0.67,58.1,641.0,36004.6
2062-10-27,0.0,3.08,-4.39,181.6,441.1,35817.5
2062-10-28,23.45,7.53,-5.35,185.7,410.1,35631.9
2062-10-29,3.77,6.38,-0.98,130.5,568.7,35447.8
2062-10-30,0.0,5.04,0.78,107.5,646.1,35265.2
2062-10-31,1.21,5.38,-0.94,153.9,570.1,35084.4
2062-11-01,0.0,8.65,0.05,188.4,612.7,34905.2
2062-11-02,0.0,6.18,-2.26,185.3,517.2,34727.8
2062-11-03,0.0,2.34,-5.73,179.2,398.6,34552.3
2062-11-04,0.0,0.38,-4.55,118.8,436.0,34378.7
2062-11-05,3.17,1.5,-5.61,122.2,402.3,34207.0
2062-11-06,0.0,0.38,-5.0,132.2,421.2,34037.5
2062-11-07,1.57,6.37,-4.02,206.8,453.6,33870.0
2062-11-08,8.49,7.53,0.79,118.3,646.5,33704.8
2062-11-09,3.18,9.39,4.29,92.5,829.6,33541.9
2062-11-10,0.0,8.57,3.26,129.6,771.8,33381.3
2062-11-11,12.14,4.84,-0.71,102.8,580.0,33223.1
2062-11-12,10.22,2.7,0.24,50.1,621.5,33067.5
2062-11-13,5.24,5.88,1.19,90.5,665.7,32914.4
2062-11-14,35.98,11.8,3.33,133.8,775.3,32764.0
2062-11-15,0.21,11.6,7.27,109.7,1019.9,32616.4
2062-11-16,10.37,15.87,7.17,131.9,1012.9,32471.6
2062-11-17,9.01,17.06,6.84,137.9,990.2,32329.7
2062-11-18,0.0,5.03,0.88,107.8,650.9,32190.8
2062-11-19,4.16,2.47,-1.05,70.4,565.5,32055.0
2062-11-20,2.4,-0.33,-2.55,46.3,506.2,31922.3
2062-11-21,0.0,-0.02,-4.52,115.6,436.8,31792.9
2062-11-22,0.0,5.67,-4.43,181.9,439.7,31666.8
2062-11-23,0.0,3.86,-6.64,182.1,371.8,31544.1
2062-11-24,0.0,3.87,-5.87,174.0,394.4,31424.9
2062-11-25,0.0,5.17,-8.48,187.1,322.2,31309.3
2062-11-26,0.0,6.4,-5.05,176.3,419.7,31197.3
2062-11-27,2.2,1.09,-4.87,94.4,425.5,31089.0
2062-11-28,5.16,-0.32,-9.18,133.7,304.9,30984.5
2062-11-29,5.01,5.01,-7.46,147.4,348.7,30883.9
2062-11-30,13.29,11.71,-0.49,140.8,589.4,30787.2
2062-12-01,12.67,-0.22,-3.35,56.4,477.1,30694.6
2062-12-02,2.6,-0.51,-5.63,87.9,401.4,30606.0
2062-12-03,1.33,-4.39,-8.94,106.8,310.9,30521.6
2062-12-04,0.0,-2.73,-9.84,148.0,289.6,30441.4
2062-12-05,0.0,-8.22,-13.72,124.0,211.9,30365.6
2062-12-06,1.92,-1.06,-18.49,196.2,142.2,30294.0
2062-12-07,1.79,1.91,-10.74,183.8,269.5,30226.9
2062-12-08,0.0,-5.27,-10.39,110.3,277.2,30164.2
2062-12-09,1.02,-0.53,-15.3,187.7,186.1,30106.1
2062-12-10,0.0,1.11,-6.58,141.1,373.5,30052.5
2062-12-11,0.0,1.9,-6.25,144.6,382.8,30003.5
2062-12-12,0.0,-3.95,-11.58,138.7,252.0,29959.2
2062-12-13,1.96,2.48,-14.23,185.0,203.2,29919.5
2062-12-14,0.65,4.01,-5.34,149.6,410.6,29884.6
2062-12-15,0.72,3.87,-0.18,76.6,602.8,29854.4
2062-12-16,0.0,3.81,-2.33,111.1,514.8,29829.0
2062-12-17,0.0,2.93,-6.09,146.9,387.8,29808.5
2062-12-18,0.0,2.87,-5.0,133.0,421.4,29792.7
2062-12-19,0.0,-8.58,-10.5,41.5,274.8,29781.8
2062-12-20,0.0,-2.1,-14.83,170.7,193.4,29775.7
2062-12-21,0.0,2.22,-11.14,170.6,261.1,29774.4
2062-12-22,0.0,-3.18,-9.45,110.4,298.7,29778.1
2062-12-23,17.16,2.26,-9.87,125.8,288.8,29786.5
2062-12-24,0.0,3.16,-3.49,115.4,472.0,29799.8
2062-12-25,0.0,2.14,-2.92,94.1,492.6,29818.0
2062-12-26,11.73,-0.78,-4.79,59.1,428.0,29840.9
2062-12-27,0.0,-6.6,-12.38,110.7,236.4,29868.6
2062-12-28,0.0,-9.2,-18.31,154.2,144.4,29901.2
2062-12-29,0.0,-9.84,-20.05,164.6,124.3,29938.4
2062-12-30,0.0,-6.38,-18.53,176.6,141.7,29980.4
2062-12-31,0.0,-5.38,-14.0,149.1,207.1,30027.0
2063-01-01,3.32,1.27,-15.25,145.5,186.7,30078.5
2063-01-02,1.13,-0.13,-8.88,141.6,312.2,30134.3
2063-01-03,0.0,0.54,-12.13,178.3,241.1,30194.7
2063-01-04,0.0,6.41,-6.25,176.7,383.1,30259.6
2063-01-05,5.98,6.25,-0.49,86.3,589.2,30328.9
2063-01-06,10.67,7.6,1.55,78.2,683.0,30402.6
2063-01-07,1.46,3.32,-1.17,81.4,560.5,30480.7
2063-01-08,13.42,1.56,-3.97,75.5,455.2,30562.9
2063-01-09,0.0,0.71,-3.55,79.9,469.9,30649.4
2063-01-10,1.3,-4.36,-9.72,101.1,292.3,30740.0
2063-01-11,0.0,-7.09,-16.67,163.8,165.9,30834.6
2063-01-12,2.27,1.1,-12.92,150.3,226.3,30933.3
2063-01-13,1.13,-3.86,-13.85,171.3,209.6,31035.8
2063-01-14,0.0,-5.82,-22.3,217.5,102.1,31142.2
2063-01-15,6.96,-11.77,-19.44,110.9,131.0,31252.3
2063-01-16,0.0,-13.16,-20.41,142.2,120.6,31366.2
2063-01-17,0.0,-20.71,-26.9,127.1,67.4,31483.6
2063-01-18,0.0,-9.46,-27.52,233.6,63.6,31604.5
2063-01-19,1.64,-4.8,-16.12,198.5,173.7,31728.9
2063-01-20,0.0,-8.57,-13.55,107.1,214.8,31856.7
2063-01-21,0.0,-14.14,-19.5,116.8,130.4,31987.7
2063-01-22,0.0,-9.51,-23.96,231.3,88.1,32121.9
2063-01-23,0.0,-6.56,-23.62,244.9,90.8,32259.3
2063-01-24,0.77,-6.8,-21.83,240.5,106.5,32399.7
2063-01-25,0.0,-15.44,-25.58,203.5,76.1,32543.0
2063-01-26,0.0,-17.19,-27.02,202.3,66.6,32689.2
2063-01-27,0.0,-11.03,-25.74,249.0,74.9,32838.2
2063-01-28,0.0,-8.49,-23.42,252.8,92.5,32989.9
2063-01-29,0.0,-11.81,-25.57,249.2,76.1,33144.3
2063-01-30,0.0,-15.3,-27.34,239.1,64.7,33301.2
2063-01-31,0.0,-12.22,-28.2,269.0,59.7,33460.6
2063-02-01,0.0,-7.04,-26.1,281.3,72.5,33622.3
2063-02-02,4.78,-1.73,-19.0,209.5,136.1,33786.4
2063-02-03,3.99,-3.76,-13.36,162.0,218.3,33952.8
2063-02-04,0.0,-8.95,-19.5,232.4,130.4,34121.3
2063-02-05,0.0,-19.22,-23.42,111.7,92.4,34291.9
2063-02-06,0.0,-14.09,-23.51,221.6,91.7,34464.5
2063-02-07,0.0,-12.57,-25.03,263.2,79.9,34639.0
2063-02-08,0.0,-14.04,-24.0,230.8,87.8,34815.5
2063-02-09,0.0,-12.69,-22.08,222.7,104.1,34993.8
2063-02-10,0.0,-10.96,-18.41,188.6,143.2,35173.8
2063-02-11,0.0,-8.3,-25.51,312.6,76.6,35355.5
2063-02-12,0.0,-7.07,-22.94,306.6,96.4,35538.8
2063-02-13,0.0,-12.14,-22.54,251.9,100.0,35723.7
2063-02-14,26.24,-5.36,-20.87,238.2,115.8,35910.0
2063-02-15,5.22,-5.22,-16.91,208.5,162.6,36097.8
2063-02-16,0.0,-11.12,-19.86,229.0,126.5,36287.0
2063-02-17,0.0,-4.01,-16.04,290.8,174.9,36477.5
2063-02-18,2.15,-3.87,-16.7,229.6,165.4,36669.2
2063-02-19,0.0,-11.19,-21.03,261.1,114.1,36862.2
2063-02-20,0.0,-10.57,-26.56,343.8,69.5,37056.3
2063-02-21,0.0,-8.06,-19.06,285.2,135.4,37251.5
2063-02-22,0.0,-5.81,-20.39,340.0,120.7,37447.8
2063-02-23,1.25,-8.27,-20.97,322.7,114.8,37645.0
2063-02-24,0.0,-0.97,-15.3,343.6,186.0,37843.2
2063-02-25,0.0,-4.17,-11.99,231.0,243.9,38042.3
2063-02-26,0.0,0.12,-17.14,379.8,159.4,38242.3
2063-02-27,0.0,2.78,-17.58,400.8,153.7,38443.1
2063-02-28,0.0,-2.1,-14.44,330.9,199.7,38644.7
2063-03-01,0.0,-4.62,-19.31,368.0,132.5,38847.0
2063-03-02,15.58,-4.45,-22.82,307.8,97.5,39050.0
2063-03-03,2.48,1.65,-15.17,301.2,188.0,39253.6
2063-03-04,1.66,0.74,-7.04,250.4,360.4,39457.9
2063-03-05,0.0,-3.67,-13.24,302.2,220.4,39662.7
2063-03-06,0.0,-15.9,-22.26,222.1,102.5,39868.1
2063-03-07,0.0,-14.15,-26.59,370.6,69.3,40074.0
2063-03-08,0.0,-18.54,-25.58,245.6,76.0,40280.3
2063-03-09,0.0,-5.87,-24.16,445.7,86.5,40487.1
2063-03-10,0.0,3.78,-17.66,462.4,152.6,40694.3
2063-03-11,0.0,5.31,-6.34,352.2,380.2,40901.8
2063-03-12,1.19,2.58,-8.91,352.8,311.6,41109.7
2063-03-13,0.0,3.74,-6.61,333.5,372.4,41317.8
2063-03-14,5.05,8.09,-1.22,232.3,558.4,41526.3
2063-03-15,1.69,4.56,-4.97,322.3,422.2,41734.9
2063-03-16,11.45,-5.34,-17.47,298.8,155.1,41943.8
2063-03-17,37.86,-1.12,-13.08,304.6,223.2,42152.9
2063-03-18,0.0,-3.96,-10.8,266.0,268.4,42362.1
2063-03-19,1.07,-4.5,-13.25,334.5,220.1,42571.4
2063-03-20,3.21,-1.31,-12.38,301.9,236.2,42780.8
2063-03-21,0.0,-2.81,-20.09,507.3,123.9,42990.3
2063-03-22,3.06,8.4,-11.78,396.9,248.0,43199.8
2063-03-23,0.0,4.17,-3.76,310.0,462.5,43409.3
2063-03-24,0.0,2.33,-9.95,438.6,287.0,43618.7
2063-03-25,0.0,6.12,-12.13,527.9,241.2,43828.1
2063-03-26,0.0,7.76,-8.73,510.0,316.0,44037.5
2063-03-27,0.0,6.7,-1.73,330.4,537.8,44246.7
2063-03-28,0.0,0.79,-4.43,225.7,439.7,44455.7
2063-03-29,0.0,3.93,-6.51,416.8,375.4,44664.6
2063-03-30,0.0,5.02,-6.09,438.0,387.8,44873.3
2063-03-31,0.0,2.08,-8.8,440.8,314.3,45081.7
2063-04-01,0.0,6.15,-10.54,550.5,273.9,45289.9
2063-04-02,4.36,1.55,-6.57,275.7,373.7,45497.8
2063-04-03,0.67,0.94,-3.85,233.0,459.6,45705.3
2063-04-04,1.05,2.76,-5.93,395.3,392.5,45912.5
2063-04-05,25.33,0.69,-4.44,189.4,439.6,46119.2
2063-04-06,2.8,0.28,-4.19,171.2,448.0,46325.6
2063-04-07,0.0,-0.31,-7.01,333.7,361.1,46531.4
2063-04-08,4.16,-0.86,-5.56,188.9,403.6,46736.8
2063-04-09,0.0,1.49,-4.66,334.2,432.2,46941.7
2063-04-10,0.0,2.15,-9.57,534.4,295.8,47145.9
2063-04-11,0.0,2.54,-10.84,569.6,267.5,47349.6
2063-04-12,8.9,6.06,-10.78,461.2,268.8,47552.6
2063-04-13,10.35,0.45,-5.32,241.2,411.0,47754.9
2063-04-14,0.0,7.06,-1.98,458.3,528.2,47956.4
2063-04-15,0.0,5.89,-5.25,529.5,413.3,48157.2
2063-04-16,16.18,1.6,-2.61,186.7,504.1,48357.2
2063-04-17,0.0,3.35,-1.52,286.0,546.5,48556.4
2063-04-18,0.0,10.78,-0.18,528.8,602.6,48754.6
2063-04-19,0.0,14.73,-3.5,636.0,443.0,48951.8
2063-04-20,0.0,16.65,-3.43,647.1,433.4,49148.1
2063-04-21,0.0,13.37,-1.75,611.4,512.3,49343.3
2063-04-22,0.0,16.79,-3.85,652.8,417.0,49537.4
2063-04-23,0.0,22.72,2.02,642.4,608.3,49730.4
2063-04-24,0.0,9.0,0.75,432.9,644.8,49922.1
2063-04-25,0.0,8.33,-3.99,570.3,454.6,50112.6
2063-04-26,0.0,12.61,-3.85,631.3,434.0,50301.8
2063-04-27,5.76,10.57,-1.49,413.4,547.8,50489.6
2063-04-28,2.13,7.12,0.69,264.0,641.9,50675.9
2063-04-29,3.53,7.57,2.13,229.6,712.1,50860.8
2063-04-30,7.63,4.89,1.25,163.4,668.3,51044.1
2063-05-01,1.76,8.38,0.42,442.4,629.6,51225.8
2063-05-02,0.0,10.74,-0.93,562.8,570.4,51405.8
2063-05-03,0.0,6.89,-0.11,396.3,605.8,51584.1
2063-05-04,0.0,10.57,1.12,493.2,662.0,51760.6
2063-05-05,0.45,8.11,-0.5,462.6,588.9,51935.1
2063-05-06,0.0,12.96,-1.83,615.5,510.2,52107.8
2063-05-07,0.0,21.31,1.29,653.9,580.9,52278.4
2063-05-08,0.0,23.95,8.02,594.8,942.3,52446.9
2063-05-09,0.0,25.53,6.49,625.6,821.3,52613.2
2063-05-10,0.0,27.09,5.34,642.4,741.5,52777.3
2063-05-11,0.0,21.39,7.22,551.4,933.2,52939.1
2063-05-12,0.0,11.61,2.42,431.7,727.2,53098.5
2063-05-13,0.0,11.48,-1.45,543.2,549.4,53255.4
2063-05-14,2.59,15.87,-1.4,459.4,551.2,53409.7
2063-05-15,2.34,12.91,3.41,322.2,779.7,53561.4
2063-05-16,0.0,8.46,3.5,243.7,784.9,53710.5
2063-05-17,0.0,7.96,0.02,373.9,611.5,53856.7
2063-05-18,5.77,8.49,-2.48,362.8,509.2,54000.0
2063-05-19,2.88,15.7,1.12,424.9,662.2,54140.4
2063-05-20,17.37,8.77,2.9,220.6,752.1,54277.8
2063-05-21,0.0,11.54,-0.05,514.2,608.7,54412.0
2063-05-22,0.0,14.95,-2.09,623.6,478.9,54543.1
2063-05-23,0.0,17.72,-1.89,647.3,466.6,54670.8
2063-05-24,0.0,30.5,3.45,660.8,610.3,54795.2
2063-05-25,0.0,31.6,12.42,594.7,1167.2,54916.2
2063-05-26,0.0,21.62,11.62,423.4,1343.1,55033.6
2063-05-27,8.08,19.65,2.23,447.9,709.2,55147.4
2063-05-28,8.56,19.65,7.53,362.4,1038.7,55257.6
2063-05-29,0.0,17.81,8.68,388.2,1123.0,55364.0
2063-05-30,0.0,16.64,5.28,458.2,888.9,55466.5
2063-05-31,0.0,19.12,4.39,533.6,794.4,55565.2
2063-06-01,0.0,23.9,6.28,571.2,826.5,55659.8
2063-06-02,0.0,21.03,5.47,535.4,815.3,55750.4
2063-06-03,0.0,20.75,3.78,556.5,713.0,55836.9
2063-06-04,10.97,13.18,8.0,163.1,1072.0,55919.2
2063-06-05,22.46,21.26,9.88,317.0,1217.3,55997.2
2063-06-06,0.0,14.38,8.48,250.8,1107.9,56070.9
2063-06-07,0.0,17.45,2.31,532.4,708.3,56140.2
2063-06-08,0.0,23.7,3.03,596.1,686.7,56205.1
2063-06-09,14.46,18.9,8.22,314.6,1088.5,56265.6
2063-06-10,0.0,26.35,9.83,532.2,1146.3,56321.4
2063-06-11,0.0,28.7,10.43,544.5,1167.6,56372.7
2063-06-12,0.0,26.68,9.81,471.4,1191.4,56419.4
2063-06-13,0.0,22.26,6.54,466.3,970.3,56461.3
2063-06-14,0.0,24.53,6.11,496.4,914.0,56498.6
2063-06-15,0.0,28.6,7.74,508.6,974.2,56531.2
2063-06-16,0.0,29.14,10.81,475.9,1136.4,56558.9
2063-06-17,12.84,23.39,11.11,280.0,1321.6,56581.9
2063-06-18,0.0,22.24,7.05,440.2,967.9,56600.1
2063-06-19,0.0,26.34,6.37,497.6,857.1,56613.4
2063-06-20,9.53,18.64,10.2,204.7,1243.9,56621.9
2063-06-21,3.25,18.67,12.51,154.5,1450.0,56625.6
2063-06-22,2.96,17.66,10.22,190.9,1245.7,56624.3
2063-06-23,1.4,15.8,9.18,240.2,1161.6,56618.3
2063-06-24,1.18,19.81,9.97,341.6,1224.7,56607.4
2063-06-25,8.49,24.67,5.28,380.3,889.3,56591.7
2063-06-26,2.49,26.8,12.3,322.4,1429.4,56571.1
2063-06-27,31.37,21.7,13.56,211.9,1553.0,56545.8
2063-06-28,6.55,22.23,10.68,284.1,1284.5,56515.6
2063-06-29,0.0,19.92,5.53,446.4,904.6,56480.7
2063-06-30,0.0,16.05,7.97,293.2,1070.2,56441.1
2063-07-01,0.56,17.47,6.68,376.5,979.6,56396.8
2063-07-02,3.82,18.43,6.66,301.3,978.3,56347.9
2063-07-03,0.0,21.69,4.55,494.5,844.9,56294.3
2063-07-04,0.0,23.44,6.56,480.8,971.9,56236.2
2063-07-05,6.22,16.73,11.98,133.8,1399.8,56173.5
2063-07-06,6.12,22.3,13.05,237.5,1501.7,56106.4
2063-07-07,4.34,21.75,10.53,281.9,1271.4,56034.9
2063-07-08,2.65,20.72,9.73,283.5,1205.2,55959.1
2063-07-09,3.9,19.23,5.87,326.8,926.6,55878.9
2063-07-10,5.76,23.3,9.88,321.0,1217.2,55794.5
2063-07-11,14.24,24.31,13.23,280.5,1520.0,55706.0
2063-07-12,0.0,23.36,15.36,290.9,1744.5,55613.4
2063-07-13,2.65,23.37,9.02,340.8,1148.7,55516.8
2063-07-14,3.71,23.32,9.28,338.1,1169.3,55416.2
2063-07-15,8.67,22.16,13.44,246.1,1540.5,55311.7
2063-07-16,0.0,22.92,11.86,398.3,1388.6,55203.4
2063-07-17,0.0,24.03,10.8,442.3,1294.9,55091.5
2063-07-18,5.72,26.53,10.54,358.5,1272.5,54975.8
2063-07-19,10.67,22.68,12.75,279.1,1472.8,54856.7
2063-07-20,11.81,16.97,14.09,96.9,1607.0,54734.0
2063-07-21,0.0,23.58,12.89,390.3,1486.1,54607.9
2063-07-22,0.0,24.8,8.91,481.6,1140.6,54478.5
2063-07-23,0.0,26.88,8.08,502.7,1078.1,54345.9
2063-07-24,0.0,28.14,11.53,470.4,1359.4,54210.1
2063-07-25,0.0,29.52,15.45,426.5,1754.7,54071.2
2063-07-26,0.0,30.02,17.16,400.7,1956.6,53929.4
2063-07-27,0.0,30.38,16.75,410.8,1906.2,53784.6
2063-07-28,23.55,27.24,18.0,237.6,2062.5,53637.0
2063-07-29,0.0,25.91,17.11,311.4,1950.0,53486.6
2063-07-30,0.0,26.57,15.34,374.1,1742.1,53333.6
2063-07-31,0.0,26.53,11.78,443.4,1381.5,53177.9
2063-08-01,0.0,24.87,9.63,453.9,1197.4,53019.8
2063-08-02,10.18,31.02,12.03,357.9,1404.7,52859.2
2063-08-03,17.74,25.38,16.0,243.0,1817.0,52696.3
2063-08-04,7.88,23.84,13.76,258.3,1573.2,52531.0
2063-08-05,0.0,20.91,9.25,390.9,1166.7,52363.6
2063-08-06,3.99,22.25,7.24,336.8,1017.7,52194.1
2063-08-07,0.0,22.28,10.11,393.9,1236.1,52022.5
2063-08-08,23.63,18.06,8.98,244.0,1145.7,51848.9
2063-08-09,0.0,20.82,8.16,408.8,1083.8,51673.3
2063-08-10,0.0,25.28,8.37,461.5,1099.3,51496.0
2063-08-11,0.0,25.31,10.18,431.7,1242.0,51316.8
2063-08-12,0.0,25.74,9.37,446.3,1176.5,51136.0
2063-08-13,2.6,22.27,10.33,282.5,1254.8,50953.4
2063-08-14,0.0,19.59,8.38,363.7,1100.5,50769.4
2063-08-15,4.9,18.39,8.96,239.5,1144.5,50583.7
2063-08-16,2.06,20.83,7.44,405.8,1031.8,50396.6
2063-08-17,0.0,21.35,5.41,444.4,897.3,50208.2
2063-08-18,0.0,17.94,7.41,345.7,1029.8,50018.3
2063-08-19,0.0,14.75,5.16,321.3,881.8,49827.2
2063-08-20,0.0,18.7,4.11,419.3,819.4,49634.9
2063-08-21,0.0,20.18,3.34,446.4,776.0,49441.3
2063-08-22,0.0,21.85,4.23,450.6,826.1,49246.7
2063-08-23,0.0,18.28,6.16,371.1,945.0,49050.9
2063-08-24,14.16,19.77,10.23,229.8,1246.6,48854.2
2063-08-25,15.32,20.95,14.34,164.6,1633.6,48656.4
2063-08-26,0.0,22.27,13.6,280.0,1557.0,48457.8
2063-08-27,0.0,22.52,8.37,397.8,1099.8,48258.2
2063-08-28,0.0,24.74,6.8,436.5,987.5,48057.8
2063-08-29,4.21,27.2,10.01,312.6,1228.4,47856.6
2063-08-30,12.16,18.59,10.5,194.1,1268.9,47654.7
2063-08-31,0.0,21.47,7.78,381.0,1056.0,47452.0
2063-09-01,0.0,17.5,6.74,332.9,983.4,47248.7
2063-09-02,0.0,18.99,4.03,403.0,814.4,47044.8
2063-09-03,0.0,22.86,9.4,366.4,1179.2,46840.2
2063-09-04,0.0,15.26,6.73,271.0,982.9,46635.1
2063-09-05,0.0,15.85,3.44,360.4,781.4,46429.5
2063-09-06,0.0,18.7,1.81,416.2,695.7,46223.4
2063-09-07,0.0,27.97,9.67,404.0,1200.4,46016.8
2063-09-08,0.0,28.35,12.2,374.4,1420.6,45809.8
2063-09-09,0.0,18.02,4.46,360.2,839.9,45602.5
2063-09-10,2.89,17.7,7.38,222.8,1028.1,45394.8
2063-09-11,8.83,13.54,9.51,99.1,1187.9,45186.7
2063-09-12,3.69,14.73,8.87,140.6,1137.3,44978.4
2063-09-13,0.0,13.62,1.89,335.9,699.7,44769.9
2063-09-14,0.0,20.6,0.26,418.5,622.3,44561.1
2063-09-15,17.59,14.64,3.02,242.1,758.5,44352.1
2063-09-16,0.0,13.98,1.98,330.2,704.2,44143.0
2063-09-17,0.0,18.33,0.45,394.0,631.0,43933.7
2063-09-18,0.0,21.02,1.87,393.8,698.8,43724.4
2063-09-19,0.0,24.25,4.99,384.1,871.5,43514.9
2063-09-20,0.0,22.54,7.16,346.1,1012.6,43305.4
2063-09-21,0.0,21.28,4.72,359.5,855.3,43095.9
2063-09-22,0.0,21.5,7.99,316.4,1071.2,42886.4
2063-09-23,0.0,18.13,7.42,270.4,1030.3,42677.0
2063-09-24,0.0,15.55,4.34,279.6,832.5,42467.6
2063-09-25,0.0,25.49,6.64,354.5,976.6,42258.4
2063-09-26,5.52,25.03,9.39,239.5,1177.8,42049.2
2063-09-27,26.82,14.27,6.07,157.4,939.5,41840.3
2063-09-28,8.01,13.82,5.97,153.3,932.8,41631.5
2063-09-29,0.0,13.35,2.43,265.8,727.3,41422.9
2063-09-30,0.0,13.79,-1.46,325.5,548.7,41214.6
2063-10-01,0.0,17.46,0.87,329.4,650.4,41006.6
2063-10-02,0.0,19.69,6.38,284.5,959.5,40798.9
2063-10-03,0.0,18.64,5.43,281.9,898.5,40591.5
2063-10-04,0.0,20.83,5.85,295.7,924.7,40384.6
2063-10-05,0.0,23.53,4.35,324.7,833.2,40178.0
2063-10-06,0.0,15.48,4.26,243.9,828.0,39971.9
2063-10-07,0.0,10.29,-0.18,237.0,602.7,39766.2
2063-10-08,0.77,13.71,0.49,274.2,633.0,39561.1
2063-10-09,0.0,13.94,1.17,265.2,664.5,39356.6
2063-10-10,0.0,9.61,3.34,149.0,776.0,39152.6
2063-10-11,0.0,9.98,6.46,86.6,964.7,38949.3
2063-10-12,33.15,9.03,6.66,47.5,978.5,38746.6
2063-10-13,0.64,8.33,3.6,113.9,790.6,38544.7
2063-10-14,0.0,7.48,-0.01,177.3,610.2,38343.5
2063-10-15,0.0,9.63,1.81,181.6,696.1,38143.1
2063-10-16,0.0,11.85,0.68,236.1,641.4,37943.5
2063-10-17,0.0,12.78,-0.98,265.5,568.4,37744.9
2063-10-18,0.0,15.47,-0.91,282.3,571.5,37547.1
2063-10-19,9.76,16.43,1.08,203.7,660.2,37350.4
2063-10-20,6.3,17.01,6.42,162.0,962.2,37154.6
2063-10-21,0.0,17.53,8.74,186.4,1127.7,36959.9
2063-10-22,0.0,23.21,6.9,260.3,994.3,36766.4
2063-10-23,9.99,16.72,6.5,153.4,967.6,36574.0
2063-10-24,0.0,8.49,2.01,146.1,705.9,36382.9
2063-10-25,0.0,8.86,-1.26,210.6,556.9,36193.1
2063-10-26,0.0,14.3,-3.42,267.7,474.4,36004.6
2063-10-27,22.02,13.37,-0.02,177.2,609.7,35817.5
2063-10-28,0.0,10.49,0.56,195.0,636.1,35631.9
2063-10-29,3.82,1.93,-2.16,70.2,521.0,35447.8
2063-10-30,0.0,6.38,-2.98,189.1,490.2,35265.2
2063-10-31,0.0,11.18,-4.93,246.2,423.5,35084.4
2063-11-01,0.0,10.88,-0.35,204.9,595.2,34905.2
2063-11-02,0.0,6.98,-2.78,188.5,497.6,34727.8
2063-11-03,47.19,3.03,-5.43,129.2,407.8,34552.3
2063-11-04,0.0,4.94,-3.84,177.1,459.7,34378.7
2063-11-05,0.0,5.48,-4.33,188.5,443.3,34207.0
2063-11-06,9.38,3.67,-4.74,126.9,429.6,34037.5
2063-11-07,0.0,5.89,-1.53,152.0,546.0,33870.0
2063-11-08,0.0,1.04,-2.23,75.2,518.6,33704.8
2063-11-09,0.0,0.51,-4.8,115.9,427.7,33541.9
2063-11-10,0.0,-0.76,-6.28,118.5,382.1,33381.3
2063-11-11,0.0,-1.74,-7.45,119.7,349.2,33223.1
2063-11-12,0.0,1.84,-9.66,191.6,293.8,33067.5
2063-11-13,1.97,3.23,-6.7,192.2,369.9,32914.4
2063-11-14,0.0,10.65,-2.09,210.1,523.8,32764.0
2063-11-15,43.47,6.52,0.65,83.0,640.4,32616.4
2063-11-16,20.52,1.49,-1.22,42.7,558.4,32471.6
2063-11-17,0.0,-1.22,-3.89,58.0,458.0,32329.7
2063-11-18,0.0,-2.66,-8.1,112.2,332.0,32190.8
2063-11-19,0.0,-1.8,-13.4,184.5,217.6,32055.0
2063-11-20,2.24,-2.08,-11.76,139.2,248.5,31922.3
2063-11-21,6.41,-0.33,-6.05,96.2,388.9,31792.9
2063-11-22,21.31,-0.5,-2.88,44.1,494.2,31666.8
2063-11-23,0.0,-2.46,-7.77,120.9,340.5,31544.1
2063-11-24,0.0,-7.94,-13.15,120.7,222.1,31424.9
2063-11-25,0.0,0.96,-13.12,208.4,222.6,31309.3
2063-11-26,12.33,2.51,-4.07,107.3,451.8,31197.3
2063-11-27,9.97,0.92,-3.19,72.7,482.7,31089.0
2063-11-28,0.0,-5.73,-13.85,164.5,209.7,30984.5
2063-11-29,3.02,0.38,-13.96,151.6,207.8,30883.9
2063-11-30,5.12,-3.01,-12.02,129.5,243.4,30787.2
2063-12-01,3.78,-9.66,-13.88,75.3,209.2,30694.6
2063-12-02,0.0,-8.92,-18.1,175.1,147.0,30606.0
2063-12-03,8.98,-2.67,-18.82,152.1,138.3,30521.6
2063-12-04,0.0,-1.93,-11.47,171.6,254.2,30441.4
2063-12-05,0.0,-5.2,-14.88,172.7,192.6,30365.6
2063-12-06,0.0,-8.83,-17.08,158.4,160.3,30294.0
2063-12-07,0.88,-6.8,-21.84,193.9,106.3,30226.9
2063-12-08,0.0,-3.4,-19.74,193.5,127.8,30164.2
2063-12-09,0.0,-10.86,-23.77,182.7,89.6,30106.1
2063-12-10,0.0,-7.65,-23.44,188.7,92.3,30052.5
2063-12-11,4.77,-4.83,-19.38,137.9,131.8,30003.5
2063-12-12,2.33,-1.3,-17.3,139.8,157.4,29959.2
2063-12-13,0.0,-13.94,-21.66,133.0,108.1,29919.5
2063-12-14,1.37,-10.89,-21.21,159.8,112.4,29884.6
2063-12-15,0.0,-13.17,-21.12,135.5,113.2,29854.4
2063-12-16,20.09,-7.92,-20.61,131.3,118.4,29829.0
2063-12-17,6.75,-8.1,-15.41,93.5,184.4,29808.5
2063-12-18,0.0,-10.13,-19.84,150.3,126.7,29792.7
2063-12-19,1.37,-12.5,-26.44,178.9,70.3,29781.8
2063-12-20,0.89,-8.24,-21.42,174.0,110.3,29775.7
2063-12-21,0.0,-8.38,-21.03,169.6,114.2,29774.4
2063-12-22,0.0,-4.78,-16.8,162.8,164.1,29778.1
2063-12-23,8.87,5.79,-8.9,130.8,311.9,29786.5
2063-12-24,6.5,2.97,-5.58,94.8,403.2,29799.8
2063-12-25,0.0,-2.23,-8.37,99.4,325.1,29818.0
2063-12-26,0.0,0.91,-10.72,158.0,270.1,29840.9
2063-12-27,5.19,-3.17,-7.55,54.6,346.4,29868.6
2063-12-28,1.26,-3.14,-8.99,95.7,309.6,29901.2
2063-12-29,5.54,-1.53,-7.69,77.0,342.7,29938.4
2063-12-30,0.43,-2.3,-10.18,127.0,281.9,29980.4
2063-12-31,4.78,-8.03,-14.11,78.1,205.3,30027.0
2064-01-01,2.4,-7.03,-19.23,126.8,133.5,30078.5
2064-01-02,3.43,-10.44,-19.83,108.2,126.8,30134.3
2064-01-03,0.0,-16.67,-26.08,146.0,72.7,30194.7
2064-01-04,0.0,-7.01,-26.33,206.0,71.0,30259.6
2064-01-05,0.0,-2.88,-16.02,179.9,175.2,30328.9
2064-01-06,0.0,1.6,-9.84,165.8,289.5,30402.6
2064-01-07,4.81,4.78,-0.71,68.2,579.7,30480.7
2064-01-08,10.56,6.48,0.66,72.0,640.9,30562.9
2064-01-09,5.23,6.1,0.66,68.2,640.7,30649.4
2064-01-10,0.0,2.39,-3.38,98.3,476.1,30740.0
2064-01-11,9.44,-1.23,-7.58,82.8,345.7,30834.6
2064-01-12,0.0,1.36,-6.3,129.9,381.6,30933.3
2064-01-13,0.0,-4.65,-14.8,165.8,193.9,31035.8
2064-01-14,3.96,-8.28,-17.95,123.0,149.0,31142.2
2064-01-15,1.86,-7.11,-12.99,109.2,224.9,31252.3
2064-01-16,0.0,-5.24,-12.85,137.6,227.4,31366.2
2064-01-17,0.0,-5.93,-21.04,217.1,114.1,31483.6
2064-01-18,11.71,-0.59,-14.52,159.6,198.4,31604.5
2064-01-19,2.24,-4.08,-14.07,133.3,206.0,31728.9
2064-01-20,0.0,-14.54,-24.29,178.6,85.5,31856.7
2064-01-21,0.0,-18.76,-30.23,201.8,49.3,31987.7
2064-01-22,3.36,-11.69,-28.05,181.5,60.6,32121.9
2064-01-23,1.55,-7.4,-21.94,232.6,105.4,32259.3
2064-01-24,0.0,-15.58,-27.73,217.6,62.4,32399.7
2064-01-25,0.0,-13.77,-33.0,262.4,37.8,32543.0
2064-01-26,0.0,-10.37,-29.33,264.4,53.7,32689.2
2064-01-27,0.0,-9.01,-28.13,268.5,60.1,32838.2
2064-01-28,0.0,-5.07,-25.7,275.4,75.2,32989.9
2064-01-29,0.0,-2.84,-18.15,256.0,146.3,33144.3
2064-01-30,13.04,1.7,-10.28,173.4,279.6,33301.2
2064-01-31,0.0,-6.11,-13.98,176.8,207.4,33460.6
2064-02-01,25.86,-8.83,-20.45,181.2,120.1,33622.3
2064-02-02,10.02,-5.42,-17.08,184.0,160.3,33786.4
2064-02-03,0.0,-6.4,-17.68,246.6,152.3,33952.8
2064-02-04,0.0,-3.74,-20.8,299.5,116.5,34121.3
2064-02-05,11.02,-4.46,-19.34,218.5,132.2,34291.9
2064-02-06,0.0,-4.56,-14.65,235.2,196.3,34464.5
2064-02-07,0.0,-10.0,-20.34,242.1,121.3,34639.0
2064-02-08,2.22,-9.22,-24.93,229.2,80.7,34815.5
2064-02-09,0.0,-4.19,-20.93,312.5,115.2,34993.8
2064-02-10,7.84,-3.25,-15.62,204.0,181.1,35173.8
2064-02-11,2.27,-6.93,-14.4,141.4,200.5,35355.5
2064-02-12,0.0,-8.12,-18.74,253.4,139.2,35538.8
2064-02-13,12.51,-6.66,-19.63,220.1,129.0,35723.7
2064-02-14,0.0,-5.62,-16.59,263.7,167.1,35910.0
2064-02-15,1.28,-1.89,-19.17,340.2,134.1,36097.8
2064-02-16,0.0,-14.27,-28.3,315.4,59.1,36287.0
2064-02-17,4.59,-0.82,-26.66,290.7,68.9,36477.5
2064-02-18,5.28,7.95,-11.59,272.3,251.8,36669.2
2064-02-19,0.0,1.55,-5.81,191.0,396.2,36862.2
2064-02-20,0.0,-8.65,-18.35,251.1,144.0,37056.3
2064-02-21,0.0,-11.29,-24.88,325.8,81.1,37251.5
2064-02-22,0.0,-5.64,-24.43,383.0,84.4,37447.8
2064-02-23,0.0,-3.5,-20.67,371.9,117.8,37645.0
2064-02-24,0.0,0.07,-18.03,384.2,147.9,37843.2
2064-02-25,0.0,1.74,-11.38,329.4,256.2,38042.3
2064-02-26,3.26,-1.93,-6.75,111.3,368.4,38242.3
2064-02-27,4.61,-5.04,-10.33,127.9,278.5,38443.1
2064-02-28,0.0,-9.85,-21.21,332.8,112.4,38644.7
2064-02-29,0.0,-9.99,-29.67,435.1,52.0,38847.0
2064-03-01,15.24,-6.04,-25.06,327.4,79.7,39050.0
2064-03-02,3.15,-4.81,-14.17,219.0,204.2,39253.6
2064-03-03,1.24,1.1,-21.2,462.3,112.5,39457.9
2064-03-04,0.0,4.54,-18.87,468.8,137.6,39662.7
2064-03-05,11.71,-8.52,-16.38,192.8,170.0,39868.1
2064-03-06,0.0,-0.44,-14.12,393.3,205.2,40074.0
2064-03-07,0.0,3.73,-12.74,434.0,229.5,40280.3
2064-03-08,25.48,1.31,-10.91,280.5,266.0,40487.1
2064-03-09,3.21,-7.81,-15.02,190.1,190.4,40694.3
2064-03-10,0.0,-5.18,-23.3,481.7,93.5,40901.8
2064-03-11,0.0,-1.31,-22.71,509.7,98.4,41109.7
2064-03-12,1.35,-0.51,-16.64,457.7,166.3,41317.8
2064-03-13,0.0,-8.33,-20.11,382.4,123.7,41526.3
2064-03-14,0.0,-5.19,-20.54,455.0,119.2,41734.9
2064-03-15,0.0,-2.23,-14.53,397.3,198.2,41943.8
2064-03-16,1.33,-0.87,-8.1,262.1,332.0,42152.9
2064-03-17,0.0,-1.91,-11.69,347.6,249.9,42362.1
2064-03-18,0.0,2.42,-19.53,549.6,130.1,42571.4
2064-03-19,10.31,1.58,-17.72,402.4,151.9,42780.8
2064-03-20,19.16,-1.9,-10.24,236.5,280.5,42990.3
2064-03-21,5.18,-5.89,-10.53,142.2,274.2,43199.8
2064-03-22,0.0,-7.65,-13.42,237.7,217.2,43409.3
2064-03-23,0.0,-7.83,-18.59,415.9,141.0,43618.7
2064-03-24,0.0,-5.81,-28.87,594.4,56.1,43828.1
2064-03-25,5.09,-0.53,-27.39,458.2,64.4,44037.5
2064-03-26,2.75,2.84,-16.79,428.3,164.3,44246.7
2064-03-27,0.32,1.44,-15.71,540.1,179.8,44455.7
2064-03-28,0.0,-1.11,-16.53,511.4,167.9,44664.6
2064-03-29,0.0,-3.69,-15.38,430.4,184.8,44873.3
2064-03-30,0.0,3.43,-12.43,526.1,235.4,45081.7
2064-03-31,2.55,4.31,-11.13,392.6,261.2,45289.9
2064-04-01,7.95,5.91,-4.74,304.2,429.7,45497.8
2064-04-02,0.0,2.59,-4.4,293.7,440.8,45705.3
2064-04-03,0.0,3.53,-8.25,465.8,328.1,45912.5
2064-04-04,4.03,8.3,-5.8,388.0,396.5,46119.2
2064-04-05,3.37,3.97,-2.18,203.8,520.3,46325.6
2064-04-06,0.0,5.04,-0.81,265.8,575.6,46531.4
2064-04-07,0.0,9.67,-4.98,547.9,421.8,46736.8
2064-04-08,0.0,10.23,-5.31,562.9,411.4,46941.7
2064-04-09,0.0,13.73,-2.85,580.3,495.1,47145.9
2064-04-10,0.0,6.45,-0.18,307.7,602.9,47349.6
2064-04-11,0.0,4.89,-0.17,248.0,603.4,47552.6
2064-04-12,11.52,1.26,-1.07,100.5,564.6,47754.9
2064-04-13,2.2,3.33,-1.59,192.5,543.6,47956.4
2064-04-14,0.0,4.21,-2.68,355.5,501.3,48157.2
2064-04-15,0.0,6.87,-4.25,515.6,445.8,48357.2
2064-04-16,0.0,14.11,-4.26,647.8,445.6,48556.4
2064-04-17,0.0,20.06,-1.34,668.9,537.6,48754.6
2064-04-18,0.0,16.68,-0.95,640.9,562.9,48951.8
2064-04-19,0.0,9.94,0.79,443.7,646.8,49148.1
2064-04-20,0.0,13.77,0.18,571.7,618.9,49343.3
2064-04-21,0.0,15.32,0.18,599.0,618.7,49537.4
2064-04-22,1.33,13.34,-1.33,593.1,554.0,49730.4
2064-04-23,1.04,15.38,0.19,607.4,617.0,49922.1
2064-04-24,0.7,7.42,-0.27,399.1,598.9,50112.6
2064-04-25,0.0,11.53,-2.81,618.5,496.6,50301.8
2064-04-26,0.0,13.4,-3.43,661.7,468.3,50489.6
2064-04-27,0.0,9.21,-2.41,558.9,511.7,50675.9
2064-04-28,13.98,14.17,-1.24,479.4,557.8,50860.8
2064-04-29,61.54,7.8,2.49,224.0,730.3,51044.1
2064-04-30,12.77,5.58,-0.98,281.0,568.3,51225.8
2064-05-01,0.0,6.8,-3.32,531.5,478.1,51405.8
2064-05-02,0.0,10.12,-3.68,629.0,465.4,51584.1
2064-05-03,0.0,13.82,-1.44,650.2,549.8,51760.6
2064-05-04,2.85,8.5,2.57,254.2,734.6,51935.1
2064-05-05,0.0,14.94,2.57,583.2,734.7,52107.8
2064-05-06,0.0,20.01,-1.0,704.6,537.9,52278.4
2064-05-07,5.12,14.89,2.72,425.5,742.4,52446.9
2064-05-08,7.93,12.87,3.9,348.4,807.2,52613.2
2064-05-09,0.0,13.81,2.91,540.6,752.8,52777.3
2064-05-10,0.0,10.64,-0.68,557.7,581.0,52939.1
2064-05-11,0.0,14.44,-0.65,639.0,582.6,53098.5
2064-05-12,0.0,17.48,-1.11,680.3,546.2,53255.4
2064-05-13,0.0,20.75,0.31,688.7,588.4,53409.7
2064-05-14,0.0,21.63,1.04,683.4,606.0,53561.4
2064-05-15,0.0,20.98,2.98,645.5,711.7,53710.5
2064-05-16,0.0,17.51,4.75,538.9,856.9,53856.7
2064-05-17,0.0,19.02,1.59,645.4,651.1,54000.0
2064-05-18,0.0,18.82,3.94,595.9,783.7,54140.4
2064-05-19,14.53,14.37,6.33,285.2,956.1,54277.8
2064-05-20,1.24,11.71,5.92,288.8,929.4,54412.0
2064-05-21,1.89,15.76,2.37,570.9,724.3,54543.1
2064-05-22,5.35,14.27,3.41,374.5,779.6,54670.8
2064-05-23,0.73,11.05,3.65,372.7,792.9,54795.2
2064-05-24,0.0,16.26,3.83,545.7,803.2,54916.2
2064-05-25,0.0,21.14,1.23,674.7,624.0,55033.6
2064-05-26,5.94,17.36,8.29,319.5,1093.4,55147.4
2064-05-27,4.56,17.26,7.51,339.7,1037.3,55257.6
2064-05-28,2.43,14.53,1.22,430.6,667.1,55364.0
2064-05-29,2.0,13.54,5.28,399.9,889.4,55466.5
2064-05-30,0.0,17.48,1.1,623.8,654.4,55565.2
2064-05-31,8.72,10.21,4.12,227.1,819.8,55659.8
2064-06-01,1.99,13.23,6.33,339.7,956.0,55750.4
2064-06-02,0.0,15.13,7.15,387.6,1012.0,55836.9
2064-06-03,1.25,17.48,6.02,506.3,936.2,55919.2
2064-06-04,0.0,18.8,2.06,625.1,674.3,55997.2
2064-06-05,0.0,21.25,1.57,659.5,627.8,56070.9
2064-06-06,0.0,20.78,5.78,583.3,881.6,56140.2
2064-06-07,3.91,20.55,10.52,328.3,1271.2,56205.1
2064-06-08,13.53,26.01,12.42,391.2,1440.8,56265.6
2064-06-09,5.17,23.66,12.33,348.4,1432.5,56321.4
2064-06-10,15.73,23.19,13.83,300.4,1580.5,56372.7
2064-06-11,6.22,22.1,13.34,290.3,1530.6,56419.4
2064-06-12,0.0,19.37,8.46,478.1,1106.5,56461.3
2064-06-13,0.0,22.29,4.61,618.6,804.3,56498.6
2064-06-14,0.0,24.46,2.71,650.7,683.3,56531.2
2064-06-15,4.64,20.65,8.54,378.6,1112.7,56558.9
2064-06-16,8.12,15.38,10.54,181.8,1272.0,56581.9
2064-06-17,11.56,14.5,12.18,98.3,1418.5,56600.1
2064-06-18,2.85,17.93,11.39,242.4,1346.5,56613.4
2064-06-19,1.09,18.03,11.06,339.4,1317.4,56621.9
2064-06-20,5.22,21.04,11.04,337.1,1315.1,56625.6
2064-06-21,3.57,22.08,11.19,353.4,1329.1,56624.3
2064-06-22,9.49,24.1,10.96,387.0,1308.5,56618.3
2064-06-23,22.8,24.46,12.52,361.9,1450.9,56607.4
2064-06-24,3.49,22.15,11.67,340.4,1371.8,56591.7
2064-06-25,1.94,24.23,7.88,566.9,1059.9,56571.1
2064-06-26,11.0,21.44,12.16,305.2,1416.8,56545.8
2064-06-27,4.24,17.37,12.99,162.0,1495.7,56515.6
2064-06-28,21.76,17.62,11.63,195.9,1367.8,56480.7
2064-06-29,21.89,14.96,11.3,129.9,1338.2,56441.1
2064-06-30,3.49,24.7,12.03,337.2,1404.5,56396.8
2064-07-01,0.0,24.87,11.14,465.4,1324.2,56347.9
2064-07-02,0.0,26.87,8.95,510.5,1143.8,56294.3
2064-07-03,18.63,20.75,10.75,289.9,1290.3,56236.2
2064-07-04,0.0,22.91,7.24,497.1,1017.9,56173.5
2064-07-05,0.0,25.25,7.57,513.9,1041.2,56106.4
2064-07-06,0.0,27.08,10.4,496.0,1260.6,56034.9
2064-07-07,0.0,29.67,11.64,498.3,1369.3,55959.1
2064-07-08,0.0,29.31,15.74,435.0,1787.9,55878.9
2064-07-09,14.7,28.07,17.74,273.9,2029.0,55794.5
2064-07-10,0.0,24.94,14.11,389.8,1609.3,55706.0
2064-07-11,0.0,22.91,10.45,432.8,1264.8,55613.4
2064-07-12,0.0,24.14,8.49,482.8,1108.6,55516.8
2064-07-13,9.53,22.25,12.35,278.4,1434.6,55416.2
2064-07-14,7.58,24.14,14.46,274.8,1646.5,55311.7
2064-07-15,0.0,24.59,12.58,425.1,1456.0,55203.4
2064-07-16,3.11,25.07,11.22,340.5,1331.7,55091.5
2064-07-17,1.2,25.16,12.39,426.8,1437.8,54975.8
2064-07-18,1.29,21.4,12.74,327.7,1471.9,54856.7
2064-07-19,9.08,24.35,13.69,280.8,1566.3,54734.0
2064-07-20,0.0,24.28,13.4,379.8,1536.5,54607.9
2064-07-21,11.03,23.53,13.93,260.1,1590.4,54478.5
2064-07-22,0.0,22.24,14.04,309.8,1601.5,54345.9
2064-07-23,1.18,21.57,12.38,344.6,1437.0,54210.1
2064-07-24,3.86,26.73,15.33,289.9,1740.7,54071.2
2064-07-25,7.55,24.44,16.31,229.2,1853.3,53929.4
2064-07-26,0.96,27.04,13.75,427.7,1572.1,53784.6
2064-07-27,1.8,26.05,15.06,375.4,1710.8,53637.0
2064-07-28,8.0,23.43,14.48,243.0,1648.7,53486.6
2064-07-29,9.19,21.69,14.31,206.3,1630.4,53333.6
2064-07-30,0.0,25.4,12.85,407.8,1482.5,53177.9
2064-07-31,8.83,23.51,13.52,264.2,1548.9,53019.8
2064-08-01,31.15,21.2,15.53,166.6,1763.3,52859.2
2064-08-02,41.74,21.27,15.77,162.9,1791.1,52696.3
2064-08-03,27.76,20.3,15.45,149.7,1754.1,52531.0
2064-08-04,5.59,19.4,13.34,191.3,1531.0,52363.6
2064-08-05,0.0,22.47,11.8,398.7,1383.2,52194.1
2064-08-06,0.0,21.44,9.62,430.6,1196.4,52022.5
2064-08-07,0.0,19.35,9.97,378.6,1224.7,51848.9
2064-08-08,6.3,17.25,11.93,180.2,1395.2,51673.3
2064-08-09,3.75,21.21,13.14,251.9,1511.0,51496.0
2064-08-10,1.8,22.43,12.98,375.4,1495.3,51316.8
2064-08-11,8.54,22.2,13.07,277.6,1504.1,51136.0
2064-08-12,21.95,21.41,13.08,261.2,1505.0,50953.4
2064-08-13,0.0,22.55,12.71,387.0,1468.6,50769.4
2064-08-14,0.0,23.8,11.05,440.9,1316.8,50583.7
2064-08-15,0.0,23.83,11.13,439.0,1323.1,50396.6
2064-08-16,0.0,23.87,10.99,439.7,1311.6,50208.2
2064-08-17,0.0,20.88,9.12,426.7,1156.5,50018.3
2064-08-18,5.3,25.8,6.18,367.3,946.4,49827.2
2064-08-19,0.0,17.75,9.42,342.3,1180.3,49634.9
2064-08-20,0.0,18.61,7.79,403.9,1056.9,49441.3
2064-08-21,0.0,25.37,7.27,474.3,1020.3,49246.7
2064-08-22,0.0,28.65,10.13,463.0,1238.3,49050.9
2064-08-23,0.0,29.08,13.1,435.1,1506.4,48854.2
2064-08-24,3.47,27.37,14.47,295.4,1647.5,48656.4
2064-08-25,0.0,20.35,12.15,306.2,1415.5,48457.8
2064-08-26,0.0,18.23,8.95,342.0,1143.8,48258.2
2064-08-27,0.0,24.08,6.73,453.3,983.0,48057.8
2064-08-28,0.0,25.38,8.31,441.9,1094.8,47856.6
2064-08-29,0.0,21.08,9.28,377.6,1169.3,47654.7
2064-08-30,3.42,21.15,10.66,260.1,1282.4,47452.0
2064-08-31,0.0,20.5,9.87,346.9,1216.3,47248.7
2064-09-01,0.0,22.64,8.41,401.1,1102.6,47044.8
2064-09-02,0.0,23.89,8.74,403.6,1127.4,46840.2
2064-09-03,0.0,24.35,9.47,392.4,1184.5,46635.1
2064-09-04,0.0,21.76,7.78,382.0,1056.1,46429.5
2064-09-05,0.0,19.78,4.9,395.4,866.0,46223.4
2064-09-06,3.42,23.82,9.87,275.8,1216.8,46016.8
2064-09-07,2.26,16.74,12.28,109.4,1427.6,45809.8
2064-09-08,0.0,19.45,10.74,264.1,1289.2,45602.5
2064-09-09,23.16,16.0,8.58,175.3,1115.7,45394.8
2064-09-10,0.0,14.99,5.09,298.3,877.2,45186.7
2064-09-11,0.0,17.35,1.43,392.2,677.1,44978.4
2064-09-12,4.78,15.13,2.7,255.4,741.6,44769.9
2064-09-13,0.0,18.73,9.48,266.5,1185.0,44561.1
2064-09-14,19.51,18.23,11.65,148.2,1370.2,44352.1
2064-09-15,4.2,20.74,9.54,228.8,1189.9,44143.0
2064-09-16,0.0,17.41,3.06,360.0,761.0,43933.7
2064-09-17,6.35,17.94,2.54,278.4,732.9,43724.4
2064-09-18,0.0,9.8,-0.4,293.7,593.0,43514.9
2064-09-19,0.0,13.81,-3.18,384.0,483.1,43305.4
2064-09-20,0.0,19.54,0.63,388.0,639.3,43095.9
2064-09-21,0.0,13.2,2.17,299.2,714.0,42886.4
2064-09-22,0.0,12.06,-1.71,343.5,538.9,42677.0
2064-09-23,0.0,15.73,-2.91,382.0,492.8,42467.6
2064-09-24,0.0,17.53,-0.46,368.7,590.7,42258.4
2064-09-25,0.0,24.3,4.16,366.9,822.0,42049.2
2064-09-26,11.1,20.6,6.89,231.3,993.9,41840.3
2064-09-27,23.15,16.98,9.7,143.9,1202.8,41631.5
2064-09-28,21.51,17.91,12.62,105.7,1460.6,41422.9
2064-09-29,0.82,14.73,10.1,128.0,1235.4,41214.6
2064-09-30,0.0,16.31,7.24,233.1,1017.9,41006.6
2064-10-01,5.56,15.06,6.53,167.6,969.5,40798.9
2064-10-02,26.65,11.68,5.05,138.0,874.8,40591.5
2064-10-03,0.0,10.08,1.65,229.0,687.9,40384.6
2064-10-04,0.0,9.78,3.08,189.1,761.8,40178.0
2064-10-05,0.0,10.48,0.12,267.2,615.9,39971.9
2064-10-06,0.0,8.43,-0.3,237.3,597.4,39766.2
2064-10-07,0.0,10.1,0.29,251.7,623.6,39561.1
2064-10-08,0.0,17.61,0.26,323.2,622.2,39356.6
2064-10-09,1.14,12.34,1.42,257.1,676.7,39152.6
2064-10-10,0.0,14.11,4.29,233.6,829.7,38949.3
2064-10-11,0.0,12.29,1.56,250.3,683.7,38746.6
2064-10-12,2.4,12.64,-0.22,207.3,600.9,38544.7
2064-10-13,1.41,11.01,2.34,209.7,722.7,38343.5
2064-10-14,2.66,15.55,4.34,182.3,832.8,38143.1
2064-10-15,0.0,13.52,3.49,224.6,784.5,37943.5
2064-10-16,3.35,9.4,3.47,111.1,783.2,37744.9
2064-10-17,0.0,7.96,-0.28,199.0,598.5,37547.1
2064-10-18,0.0,6.58,-3.78,233.8,461.7,37350.4
2064-10-19,0.0,9.18,-5.47,276.6,406.6,37154.6
2064-10-20,0.0,11.49,-5.76,287.4,397.7,36959.9
2064-10-21,15.66,5.55,-2.89,148.1,493.7,36766.4
2064-10-22,7.43,0.31,-4.8,98.3,427.6,36574.0
2064-10-23,0.0,4.71,-8.78,261.6,314.7,36382.9
2064-10-24,0.0,8.59,-5.21,259.2,414.5,36193.1
2064-10-25,8.17,10.49,-4.31,197.3,443.9,36004.6
2064-10-26,24.85,12.83,2.76,160.4,744.5,35817.5
2064-10-27,0.0,13.74,3.26,213.7,771.4,35631.9
2064-10-28,10.99,14.48,3.92,157.2,808.4,35447.8
2064-10-29,3.42,7.54,1.2,108.1,665.9,35265.2
2064-10-30,0.0,3.99,-1.69,131.9,539.6,35084.4
2064-10-31,0.0,6.89,-2.81,196.4,496.7,34905.2
2064-11-01,0.0,2.48,-3.03,125.5,488.4,34727.8
2064-11-02,0.0,1.79,-4.77,145.2,428.6,34552.3
2064-11-03,0.0,6.73,-5.14,211.8,416.8,34378.7
2064-11-04,0.0,9.75,0.74,174.6,644.2,34207.0
2064-11-05,0.0,18.53,4.46,211.3,839.6,34037.5
2064-11-06,0.0,18.68,2.95,216.7,754.8,33870.0
2064-11-07,7.44,9.3,2.23,104.2,717.0,33704.8
2064-11-08,10.8,7.33,3.24,64.1,770.4,33541.9
2064-11-09,12.03,8.99,2.77,93.0,745.4,33381.3
2064-11-10,9.19,5.77,0.38,83.2,627.9,33223.1
2064-11-11,2.44,2.72,-2.13,77.0,522.5,33067.5
2064-11-12,0.0,2.76,-2.72,114.2,500.1,32914.4
2064-11-13,2.82,3.62,-6.32,148.0,380.9,32764.0
2064-11-14,11.92,8.89,-1.06,143.4,565.1,32616.4
2064-11-15,15.48,15.29,5.71,119.5,916.1,32471.6
2064-11-16,13.97,15.71,3.75,132.9,798.9,32329.7
2064-11-17,0.0,1.13,-1.66,58.4,540.9,32190.8
2064-11-18,0.0,-2.39,-5.84,73.0,395.1,32055.0
2064-11-19,0.0,-4.41,-8.39,85.7,324.4,31922.3
2064-11-20,0.0,-6.48,-9.53,67.8,296.7,31792.9
2064-11-21,0.0,-4.45,-11.81,141.6,247.4,31666.8
2064-11-22,2.5,-5.59,-9.59,72.1,295.4,31544.1
2064-11-23,0.0,-6.3,-9.52,80.5,297.0,31424.9
2064-11-24,0.0,-4.16,-11.97,167.5,244.3,31309.3
2064-11-25,11.23,-0.22,-12.21,151.8,239.7,31197.3
2064-11-26,14.94,2.29,-3.56,100.0,469.7,31089.0
2064-11-27,0.0,2.25,-1.8,97.5,535.2,30984.5
2064-11-28,3.84,1.2,-2.15,61.6,521.7,30883.9
2064-11-29,0.0,1.81,-3.23,117.1,481.4,30787.2
2064-11-30,5.43,1.0,-7.03,123.5,360.6,30694.6
2064-12-01,8.64,1.4,-4.52,99.5,436.8,30606.0
2064-12-02,0.0,2.58,-2.72,119.6,499.8,30521.6
2064-12-03,0.0,0.11,-3.76,93.0,462.5,30441.4
2064-12-04,1.19,1.48,-5.02,141.3,420.5,30365.6
2064-12-05,0.0,-5.81,-12.21,143.8,239.5,30294.0
2064-12-06,2.69,-4.02,-17.68,145.2,152.4,30226.9
2064-12-07,2.06,-2.06,-12.59,180.3,232.4,30164.2
2064-12-08,0.0,-10.74,-17.06,140.1,160.5,30106.1
2064-12-09,10.43,-7.11,-19.28,140.2,132.9,30052.5
2064-12-10,8.8,-3.61,-15.38,137.7,184.9,30003.5
2064-12-11,10.01,-9.08,-20.13,136.0,123.5,29959.2
2064-12-12,17.57,-0.83,-14.76,142.8,194.5,29919.5
2064-12-13,0.0,-9.67,-19.22,170.4,133.6,29884.6
2064-12-14,3.5,-4.11,-24.91,148.6,80.8,29854.4
2064-12-15,5.71,7.33,-12.04,145.9,242.9,29829.0
2064-12-16,0.0,0.2,-11.3,176.4,257.8,29808.5
2064-12-17,7.79,-12.12,-16.76,73.7,164.6,29792.7
2064-12-18,0.0,-6.39,-21.55,190.4,109.1,29781.8
2064-12-19,0.0,-13.19,-23.11,164.1,95.1,29775.7
2064-12-20,0.0,-14.94,-26.99,177.3,66.8,29774.4
2064-12-21,11.81,-11.51,-33.97,150.4,34.3,29778.1
2064-12-22,4.95,-10.24,-23.51,136.0,91.7,29786.5
2064-12-23,2.22,-11.94,-22.59,122.0,99.5,29799.8
2064-12-24,4.53,-0.57,-16.65,142.6,166.1,29818.0
2064-12-25,0.0,1.77,-15.2,190.7,187.6,29840.9
2064-12-26,0.0,-12.85,-25.32,173.0,77.9,29868.6
2064-12-27,5.63,0.23,-20.87,150.0,115.8,29901.2
2064-12-28,5.56,5.02,-6.43,117.6,377.8,29938.4
2064-12-29,0.0,1.17,-7.79,132.8,339.9,29980.4
2064-12-30,2.15,-6.26,-15.89,107.6,177.2,30027.0
2064-12-31,1.08,-10.68,-18.85,99.7,141.9,30052.7
2065-01-01,0.0,-15.09,-21.81,91.8,106.6,30078.5
2065-01-02,0.0,-8.68,-21.42,153.2,110.4,30134.3
2065-01-03,0.0,-11.96,-20.95,119.6,115.0,30194.7
2065-01-04,0.0,-5.67,-17.76,149.6,151.4,30259.6
2065-01-05,1.35,-4.61,-15.51,140.1,182.7,30328.9
2065-01-06,0.0,-7.76,-18.49,140.0,142.2,30402.6
2065-01-07,13.24,-10.63,-22.26,113.9,102.4,30480.7
2065-01-08,8.4,-7.5,-16.15,91.6,173.2,30562.9
2065-01-09,0.0,-10.09,-15.39,79.6,184.6,30649.4
2065-01-10,0.0,-12.3,-20.82,123.1,116.3,30740.0
2065-01-11,0.0,-12.97,-25.46,166.1,76.9,30834.6
2065-01-12,0.0,-9.59,-25.08,189.2,79.6,30933.3
2065-01-13,3.18,-2.78,-20.75,153.3,117.0,31035.8
2065-01-14,1.52,-6.88,-23.12,198.3,95.0,31142.2
2065-01-15,0.0,-21.38,-34.46,179.6,32.7,31252.3
2065-01-16,0.0,-21.36,-38.5,208.3,21.7,31366.2
2065-01-17,0.0,-20.57,-38.09,213.1,22.6,31483.6
2065-01-18,10.0,-14.12,-36.5,175.5,26.6,31604.5
2065-01-19,2.62,-8.15,-24.62,160.1,83.0,31728.9
2065-01-20,0.0,-8.95,-16.19,119.8,172.7,31856.7
2065-01-21,0.0,-10.3,-23.48,194.0,91.9,31987.7
2065-01-22,0.0,-4.36,-21.9,226.3,105.8,32121.9
2065-01-23,2.53,-12.36,-27.08,159.9,66.2,32259.3
2065-01-24,0.84,-11.91,-26.83,217.6,67.8,32399.7
2065-01-25,0.0,-17.28,-30.91,209.9,46.2,32543.0
2065-01-26,0.0,-17.64,-37.56,251.3,23.9,32689.2
2065-01-27,0.0,-14.67,-34.88,255.8,31.3,32838.2
2065-01-28,12.19,-10.41,-31.11,197.6,45.3,32989.9
2065-01-29,3.6,-6.21,-22.56,183.5,99.8,33144.3
2065-01-30,0.0,-5.76,-18.99,220.6,136.3,33301.2
2065-01-31,0.3,-5.07,-16.62,202.4,166.6,33460.6
2065-02-01,0.0,-9.06,-24.79,248.1,81.7,33622.3
2065-02-02,0.0,-0.77,-18.49,261.8,142.2,33786.4
2065-02-03,0.0,-10.0,-19.6,181.5,129.3,33952.8
2065-02-04,0.0,-11.43,-19.77,164.5,127.4,34121.3
2065-02-05,0.0,-13.14,-22.76,188.6,98.0,34291.9
2065-02-06,0.0,-8.02,-25.01,273.5,80.1,34464.5
2065-02-07,1.52,0.31,-21.44,299.2,110.2,34639.0
2065-02-08,0.95,0.43,-15.57,264.2,181.9,34815.5
2065-02-09,0.0,-11.7,-22.7,210.5,98.6,34993.8
2065-02-10,1.61,-8.39,-25.57,282.9,76.1,35173.8
2065-02-11,0.42,1.33,-17.51,296.0,154.5,35355.5
2065-02-12,5.88,1.07,-9.87,162.0,288.8,35538.8
2065-02-13,1.26,-8.48,-18.16,202.7,146.2,35723.7
2065-02-14,2.84,-5.05,-14.68,154.2,195.8,35910.0
2065-02-15,0.0,-2.8,-8.84,139.2,313.3,36097.8
2065-02-16,0.0,-1.83,-8.3,153.3,326.8,36287.0
2065-02-17,0.0,-1.46,-10.61,216.4,272.3,36477.5
2065-02-18,0.0,-0.76,-19.37,339.1,131.8,36669.2
2065-02-19,9.3,-4.05,-13.65,174.0,213.1,36862.2
2065-02-20,1.54,-4.95,-10.08,136.8,284.1,37056.3
2065-02-21,0.0,-4.44,-13.16,226.9,221.8,37251.5
2065-02-22,5.34,-3.6,-16.2,228.4,172.6,37447.8
2065-02-23,6.66,-3.96,-10.57,141.0,273.3,37645.0
2065-02-24,0.0,-4.4,-13.12,244.8,222.6,37843.2
2065-02-25,0.0,-1.79,-18.04,368.6,147.8,38042.3
2065-02-26,0.0,-0.7,-15.98,364.7,175.8,38242.3
2065-02-27,9.61,6.33,-10.47,288.4,275.3,38443.1
2065-02-28,0.0,-4.39,-16.4,335.8,169.7,38644.7
2065-03-01,0.0,-6.74,-24.56,406.8,83.4,38847.0
2065-03-02,6.1,-9.79,-19.12,218.0,134.7,39050.0
2065-03-03,0.0,-8.4,-15.46,237.3,183.5,39253.6
2065-03-04,0.0,-8.96,-23.96,402.5,88.1,39457.9
2065-03-05,0.0,-4.16,-21.71,426.7,107.6,39662.7
2065-03-06,12.82,1.43,-18.36,334.2,143.7,39868.1
2065-03-07,2.66,3.23,-7.88,255.5,337.5,40074.0
2065-03-08,0.0,3.79,-8.17,363.6,330.0,40280.3
2065-03-09,0.0,0.74,-13.57,412.8,214.5,40487.1
2065-03-10,0.0,4.17,-14.32,457.7,201.7,40694.3
2065-03-11,4.07,2.99,-10.1,300.0,283.7,40901.8
2065-03-12,0.0,-5.44,-16.17,364.8,173.0,41109.7
2065-03-13,0.0,-5.88,-22.26,462.2,102.5,41317.8
2065-03-14,0.0,1.83,-17.98,487.8,148.6,41526.3
2065-03-15,0.0,-3.19,-13.26,353.9,220.0,41734.9
2065-03-16,0.0,0.33,-19.93,497.9,125.6,41943.8
2065-03-17,0.0,5.3,-18.21,512.2,145.6,42152.9
2065-03-18,1.33,4.47,-11.78,457.4,248.0,42362.1
2065-03-19,0.0,2.8,-7.91,355.7,337.0,42571.4
2065-03-20,0.0,-1.75,-16.1,442.2,174.0,42780.8
2065-03-21,0.0,2.04,-16.15,492.3,173.3,42990.3
2065-03-22,0.0,-1.23,-14.95,428.5,191.6,43199.8
2065-03-23,0.0,-3.27,-16.05,412.1,174.7,43409.3
2065-03-24,0.0,3.55,-11.38,451.5,256.2,43618.7
2065-03-25,0.0,5.66,-11.15,478.3,260.8,43828.1
2065-03-26,0.0,8.45,-10.48,502.7,275.3,44037.5
2065-03-27,2.75,4.49,-5.98,264.7,390.9,44246.7
2065-03-28,0.0,11.34,-4.03,458.6,445.2,44455.7
2065-03-29,8.42,11.05,-3.34,333.7,477.4,44664.6
2065-03-30,13.37,2.91,-3.13,168.5,485.0,44873.3
2065-03-31,0.0,1.44,-4.55,230.4,436.0,45081.7
2065-04-01,1.05,3.47,-6.36,359.6,379.7,45289.9
2065-04-02,1.29,10.75,-3.1,452.5,486.0,45497.8
2065-04-03,9.22,11.42,-2.14,336.7,521.8,45705.3
2065-04-04,11.7,7.78,0.06,221.2,613.4,45912.5
2065-04-05,2.32,3.1,-0.12,106.1,605.5,46119.2
2065-04-06,8.13,5.33,-0.77,189.4,577.4,46325.6
2065-04-07,12.99,5.32,-0.11,173.1,605.9,46531.4
2065-04-08,0.59,0.8,-1.67,123.0,540.3,46736.8
2065-04-09,0.0,4.59,-1.43,271.5,550.1,46941.7
2065-04-10,0.0,3.25,-2.12,250.9,522.5,47145.9
2065-04-11,0.0,5.62,-3.96,415.2,455.7,47349.6
2065-04-12,1.33,1.95,-6.07,372.5,388.1,47552.6
2065-04-13,1.83,0.5,-3.66,215.8,466.1,47754.9
2065-04-14,0.0,6.03,-5.09,486.8,418.5,47956.4
2065-04-15,0.0,7.2,-5.81,538.8,395.9,48157.2
2065-04-16,0.0,7.38,-6.14,557.7,386.2,48357.2
2065-04-17,1.48,9.97,-4.63,576.1,421.9,48556.4
2065-04-18,0.0,6.4,-3.77,483.7,462.3,48754.6
2065-04-19,0.0,6.94,-4.96,534.6,422.5,48951.8
2065-04-20,0.0,11.9,-6.58,625.4,337.3,49148.1
2065-04-21,16.98,6.97,-2.65,357.1,502.7,49343.3
2065-04-22,7.36,15.45,2.51,412.2,731.6,49537.4
2065-04-23,8.42,7.8,3.23,195.3,770.2,49730.4
2065-04-24,0.0,16.07,0.89,596.8,605.1,49922.1
2065-04-25,0.0,25.51,2.22,635.6,601.3,50112.6
2065-04-26,0.0,13.19,0.06,566.8,591.8,50301.8
2065-04-27,0.0,17.31,-2.57,636.8,453.2,50489.6
2065-04-28,3.74,21.83,0.19,475.7,601.3,50675.9
2065-04-29,0.0,10.46,-1.45,535.0,543.3,50860.8
2065-04-30,0.0,16.24,-3.18,632.9,424.4,51044.1
2065-05-01,4.9,17.46,2.43,430.3,727.3,51225.8
2065-05-02,2.12,10.93,1.98,323.6,704.2,51405.8
2065-05-03,0.0,14.48,0.35,570.3,584.8,51584.1
2065-05-04,0.0,16.56,0.74,591.2,582.0,51760.6
2065-05-05,0.0,16.06,-2.48,620.0,455.0,51935.1
2065-05-06,5.76,9.36,1.53,277.5,682.3,52107.8
2065-05-07,5.42,9.85,4.15,207.2,821.7,52278.4
2065-05-08,1.53,15.84,5.13,455.1,880.1,52446.9
2065-05-09,9.54,20.32,4.77,415.8,858.2,52613.2
2065-05-10,9.57,10.76,5.02,199.1,872.9,52777.3
2065-05-11,0.0,12.39,0.71,481.4,642.9,52939.1
2065-05-12,0.0,16.98,-1.92,606.4,497.7,53098.5
2065-05-13,0.0,20.99,-0.59,620.5,525.7,53255.4
2065-05-14,8.24,20.12,4.84,396.7,862.1,53409.7
2065-05-15,0.0,17.48,5.13,466.0,880.2,53561.4
2065-05-16,6.97,16.33,-0.82,426.4,575.2,53710.5
2065-05-17,4.76,13.08,1.17,346.4,664.5,53856.7
2065-05-18,0.0,6.95,-0.68,327.7,581.1,54000.0
2065-05-19,0.0,18.92,-1.52,607.3,509.5,54140.4
2065-05-20,1.12,13.19,0.43,484.9,629.9,54277.8
2065-05-21,0.0,30.87,2.86,634.9,617.9,54412.0
2065-05-22,0.0,19.33,5.13,494.0,856.3,54543.1
2065-05-23,0.0,17.7,-0.27,562.8,566.9,54670.8
2065-05-24,4.21,17.03,3.38,357.1,778.5,54795.2
2065-05-25,0.0,8.6,0.45,330.8,631.2,54916.2
2065-05-26,0.0,13.45,-0.69,503.6,579.9,55033.6
2065-05-27,2.23,13.66,2.26,326.8,718.6,55147.4
2065-05-28,7.62,18.29,2.81,396.7,747.4,55257.6
2065-05-29,27.05,11.41,6.05,171.4,937.7,55364.0
2065-05-30,4.27,18.6,6.86,334.1,991.8,55466.5
2065-05-31,17.89,18.15,4.44,372.7,838.2,55565.2
2065-06-01,0.78,17.16,3.93,484.4,808.8,55659.8
2065-06-02,0.0,17.05,4.38,470.1,835.0,55750.4
2065-06-03,0.0,17.62,3.58,501.7,789.2,55836.9
2065-06-04,0.0,17.51,3.53,502.3,786.7,55919.2
2065-06-05,0.0,22.97,1.9,590.3,645.8,55997.2
2065-06-06,2.52,23.13,6.37,393.2,958.7,56070.9
2065-06-07,0.0,17.6,3.89,474.6,806.7,56140.2
2065-06-08,0.0,15.73,2.74,417.0,743.4,56205.1
2065-06-09,4.66,16.29,0.42,349.6,629.8,56265.6
2065-06-10,5.34,10.2,5.49,130.7,902.0,56321.4
2065-06-11,1.87,15.04,7.69,263.3,1049.7,56372.7
2065-06-12,10.35,15.63,8.18,205.0,1085.7,56419.4
2065-06-13,0.0,22.34,5.63,482.9,910.8,56461.3
2065-06-14,0.0,23.09,6.06,483.7,938.7,56498.6
2065-06-15,0.0,21.84,7.9,435.9,1065.0,56531.2
2065-06-16,0.0,24.34,7.87,471.5,1062.6,56558.9
2065-06-17,0.0,26.48,9.63,466.9,1192.2,56581.9
2065-06-18,0.0,26.42,10.65,451.7,1282.1,56600.1
2065-06-19,4.09,18.01,11.04,187.3,1315.9,56613.4
2065-06-20,14.31,18.57,13.79,136.6,1575.9,56621.9
2065-06-21,1.38,21.32,13.44,290.3,1540.3,56625.6
2065-06-22,0.0,19.42,12.11,281.6,1411.7,56624.3
2065-06-23,0.0,24.51,12.3,413.0,1429.9,56618.3
2065-06-24,0.0,24.29,13.77,368.9,1574.5,56607.4
2065-06-25,10.45,27.56,14.17,319.8,1615.0,56591.7
2065-06-26,10.62,24.91,15.26,257.5,1733.2,56571.1
2065-06-27,4.23,20.54,15.32,155.7,1739.8,56545.8
2065-06-28,2.06,21.81,16.02,226.7,1819.1,56515.6
2065-06-29,9.67,19.13,14.26,149.7,1624.6,56480.7
2065-06-30,1.39,23.08,13.61,357.4,1558.2,56441.1
2065-07-01,4.99,21.53,13.08,249.2,1505.0,56396.8
2065-07-02,0.5,22.08,14.41,307.5,1640.4,56347.9
2065-07-03,4.32,19.54,14.93,149.8,1696.6,56294.3
2065-07-04,7.54,19.61,15.14,148.6,1719.9,56236.2
2065-07-05,0.63,18.94,13.29,259.6,1525.5,56173.5
2065-07-06,1.45,16.57,11.42,249.9,1349.0,56106.4
2065-07-07,4.16,13.33,9.66,143.3,1199.3,56034.9
2065-07-08,0.0,20.85,9.31,462.7,1172.0,55959.1
2065-07-09,0.0,25.69,7.5,530.2,1012.1,55878.9
2065-07-10,0.0,27.08,8.76,523.5,1099.6,55794.5
2065-07-11,0.0,25.95,11.07,488.6,1316.0,55706.0
2065-07-12,0.78,22.75,12.06,418.0,1407.7,55613.4
2065-07-13,5.13,19.17,10.07,291.5,1233.4,55516.8
2065-07-14,0.95,18.55,8.1,433.5,1079.4,55416.2
2065-07-15,0.0,19.81,6.12,494.3,942.3,55311.7
2065-07-16,1.19,19.82,8.25,458.6,1090.9,55203.4
2065-07-17,10.52,22.45,11.93,322.2,1395.2,55091.5
2065-07-18,19.74,19.58,14.52,187.9,1652.4,54975.8
2065-07-19,1.24,21.81,12.71,398.5,1469.0,54856.7
2065-07-20,0.0,24.18,11.27,471.4,1336.0,54734.0
2065-07-21,5.44,26.52,12.06,361.4,1407.4,54607.9
2065-07-22,12.26,18.21,12.81,193.4,1478.2,54478.5
2065-07-23,0.0,23.32,11.55,449.3,1360.5,54345.9
2065-07-24,18.27,20.3,11.73,282.0,1377.0,54210.1
2065-07-25,12.14,17.08,12.26,180.0,1425.6,54071.2
2065-07-26,4.57,18.99,11.5,261.8,1356.7,53929.4
2065-07-27,10.02,24.21,13.57,316.7,1553.8,53784.6
2065-07-28,1.71,26.22,14.48,434.4,1648.2,53637.0
2065-07-29,42.22,28.06,15.52,327.6,1762.5,53486.6
2065-07-30,14.56,26.53,16.37,292.2,1860.6,53333.6
2065-07-31,0.0,21.29,14.05,316.7,1602.7,53177.9
2065-08-01,0.0,25.76,13.07,444.2,1503.7,53019.8
2065-08-02,3.32,26.78,12.64,343.4,1461.8,52859.2
2065-08-03,0.0,24.84,13.05,418.1,1502.2,52696.3
2065-08-04,0.0,26.62,11.8,459.2,1383.2,52531.0
2065-08-05,0.0,25.46,13.7,403.8,1566.8,52363.6
2065-08-06,0.0,23.03,10.71,417.5,1287.3,52194.1
2065-08-07,0.0,20.36,9.54,390.6,1190.1,52022.5
2065-08-08,0.0,21.29,6.32,467.6,955.9,51848.9
2065-08-09,9.68,22.53,8.29,340.4,1093.7,51673.3
2065-08-10,8.18,21.45,11.64,274.2,1369.2,51496.0
2065-08-11,0.0,24.74,11.5,429.5,1356.4,51316.8
2065-08-12,0.0,26.28,12.7,426.2,1468.1,51136.0
2065-08-13,0.0,27.78,12.59,442.0,1457.3,50953.4
2065-08-14,0.0,29.87,13.4,448.0,1536.9,50769.4
2065-08-15,0.0,29.25,15.4,410.2,1749.2,50583.7
2065-08-16,7.05,27.32,15.64,280.0,1776.0,50396.6
2065-08-17,0.0,30.23,16.92,388.7,1926.7,50208.2
2065-08-18,5.85,30.86,18.65,270.7,2148.4,50018.3
2065-08-19,0.0,26.39,15.53,348.3,1763.1,49827.2
2065-08-20,0.0,24.7,11.09,409.5,1320.0,49634.9
2065-08-21,30.08,23.71,14.25,237.1,1623.4,49441.3
2065-08-22,3.96,26.18,17.55,214.2,2005.2,49246.7
2065-08-23,1.94,22.42,14.08,286.9,1606.4,49050.9
2065-08-24,0.0,23.73,10.77,389.3,1292.1,48854.2
2065-08-25,0.0,23.96,9.16,413.7,1160.1,48656.4
2065-08-26,0.0,24.02,10.18,394.7,1242.3,48457.8
2065-08-27,0.0,16.31,5.46,351.1,900.5,48258.2
2065-08-28,0.0,16.61,2.33,414.3,722.5,48057.8
2065-08-29,2.63,14.8,3.86,263.1,804.8,47856.6
2065-08-30,10.3,19.57,8.01,263.3,1073.2,47654.7
2065-08-31,2.0,14.76,6.48,277.8,966.1,47452.0
2065-09-01,0.0,21.2,3.39,437.7,778.6,47248.7
2065-09-02,0.0,23.38,6.18,422.3,946.7,47044.8
2065-09-03,0.0,25.28,10.03,390.6,1229.6,46840.2
2065-09-04,0.0,23.27,8.62,383.4,1118.6,46635.1
2065-09-05,0.0,15.12,4.44,324.3,838.8,46429.5
2065-09-06,0.0,18.62,1.68,415.8,689.3,46223.4
2065-09-07,0.0,22.6,3.24,426.8,770.8,46016.8
2065-09-08,0.0,20.54,4.65,392.2,850.6,45809.8
2065-09-09,0.0,17.68,2.54,382.5,733.1,45602.5
2065-09-10,0.0,21.44,0.55,427.3,635.8,45394.8
2065-09-11,0.0,22.93,3.08,412.7,761.6,45186.7
2065-09-12,0.0,25.07,5.95,398.1,931.2,44978.4
2065-09-13,1.83,15.96,7.5,239.1,1036.5,44769.9
2065-09-14,1.58,16.12,6.38,270.0,959.6,44561.1
2065-09-15,0.0,13.46,4.07,264.7,817.0,44352.1
2065-09-16,0.0,14.7,0.06,358.7,613.3,44143.0
2065-09-17,0.0,17.67,-1.14,394.8,562.0,43933.7
2065-09-18,7.07,12.63,1.42,221.0,676.9,43724.4
2065-09-19,0.0,12.38,3.56,242.3,788.4,43514.9
2065-09-20,0.0,18.65,2.62,355.3,737.2,43305.4
2065-09-21,0.0,23.62,4.29,372.6,829.7,43095.9
2065-09-22,0.0,19.85,6.45,304.7,964.1,42886.4
2065-09-23,10.24,21.39,9.04,211.6,1150.4,42677.0
2065-09-24,4.45,14.92,6.93,153.0,996.3,42467.6
2065-09-25,2.45,8.89,0.0,173.1,610.7,42258.4
2065-09-26,0.0,15.87,-3.27,365.3,479.9,42049.2
2065-09-27,6.49,14.56,1.91,217.0,700.8,41840.3
2065-09-28,9.52,18.13,8.35,172.4,1098.0,41631.5
2065-09-29,13.52,17.02,9.57,135.4,1192.6,41422.9
2065-09-30,6.1,14.01,8.1,110.4,1079.6,41214.6
2065-10-01,1.3,8.59,4.97,98.7,870.4,41006.6
2065-10-02,0.0,8.21,3.88,118.1,805.9,40798.9
2065-10-03,17.32,9.37,3.33,121.1,775.6,40591.5
2065-10-04,18.23,11.3,6.15,104.5,944.6,40384.6
2065-10-05,0.19,11.61,6.44,139.6,963.8,40178.0
2065-10-06,0.48,13.56,4.82,223.1,861.3,39971.9
2065-10-07,15.5,7.99,2.86,109.5,749.8,39766.2
2065-10-08,0.53,9.44,3.36,171.3,777.2,39561.1
2065-10-09,9.25,8.87,1.89,147.2,699.8,39356.6
2065-10-10,2.32,8.16,0.09,169.3,614.6,39152.6
2065-10-11,1.38,8.89,-1.41,268.6,550.7,38949.3
2065-10-12,0.0,8.11,-1.12,252.5,562.5,38746.6
2065-10-13,0.0,4.92,-1.77,198.3,536.6,38544.7
2065-10-14,0.0,3.71,-3.45,209.2,473.4,38343.5
2065-10-15,0.0,3.74,-5.39,247.1,409.0,38143.1
2065-10-16,0.0,6.73,-7.58,302.3,345.6,37943.5
2065-10-17,0.0,6.6,-7.36,297.3,351.7,37744.9
2065-10-18,0.0,4.71,-6.95,274.4,363.0,37547.1
2065-10-19,0.0,8.65,-4.94,284.2,423.3,37350.4
2065-10-20,1.86,8.65,-2.14,254.5,522.1,37154.6
2065-10-21,0.0,6.8,-2.54,236.6,506.6,36959.9
2065-10-22,15.82,1.25,-2.48,86.1,508.8,36766.4
2065-10-23,0.0,2.77,-4.7,206.9,430.9,36574.0
2065-10-24,13.95,2.68,-4.54,149.9,436.3,36382.9
2065-10-25,4.21,8.81,-0.34,169.9,595.7,36193.1
2065-10-26,0.0,5.15,-2.04,197.2,525.9,36004.6
2065-10-27,0.67,0.19,-3.82,123.9,460.4,35817.5
2065-10-28,0.0,2.83,-2.28,152.3,516.6,35631.9
2065-10-29,0.0,5.8,-3.34,225.2,477.4,35447.8
2065-10-30,2.01,9.66,-2.22,244.4,519.0,35265.2
2065-10-31,4.72,14.97,2.33,179.8,722.3,35084.4
2065-11-01,0.0,9.15,0.88,193.8,650.8,34905.2
2065-11-02,0.0,6.06,-4.2,218.0,447.7,34727.8
2065-11-03,0.0,6.04,-2.36,190.2,513.6,34552.3
2065-11-04,0.0,3.08,-3.07,150.0,486.9,34378.7
2065-11-05,0.0,0.65,-3.95,117.0,456.1,34207.0
2065-11-06,0.0,0.76,-4.97,139.8,422.1,34037.5
2065-11-07,0.0,2.76,-6.42,192.4,378.0,33870.0
2065-11-08,0.0,12.56,-1.46,220.2,548.7,33704.8
2065-11-09,0.0,11.85,0.0,203.0,610.7,33541.9
2065-11-10,0.0,10.29,1.8,167.6,695.3,33381.3
2065-11-11,0.0,6.9,-3.9,193.2,457.9,33223.1
2065-11-12,0.0,9.64,-6.56,216.8,374.1,33067.5
2065-11-13,0.0,10.49,-6.3,214.4,381.6,32914.4
2065-11-14,11.68,11.0,-5.61,157.8,402.0,32764.0
2065-11-15,7.2,11.55,-0.22,136.8,600.9,32616.4
2065-11-16,0.0,8.26,2.97,102.4,755.7,32471.6
2065-11-17,0.0,5.09,-2.41,139.2,511.6,32329.7
2065-11-18,0.0,9.59,-5.8,197.6,396.4,32190.8
2065-11-19,0.0,12.48,-4.23,196.6,446.4,32055.0
2065-11-20,12.99,6.64,-4.77,129.0,428.6,31922.3
2065-11-21,0.0,7.66,-2.61,157.4,504.2,31792.9
2065-11-22,0.0,3.91,-3.46,124.8,473.0,31666.8
2065-11-23,0.0,5.67,-7.2,173.2,356.0,31544.1
2065-11-24,0.0,2.41,-5.84,132.5,395.0,31424.9
2065-11-25,5.78,2.3,-3.23,70.8,481.2,31309.3
2065-11-26,2.11,7.06,-0.53,119.1,587.5,31197.3
2065-11-27,23.92,4.02,0.85,41.0,649.6,31089.0
2065-11-28,6.84,2.34,-0.2,34.4,601.8,30984.5
2065-11-29,3.58,2.11,-2.95,64.6,491.3,30883.9
2065-11-30,3.89,-0.9,-4.14,44.1,449.4,30787.2
2065-12-01,0.0,-1.81,-8.33,109.9,325.9,30694.6
2065-12-02,0.0,1.81,-5.88,123.2,394.0,30606.0
2065-12-03,27.96,2.42,-3.39,73.4,475.7,30521.6
2065-12-04,0.0,3.07,-1.8,82.7,535.2,30441.4
2065-12-05,0.0,0.03,-3.74,66.0,463.2,30365.6
2065-12-06,0.0,-1.01,-5.67,80.0,400.3,30294.0
2065-12-07,0.0,-2.66,-10.37,121.6,277.6,30226.9
2065-12-08,0.0,-5.09,-12.24,116.8,239.0,30164.2
2065-12-09,14.14,-5.5,-15.32,120.6,185.8,30106.1
2065-12-10,3.83,-1.35,-10.19,112.0,281.6,30052.5
2065-12-11,2.4,-7.73,-11.3,54.7,257.9,30003.5
2065-12-12,0.0,-10.63,-16.61,118.2,166.7,29959.2
2065-12-13,2.13,-2.5,-18.89,141.6,137.5,29919.5
2065-12-14,0.0,-1.37,-10.54,156.8,274.0,29884.6
2065-12-15,4.84,-2.55,-5.99,55.6,390.7,29854.4
2065-12-16,0.0,-7.07,-16.22,158.8,172.3,29829.0
2065-12-17,0.0,-13.89,-20.39,129.5,120.7,29808.5
2065-12-18,0.0,-11.75,-17.15,114.2,159.4,29792.7
2065-12-19,0.0,-8.67,-17.2,157.5,158.7,29781.8
2065-12-20,0.0,-7.53,-18.35,173.9,144.0,29775.7
2065-12-21,3.19,-6.53,-11.16,78.0,260.6,29774.4
2065-12-22,18.87,-7.17,-8.84,32.8,313.3,29778.1
2065-12-23,18.16,0.28,-8.88,127.0,312.2,29786.5
2065-12-24,0.0,0.0,-6.56,141.0,373.9,29799.8
2065-12-25,0.0,-3.27,-5.99,68.6,390.8,29818.0
2065-12-26,0.0,-3.89,-7.09,80.9,359.0,29840.9
2065-12-27,19.59,1.04,-5.73,109.7,398.5,29868.6
2065-12-28,3.31,0.84,-3.12,71.7,485.4,29901.2
2065-12-29,0.0,-4.21,-12.11,161.1,241.4,29938.4
2065-12-30,0.0,-14.33,-21.05,148.2,114.0,29980.4
2065-12-31,0.0,-8.38,-22.32,195.0,101.9,30027.0
2066-01-01,2.28,-5.62,-14.56,113.0,197.8,30078.5
2066-01-02,10.02,0.87,-9.4,122.5,299.7,30134.3
2066-01-03,0.0,1.65,-4.13,108.4,450.0,30194.7
2066-01-04,1.22,1.93,-2.25,81.4,517.9,30259.6
2066-01-05,0.0,-0.24,-2.62,50.0,503.5,30328.9
2066-01-06,1.1,-0.54,-3.35,58.0,477.2,30402.6
2066-01-07,0.0,-2.36,-5.43,63.7,407.7,30480.7
2066-01-08,0.0,-5.01,-8.59,74.7,319.4,30562.9
2066-01-09,0.0,-8.13,-14.23,122.0,203.2,30649.4
2066-01-10,0.0,-11.04,-21.65,179.4,108.1,30740.0
2066-01-11,0.0,-6.77,-18.34,187.3,144.0,30834.6
2066-01-12,0.0,-11.31,-16.61,111.8,166.7,30933.3
2066-01-13,0.0,-10.06,-20.37,181.8,121.0,31035.8
2066-01-14,0.0,-5.86,-22.0,213.1,104.9,31142.2
2066-01-15,0.0,0.8,-14.9,212.3,192.2,31252.3
2066-01-16,0.85,0.23,-11.7,197.4,249.6,31366.2
2066-01-17,0.0,-8.25,-22.17,213.6,103.3,31483.6
2066-01-18,1.33,-4.2,-15.94,202.8,176.4,31604.5
2066-01-19,2.04,-3.79,-8.19,100.9,329.7,31728.9
2066-01-20,0.0,-3.01,-7.56,105.2,346.1,31856.7
2066-01-21,0.0,-1.76,-7.95,139.0,335.8,31987.7
2066-01-22,0.0,-5.72,-14.0,176.8,207.0,32121.9
2066-01-23,0.0,-6.29,-20.29,229.8,121.8,32259.3
2066-01-24,0.0,-0.88,-19.98,245.5,125.1,32399.7
2066-01-25,14.07,6.46,-14.55,188.7,197.9,32543.0
2066-01-26,2.35,4.7,-1.53,110.7,545.9,32689.2
2066-01-27,0.0,0.47,-7.39,181.3,350.8,32838.2
2066-01-28,4.98,-3.19,-11.02,139.4,263.6,32989.9
2066-01-29,2.11,-6.67,-13.7,174.7,212.2,33144.3
2066-01-30,0.0,-12.13,-20.8,206.8,116.5,33301.2
2066-01-31,0.0,-12.67,-24.99,249.0,80.3,33460.6
2066-02-01,0.0,-13.46,-23.74,233.1,89.8,33622.3
2066-02-02,0.0,-16.15,-27.64,247.9,62.9,33786.4
2066-02-03,0.0,-8.97,-27.48,282.7,63.8,33952.8
2066-02-04,0.0,-11.58,-22.13,235.4,103.6,34121.3
2066-02-05,0.0,-12.19,-19.94,192.2,125.6,34291.9
2066-02-06,2.98,-9.87,-18.21,153.3,145.6,34464.5
2066-02-07,3.52,-5.88,-12.7,131.0,230.2,34639.0
2066-02-08,0.0,-2.14,-7.94,152.2,336.2,34815.5
2066-02-09,0.0,0.89,-8.36,224.2,325.2,34993.8
2066-02-10,0.0,-0.65,-15.39,289.8,184.7,35173.8
2066-02-11,0.0,-1.1,-12.35,257.9,236.8,35355.5
2066-02-12,0.0,-1.47,-6.22,133.1,384.0,35538.8
2066-02-13,0.0,-0.89,-7.1,176.0,358.6,35723.7
2066-02-14,0.0,-2.19,-5.72,110.8,398.8,35910.0
2066-02-15,0.0,-2.42,-6.12,119.7,386.6,36097.8
2066-02-16,1.56,-0.9,-5.82,160.4,395.9,36287.0
2066-02-17,1.6,0.47,-3.89,148.3,458.0,36477.5
2066-02-18,2.44,2.85,-1.79,118.0,535.7,36669.2
2066-02-19,0.0,1.82,-1.91,131.0,531.0,36862.2
2066-02-20,2.06,2.79,-2.09,169.5,524.0,37056.3
2066-02-21,2.97,1.6,-2.47,111.0,509.2,37251.5
2066-02-22,0.0,3.84,-2.02,209.7,526.7,37447.8
2066-02-23,1.05,3.4,-1.39,185.4,551.6,37645.0
2066-02-24,0.0,2.94,-1.52,185.0,546.3,37843.2
2066-02-25,0.0,2.11,-2.7,201.5,500.5,38042.3
2066-02-26,12.85,0.22,-2.76,101.1,498.3,38242.3
2066-02-27,2.1,1.76,-1.71,157.7,538.7,38443.1
2066-02-28,1.21,1.9,-1.78,170.0,535.8,38644.7
2066-03-01,0.0,2.62,-1.51,192.2,547.0,38847.0
2066-03-02,0.0,3.15,-5.55,337.5,403.9,39050.0
2066-03-03,0.0,3.2,-9.8,389.8,290.5,39253.6
2066-03-04,0.0,2.4,-8.21,374.6,329.0,39457.9
2066-03-05,0.0,2.04,-10.7,399.7,270.5,39662.7
2066-03-06,0.0,6.05,-8.14,407.9,331.0,39868.1
2066-03-07,0.0,7.76,-7.73,414.9,341.6,40074.0
2066-03-08,0.0,3.94,-4.83,357.4,426.7,40280.3
2066-03-09,0.0,-0.29,-8.33,347.6,326.1,40487.1
2066-03-10,0.0,1.48,-11.84,421.4,246.8,40694.3
2066-03-11,0.0,3.5,-13.1,437.7,222.9,40901.8
2066-03-12,0.0,7.34,-12.39,445.8,236.1,41109.7
2066-03-13,0.0,7.02,-10.65,446.0,271.5,41317.8
2066-03-14,0.0,9.23,-8.87,448.9,294.4,41526.3
2066-03-15,0.0,9.69,-6.47,444.1,346.1,41734.9
2066-03-16,0.0,11.85,-6.89,455.2,316.8,41943.8
2066-03-17,0.0,10.37,-5.98,447.1,343.0,42152.9
2066-03-18,0.0,5.68,-4.85,379.4,416.8,42362.1
2066-03-19,0.0,4.42,-6.35,385.0,375.4,42571.4
2066-03-20,0.0,6.28,-6.95,424.4,339.1,42780.8
2066-03-21,0.0,3.17,-9.57,418.7,289.3,42990.3
2066-03-22,0.0,9.09,-5.2,435.1,368.5,43199.8
2066-03-23,21.83,0.12,-2.62,90.8,503.6,43409.3
2066-03-24,4.47,0.36,-2.69,100.3,501.2,43618.7
2066-03-25,0.0,7.42,-6.71,441.5,352.2,43828.1
2066-03-26,0.0,-7.09,-15.61,332.5,181.3,44037.5
2066-03-27,0.0,-4.93,-20.35,465.7,121.1,44246.7
2066-03-28,6.95,2.29,-14.88,360.3,192.7,44455.7
2066-03-29,35.74,4.47,-4.96,255.3,422.6,44664.6
2066-03-30,3.2,7.17,-0.52,213.6,588.0,44873.3
2066-03-31,5.12,5.53,0.45,147.7,630.8,45081.7
2066-04-01,0.0,11.5,0.25,380.2,621.8,45289.9
2066-04-02,0.0,18.38,-1.7,496.0,495.9,45497.8
2066-04-03,0.0,24.81,0.42,511.8,523.5,45705.3
2066-04-04,0.0,19.57,1.55,474.6,609.0,45912.5
2066-04-05,2.83,16.7,-0.61,352.3,584.2,46119.2
2066-04-06,1.4,14.08,1.24,405.3,659.2,46325.6
2066-04-07,2.79,9.89,1.35,226.3,673.5,46531.4
2066-04-08,0.0,9.73,-1.92,386.2,530.5,46736.8
2066-04-09,27.76,6.59,1.02,157.8,657.7,46941.7
2066-04-10,8.38,6.05,-0.27,182.7,598.7,47145.9
2066-04-11,0.0,7.33,-0.24,294.0,600.3,47349.6
2066-04-12,0.0,8.47,-1.5,337.4,547.4,47552.6
2066-04-13,0.0,10.06,-4.72,433.1,430.3,47754.9
2066-04-14,0.0,8.68,-3.23,390.5,481.2,47956.4
2066-04-15,0.0,7.9,-2.45,363.4,510.0,48157.2
2066-04-16,0.0,9.3,-5.01,441.2,420.9,48357.2
2066-04-17,2.61,7.68,-3.91,297.2,457.5,48556.4
2066-04-18,6.32,5.46,-0.86,188.0,573.6,48754.6
2066-04-19,0.0,10.38,0.21,368.3,619.9,48951.8
2066-04-20,0.0,15.1,1.65,430.8,688.0,49148.1
2066-04-21,0.0,14.61,-2.01,474.3,527.1,49343.3
2066-04-22,6.19,15.55,-0.72,349.1,579.3,49537.4
2066-04-23,0.0,12.73,1.04,391.7,658.4,49730.4
2066-04-24,8.13,15.42,1.07,329.4,659.8,49922.1
2066-04-25,0.0,14.98,2.1,413.5,710.4,50112.6
2066-04-26,3.77,10.87,-1.14,303.8,562.0,50301.8
2066-04-27,6.08,7.77,-1.22,253.6,558.4,50489.6
2066-04-28,0.0,11.5,0.01,399.5,611.2,50675.9
2066-04-29,2.55,8.82,-0.98,269.9,568.5,50860.8
2066-04-30,1.38,10.56,1.7,328.7,690.6,51044.1
2066-05-01,0.0,19.56,2.51,478.0,702.6,51225.8
2066-05-02,6.05,24.46,8.36,341.9,1098.5,51405.8
2066-05-03,14.73,20.47,10.07,273.8,1233.4,51584.1
2066-05-04,2.65,20.12,7.65,314.5,1047.3,51760.6
2066-05-05,3.91,17.34,6.35,298.2,957.6,51935.1
2066-05-06,18.8,13.32,7.08,195.0,1006.6,52107.8
2066-05-07,0.0,10.63,3.0,316.7,757.3,52278.4
2066-05-08,9.29,10.94,-0.69,324.2,580.8,52446.9
2066-05-09,4.01,5.95,0.65,175.4,640.0,52613.2
2066-05-10,0.0,3.52,-0.64,189.7,582.9,52777.3
2066-05-11,0.0,10.93,-2.74,473.6,499.2,52939.1
2066-05-12,0.0,9.38,-0.89,402.2,572.4,53098.5
2066-05-13,0.0,14.04,-2.17,505.7,520.9,53255.4
2066-05-14,0.0,16.12,-0.58,506.9,585.4,53409.7
2066-05-15,0.0,13.33,1.99,421.3,704.9,53561.4
2066-05-16,0.0,15.78,0.11,495.9,615.4,53710.5
2066-05-17,0.0,19.83,3.15,499.0,765.6,53856.7
2066-05-18,0.0,25.88,2.36,535.9,690.1,54000.0
2066-05-19,0.0,20.82,6.96,445.2,998.7,54140.4
2066-05-20,0.0,21.65,5.66,477.7,912.3,54277.8
2066-05-21,0.0,16.68,1.13,483.4,662.8,54412.0
2066-05-22,0.0,27.11,2.89,538.5,700.8,54543.1
2066-05-23,0.0,28.7,8.17,508.7,1012.4,54670.8
2066-05-24,0.0,29.73,11.92,474.8,1323.2,54795.2
2066-05-25,3.12,25.85,11.9,317.1,1392.2,54916.2
2066-05-26,0.0,21.92,9.93,392.7,1221.8,55033.6
2066-05-27,0.0,17.71,4.2,434.4,824.5,55147.4
2066-05-28,0.0,20.05,4.95,458.2,863.6,55257.6
2066-05-29,0.0,22.97,5.81,481.6,883.1,55364.0
2066-05-30,0.0,17.33,6.89,354.2,994.0,55466.5
2066-05-31,2.9,19.23,4.18,342.0,823.3,55565.2
2066-06-01,7.34,12.77,8.93,112.4,1142.2,55659.8
2066-06-02,11.12,21.78,9.34,302.1,1174.0,55750.4
2066-06-03,12.02,14.65,10.43,122.9,1263.0,55836.9
2066-06-04,0.0,22.64,10.96,387.7,1308.8,55919.2
2066-06-05,8.88,16.28,10.86,153.7,1299.6,55997.2
2066-06-06,9.34,12.97,8.22,139.5,1088.7,56070.9
2066-06-07,0.65,15.22,7.87,279.9,1062.6,56140.2
2066-06-08,0.63,14.71,5.09,352.4,877.3,56205.1
2066-06-09,0.0,19.03,2.68,485.3,740.4,56265.6
2066-06-10,0.0,21.93,3.98,499.1,811.9,56321.4
2066-06-11,0.0,24.04,5.6,496.8,909.0,56372.7
2066-06-12,0.0,22.72,9.8,407.9,1210.8,56419.4
2066-06-13,0.0,23.39,7.44,465.2,1031.8,56461.3
2066-06-14,0.0,21.57,6.96,445.0,998.6,56498.6
2066-06-15,0.0,19.37,2.89,481.6,751.5,56531.2
2066-06-16,0.0,23.72,4.4,507.4,836.2,56558.9
2066-06-17,0.0,26.37,9.27,474.4,1168.9,56581.9
2066-06-18,0.0,27.94,11.84,452.9,1386.9,56600.1
2066-06-19,0.0,29.95,14.44,435.2,1643.7,56613.4
2066-06-20,17.46,24.99,16.22,219.7,1842.5,56621.9
2066-06-21,0.0,25.46,11.46,431.9,1352.8,56625.6
2066-06-22,0.0,26.95,7.93,504.6,1044.7,56624.3
2066-06-23,2.54,20.57,12.66,217.2,1464.0,56618.3
2066-06-24,24.84,19.36,13.68,163.4,1564.8,56607.4
2066-06-25,0.0,20.6,8.38,419.0,1100.1,56591.7
2066-06-26,0.24,20.56,7.27,442.8,1020.3,56571.1
2066-06-27,0.0,21.05,3.89,503.8,806.6,56545.8
2066-06-28,5.35,14.18,8.92,161.3,1141.5,56515.6
2066-06-29,22.75,18.21,9.93,239.9,1221.6,56480.7
2066-06-30,6.12,18.39,6.35,321.6,957.9,56441.1
2066-07-01,4.54,17.13,4.66,327.0,851.3,56396.8
2066-07-02,0.0,21.66,6.25,479.2,951.2,56347.9
2066-07-03,2.05,25.39,11.27,440.4,1335.9,56294.3
2066-07-04,1.4,27.29,15.92,372.0,1807.5,56236.2
2066-07-05,10.59,26.98,17.01,248.8,1938.3,56173.5
2066-07-06,0.0,28.55,16.87,367.6,1921.4,56106.4
2066-07-07,0.0,33.44,15.19,463.7,1725.0,56034.9
2066-07-08,6.51,30.47,18.97,260.3,2192.5,55959.1
2066-07-09,25.15,29.24,19.08,239.9,2207.1,55878.9
2066-07-10,10.05,25.39,17.51,202.7,1999.8,55794.5
2066-07-11,0.0,28.76,15.69,403.0,1781.2,55706.0
2066-07-12,0.0,29.2,16.85,384.9,1917.9,55613.4
2066-07-13,20.13,27.55,17.34,254.7,1978.6,55516.8
2066-07-14,0.0,27.54,16.04,375.6,1821.6,55416.2
2066-07-15,0.0,28.92,12.45,466.5,1443.8,55311.7
2066-07-16,2.13,25.02,16.08,238.8,1826.7,55203.4
2066-07-17,3.41,28.62,17.14,284.0,1953.6,55091.5
2066-07-18,4.23,24.66,15.15,258.0,1720.8,54975.8
2066-07-19,4.71,21.63,12.9,250.1,1487.2,54856.7
2066-07-20,0.0,24.88,12.65,415.6,1463.0,54734.0
2066-07-21,14.55,26.48,10.83,352.8,1297.1,54607.9
2066-07-22,5.77,23.52,13.35,278.9,1531.3,54478.5
2066-07-23,0.0,25.04,11.13,447.6,1323.6,54345.9
2066-07-24,6.94,25.54,11.81,328.0,1383.9,54210.1
2066-07-25,6.82,22.68,13.33,256.4,1529.2,54071.2
2066-07-26,0.0,18.78,11.03,303.6,1314.5,53929.4
2066-07-27,0.0,24.43,12.38,412.6,1437.2,53784.6
2066-07-28,3.24,28.57,13.15,339.6,1512.1,53637.0
2066-07-29,0.0,23.16,13.55,345.0,1551.4,53486.6
2066-07-30,0.0,20.14,9.62,379.2,1196.3,53333.6
2066-07-31,0.0,22.45,8.88,439.8,1138.2,53177.9
2066-08-01,0.0,24.84,7.36,487.4,1026.8,53019.8
2066-08-02,3.76,26.54,9.08,359.4,1154.0,52859.2
2066-08-03,2.84,24.92,13.27,288.8,1523.8,52696.3
2066-08-04,2.3,27.06,16.75,257.0,1906.8,52531.0
2066-08-05,0.0,29.72,17.87,369.6,2046.7,52363.6
2066-08-06,0.0,22.35,10.91,389.3,1304.3,52194.1
2066-08-07,0.0,17.37,4.56,429.9,845.3,52022.5
2066-08-08,0.0,24.28,7.05,475.4,1004.8,51848.9
2066-08-09,10.14,24.85,13.07,284.2,1503.4,51673.3
2066-08-10,0.0,26.55,12.45,418.4,1444.3,51496.0
2066-08-11,0.0,22.26,9.4,406.8,1179.0,51316.8
2066-08-12,0.0,23.57,6.13,469.0,942.9,51136.0
2066-08-13,0.0,26.32,6.61,480.0,974.6,50953.4
2066-08-14,0.0,27.89,8.2,472.7,1087.3,50769.4
2066-08-15,0.0,27.55,12.31,415.0,1430.8,50583.7
2066-08-16,1.14,19.85,14.53,183.5,1653.3,50396.6
2066-08-17,1.14,25.93,12.84,379.6,1481.7,50208.2
2066-08-18,0.0,23.8,10.77,381.4,1291.7,50018.3
2066-08-19,0.99,26.26,9.92,426.5,1220.6,49827.2
2066-08-20,0.0,20.24,9.28,342.0,1169.4,49634.9
2066-08-21,0.0,20.92,7.21,395.3,1016.2,49441.3
2066-08-22,0.0,23.01,6.72,428.6,982.5,49246.7
2066-08-23,0.0,22.87,9.53,379.2,1188.9,49050.9
2066-08-24,0.0,24.96,8.45,420.1,1105.2,48854.2
2066-08-25,7.79,23.15,8.13,298.0,1081.4,48656.4
2066-08-26,1.83,19.47,11.34,251.5,1341.6,48457.8
2066-08-27,0.0,20.29,11.6,267.7,1365.4,48258.2
2066-08-28,0.0,23.87,9.95,374.0,1223.3,48057.8
2066-08-29,0.0,31.19,12.23,416.3,1423.2,47856.6
2066-08-30,0.0,31.69,14.0,396.2,1597.3,47654.7
2066-08-31,0.0,31.66,16.7,355.6,1900.0,47452.0
2066-09-01,0.0,32.56,18.51,335.8,2129.7,47248.7
2066-09-02,0.0,26.63,18.05,236.5,2069.3,47044.8
2066-09-03,16.05,27.96,15.68,237.0,1780.1,46840.2
2066-09-04,47.54,20.5,13.62,152.4,1558.8,46635.1
2066-09-05,0.0,16.13,9.29,209.7,1170.3,46429.5
2066-09-06,6.68,20.05,6.85,264.3,991.4,46223.4
2066-09-07,7.79,17.26,11.27,139.0,1335.4,46016.8
2066-09-08,26.76,15.01,11.24,92.6,1332.8,45809.8
2066-09-09,6.69,13.17,9.85,85.3,1214.9,45602.5
2066-09-10,1.73,13.05,8.16,163.6,1084.2,45394.8
2066-09-11,0.0,17.76,4.95,358.8,868.6,45186.7
2066-09-12,0.0,16.32,3.33,365.1,775.3,44978.4
2066-09-13,3.34,13.47,7.2,160.4,1015.4,44769.9
2066-09-14,8.44,16.06,9.67,162.7,1200.2,44561.1
2066-09-15,1.05,15.0,7.22,256.3,1016.9,44352.1
2066-09-16,2.13,13.21,4.66,210.4,851.4,44143.0
2066-09-17,0.0,17.01,4.65,351.8,850.8,43933.7
2066-09-18,0.0,19.05,1.86,399.2,698.5,43724.4
2066-09-19,0.0,18.25,4.4,363.2,836.2,43514.9
2066-09-20,0.0,15.53,2.14,358.8,712.4,43305.4
2066-09-21,5.1,14.25,1.71,260.6,690.7,43095.9
2066-09-22,0.0,21.6,4.66,378.6,851.4,42886.4
2066-09-23,3.66,14.15,3.1,238.4,762.8,42677.0
2066-09-24,21.91,8.52,3.99,118.0,812.3,42467.6
2066-09-25,2.96,13.73,5.93,185.3,930.2,42258.4
2066-09-26,0.0,13.28,4.42,270.9,837.5,42049.2
2066-09-27,8.06,16.03,6.36,213.2,958.6,41840.3
2066-09-28,14.56,19.38,9.5,213.2,1187.0,41631.5
2066-09-29,3.08,20.45,11.03,205.5,1314.9,41422.9
2066-09-30,25.75,20.82,10.22,221.0,1245.5,41214.6
2066-10-01,31.25,18.3,10.82,175.7,1296.6,41006.6
2066-10-02,0.0,12.71,5.07,245.0,876.5,40798.9
2066-10-03,0.0,12.06,0.63,316.5,639.3,40591.5
2066-10-04,0.0,13.89,-1.56,347.4,544.7,40384.6
2066-10-05,0.0,18.01,-1.25,355.0,557.5,40178.0
2066-10-06,8.88,14.38,0.17,244.7,618.5,39971.9
2066-10-07,19.25,10.22,2.68,165.8,740.6,39766.2
2066-10-08,0.0,12.27,3.06,249.6,760.7,39561.1
2066-10-09,0.0,7.99,2.48,163.1,730.1,39356.6
2066-10-10,0.0,11.51,1.44,257.0,677.6,39152.6
2066-10-11,0.0,10.08,0.89,241.4,651.5,38949.3
2066-10-12,0.0,12.03,0.49,274.7,633.0,38746.6
2066-10-13,0.0,10.75,-0.3,264.0,597.5,38544.7
2066-10-14,0.0,12.76,-2.5,300.1,508.3,38343.5
2066-10-15,20.43,7.44,1.15,125.0,663.8,38143.1
2066-10-16,3.78,8.45,4.45,81.8,838.9,37943.5
2066-10-17,0.0,11.48,3.38,201.5,778.4,37744.9
2066-10-18,0.0,7.23,1.23,161.3,667.6,37547.1
2066-10-19,0.0,6.16,-2.75,223.0,498.7,37350.4
2066-10-20,0.0,11.34,-1.28,265.7,556.1,37154.6
2066-10-21,8.16,10.2,0.98,166.0,655.6,36959.9
2066-10-22,2.25,5.01,0.24,99.6,621.6,36766.4
2066-10-23,1.06,4.74,0.47,120.6,632.0,36574.0
2066-10-24,0.0,7.3,-1.83,219.1,534.2,36382.9
2066-10-25,13.93,4.3,-3.94,152.9,456.4,36193.1
2066-10-26,1.97,7.2,0.64,167.4,639.6,36004.6
2066-10-27,6.19,13.21,4.67,148.0,852.0,35817.5
2066-10-28,1.55,16.59,3.32,243.2,774.6,35631.9
2066-10-29,1.76,9.11,0.64,193.5,639.9,35447.8
2066-10-30,0.0,2.35,-3.83,154.7,460.1,35265.2
2066-10-31,0.0,2.87,-7.18,215.6,356.5,35084.4
2066-11-01,0.0,3.32,-3.4,159.9,475.3,34905.2
2066-11-02,0.0,2.65,-2.1,118.9,523.6,34727.8
2066-11-03,0.0,7.65,-3.61,220.0,467.9,34552.3
2066-11-04,16.71,5.49,-4.95,160.4,422.8,34378.7
2066-11-05,14.41,13.22,-0.95,173.6,569.6,34207.0
2066-11-06,0.0,5.75,-0.78,152.2,576.9,34037.5
2066-11-07,12.97,3.85,-2.19,107.4,520.0,33870.0
2066-11-08,7.39,4.9,-0.7,98.9,580.4,33704.8
2066-11-09,0.0,5.41,-0.16,130.1,603.8,33541.9
2066-11-10,0.0,6.54,-3.1,190.0,486.0,33381.3
2066-11-11,0.0,8.86,-5.68,218.1,400.0,33223.1
2066-11-12,0.0,12.22,-4.56,218.7,435.6,33067.5
2066-11-13,0.0,9.7,-3.74,206.6,463.4,32914.4
2066-11-14,0.0,5.51,-4.52,181.6,437.0,32764.0
2066-11-15,0.0,6.64,-1.36,153.9,552.8,32616.4
2066-11-16,0.0,8.91,-1.31,174.9,555.0,32471.6
2066-11-17,17.63,7.01,-1.51,116.5,546.9,32329.7
2066-11-18,0.0,4.7,-1.23,117.3,558.4,32190.8
2066-11-19,0.0,-1.0,-7.24,125.3,354.7,32055.0
2066-11-20,2.01,-2.08,-10.73,175.1,269.8,31922.3
2066-11-21,0.0,-3.01,-12.49,181.5,234.2,31792.9
2066-11-22,5.61,-2.64,-12.12,134.5,241.3,31666.8
2066-11-23,9.01,1.14,-4.82,94.4,427.0,31544.1
2066-11-24,0.0,0.56,-4.19,102.7,447.9,31424.9
2066-11-25,0.0,-2.2,-5.81,80.4,396.2,31309.3
2066-11-26,5.42,-1.1,-7.51,100.2,347.6,31197.3
2066-11-27,1.11,-2.8,-11.4,165.0,255.7,31089.0
2066-11-28,0.0,-2.43,-9.9,148.6,288.3,30984.5
2066-11-29,0.0,0.2,-9.2,168.3,304.6,30883.9
2066-11-30,0.0,1.17,-10.77,186.0,269.0,30787.2
2066-12-01,13.19,3.62,-5.71,121.9,399.0,30694.6
2066-12-02,18.22,4.06,0.09,60.3,614.6,30606.0
2066-12-03,13.61,2.59,-0.17,44.0,603.3,30521.6
2066-12-04,6.11,4.23,-0.17,67.4,603.3,30441.4
2066-12-05,2.82,0.72,-2.19,47.9,520.0,30365.6
2066-12-06,12.83,1.8,-5.48,104.4,406.0,30294.0
2066-12-07,1.78,-2.91,-5.68,61.4,400.1,30226.9
2066-12-08,0.0,-6.0,-9.19,70.7,304.7,30164.2
2066-12-09,0.0,-7.65,-13.09,113.0,223.2,30106.1
2066-12-10,0.57,-7.83,-17.2,162.0,158.7,30052.5
2066-12-11,0.0,-4.56,-14.24,163.7,203.1,30003.5
2066-12-12,9.32,3.03,-13.41,140.7,217.3,29959.2
2066-12-13,45.06,11.62,-5.34,137.5,410.6,29919.5
2066-12-14,3.49,8.27,-2.03,121.2,526.1,29884.6
2066-12-15,4.64,-5.49,-10.36,76.8,277.9,29854.4
2066-12-16,1.98,-9.24,-14.37,109.1,200.8,29829.0
2066-12-17,0.0,-6.73,-15.97,161.1,175.9,29808.5
2066-12-18,0.0,-5.54,-17.61,176.0,153.3,29792.7
2066-12-19,0.0,-3.36,-12.8,158.7,228.4,29781.8
2066-12-20,0.0,-0.88,-8.48,139.6,322.3,29775.7
2066-12-21,0.0,1.97,-4.35,122.3,442.4,29774.4
2066-12-22,11.77,-0.32,-3.23,47.7,481.4,29778.1
2066-12-23,0.0,-1.75,-5.2,75.4,415.0,29786.5
2066-12-24,0.0,-4.16,-9.82,116.8,290.0,29799.8
2066-12-25,0.0,-6.96,-13.43,129.7,217.0,29818.0
2066-12-26,0.0,-5.7,-12.11,128.7,241.5,29840.9
2066-12-27,5.38,-5.85,-9.3,58.2,302.2,29868.6
2066-12-28,0.0,-7.35,-11.32,89.6,257.5,29901.2
2066-12-29,0.0,-5.88,-13.83,153.0,210.1,29938.4
2066-12-30,0.0,-0.42,-15.09,187.2,189.4,29980.4
2066-12-31,1.0,2.15,-12.26,186.5,238.5,30027.0
2067-01-01,0.0,4.44,-3.05,133.8,487.9,30078.5
2067-01-02,2.08,2.8,-0.28,62.4,598.5,30134.3
2067-01-03,1.61,-1.56,-6.63,101.0,371.8,30194.7
2067-01-04,0.0,-5.79,-11.61,115.9,251.4,30259.6
2067-01-05,0.0,-6.43,-12.89,127.1,226.7,30328.9
2067-01-06,0.0,-6.64,-14.96,153.6,191.4,30402.6
2067-01-07,2.77,-7.11,-19.59,142.8,129.4,30480.7
2067-01-08,1.36,-1.79,-13.02,182.8,224.4,30562.9
2067-01-09,1.02,-3.84,-6.72,64.0,369.5,30649.4
2067-01-10,0.0,-1.29,-5.57,92.1,403.4,30740.0
2067-01-11,0.0,-5.45,-7.81,55.2,339.6,30834.6
2067-01-12,1.64,-2.39,-8.13,121.9,331.3,30933.3
2067-01-13,0.0,-0.26,-6.59,132.9,373.2,31035.8
2067-01-14,0.0,-6.29,-9.57,76.5,295.8,31142.2
2067-01-15,0.88,-9.85,-15.13,119.6,188.6,31252.3
2067-01-16,0.0,-9.91,-18.68,176.5,139.9,31366.2
2067-01-17,0.0,-11.91,-21.5,188.7,109.6,31483.6
2067-01-18,8.56,-4.14,-22.33,174.0,101.9,31604.5
2067-01-19,1.02,-5.29,-17.26,212.9,157.9,31728.9
2067-01-20,0.0,-11.55,-20.22,185.4,122.5,31856.7
2067-01-21,5.41,-11.05,-20.54,149.4,119.2,31987.7
2067-01-22,0.0,-12.23,-20.04,178.7,124.5,32121.9
2067-01-23,0.0,-17.37,-25.71,189.5,75.2,32259.3
2067-01-24,0.0,-17.14,-27.45,216.8,64.0,32399.7
2067-01-25,0.0,-15.33,-27.27,233.0,65.1,32543.0
2067-01-26,0.0,-8.76,-24.86,253.5,81.2,32689.2
2067-01-27,1.44,-6.93,-19.13,239.6,134.6,32838.2
2067-01-28,0.0,-3.5,-16.07,244.1,174.5,32989.9
2067-01-29,0.0,-6.34,-16.76,230.0,164.6,33144.3
2067-01-30,0.0,-9.93,-22.26,250.9,102.5,33301.2
2067-01-31,0.0,-14.36,-24.44,233.3,84.3,33460.6
2067-02-01,0.0,-11.03,-24.51,262.1,83.8,33622.3
2067-02-02,2.88,-13.85,-21.55,149.7,109.1,33786.4
2067-02-03,0.0,-6.99,-22.22,275.8,102.8,33952.8
2067-02-04,0.0,-5.38,-18.16,262.6,146.2,34121.3
2067-02-05,0.0,-1.91,-12.18,237.5,240.2,34291.9
2067-02-06,9.2,-2.47,-11.19,165.9,260.2,34464.5
2067-02-07,0.82,-4.43,-15.67,260.5,180.5,34639.0
2067-02-08,2.99,-5.07,-16.78,200.4,164.4,34815.5
2067-02-09,0.0,-9.24,-22.39,282.8,101.3,34993.8
2067-02-10,0.0,-11.18,-25.48,292.9,76.8,35173.8
2067-02-11,0.0,-9.29,-25.88,308.1,74.0,35355.5
2067-02-12,0.85,-4.32,-23.64,320.2,90.6,35538.8
2067-02-13,1.2,-8.43,-24.38,306.0,84.8,35723.7
2067-02-14,11.42,-6.92,-15.66,164.1,180.6,35910.0
2067-02-15,0.0,-10.06,-16.91,182.1,162.6,36097.8
2067-02-16,0.0,-4.65,-22.22,328.1,102.8,36287.0
2067-02-17,0.0,4.56,-13.62,332.3,213.7,36477.5
2067-02-18,6.57,1.93,-4.99,139.3,421.6,36669.2
2067-02-19,0.0,0.13,-6.74,188.3,368.9,36862.2
2067-02-20,0.0,-7.4,-12.58,151.8,232.5,37056.3
2067-02-21,0.0,-13.01,-17.34,132.6,156.8,37251.5
2067-02-22,0.0,-6.61,-16.71,273.3,165.3,37447.8
2067-02-23,0.0,-7.13,-17.83,287.8,150.4,37645.0
2067-02-24,0.0,-1.12,-22.84,381.7,97.3,37843.2
2067-02-25,1.34,-2.43,-16.62,340.6,166.6,38042.3
2067-02-26,0.0,-11.21,-20.14,261.6,123.4,38242.3
2067-02-27,0.0,-8.98,-25.1,369.9,79.5,38443.1
2067-02-28,13.74,-4.17,-18.78,270.5,138.7,38644.7
2067-03-01,0.0,-5.86,-13.49,237.9,215.9,38847.0
2067-03-02,3.35,0.56,-15.28,285.4,186.3,39050.0
2067-03-03,0.0,-13.14,-22.41,286.8,101.2,39253.6
2067-03-04,0.0,-5.01,-27.64,426.6,62.9,39457.9
2067-03-05,11.52,3.57,-17.39,319.3,156.2,39662.7
2067-03-06,26.61,3.4,-7.0,235.1,361.4,39868.1
2067-03-07,22.56,-6.33,-10.47,111.5,275.5,40074.0
2067-03-08,0.0,-6.44,-18.18,360.6,146.0,40280.3
2067-03-09,0.0,-5.11,-24.68,454.2,82.6,40487.1
2067-03-10,3.21,-3.17,-16.08,288.6,174.4,40694.3
2067-03-11,11.25,4.79,-6.12,260.2,386.9,40901.8
2067-03-12,5.02,6.57,-1.34,204.8,553.6,41109.7
2067-03-13,0.0,2.29,-4.3,242.5,444.2,41317.8
2067-03-14,0.0,-1.07,-12.3,383.4,237.8,41526.3
2067-03-15,0.0,4.33,-18.08,501.2,147.2,41734.9
2067-03-16,2.3,2.93,-12.16,337.6,240.6,41943.8
2067-03-17,8.79,6.41,-4.52,278.7,436.9,42152.9
2067-03-18,13.91,4.26,-5.1,256.1,418.0,42362.1
2067-03-19,0.0,-1.45,-12.67,401.4,230.8,42571.4
2067-03-20,0.0,1.73,-15.36,491.7,185.1,42780.8
2067-03-21,3.07,3.47,-14.28,373.9,202.4,42990.3
2067-03-22,3.01,1.56,-9.21,287.4,304.4,43199.8
2067-03-23,1.96,-0.04,-6.61,256.0,372.4,43409.3
2067-03-24,0.0,0.73,-9.41,372.1,299.6,43618.7
2067-03-25,0.0,-0.62,-10.27,362.8,279.9,43828.1
2067-03-26,0.0,-4.94,-13.07,329.6,223.4,44037.5
2067-03-27,0.0,-5.57,-12.88,307.6,226.9,44246.7
2067-03-28,0.0,-0.31,-10.1,389.4,283.6,44455.7
2067-03-29,0.0,4.86,-7.79,463.3,339.9,44664.6
2067-03-30,0.0,4.08,-6.6,422.7,372.7,44873.3
2067-03-31,0.0,8.4,-8.47,532.3,322.4,45081.7
2067-04-01,10.62,3.15,-6.02,288.7,389.6,45289.9
2067-04-02,0.0,4.56,-3.24,338.8,480.9,45497.8
2067-04-03,0.0,5.57,-5.27,448.0,412.8,45705.3
2067-04-04,4.85,5.54,-8.39,395.2,324.6,45912.5
2067-04-05,6.33,4.93,-3.72,295.0,463.9,46119.2
2067-04-06,0.0,2.15,-3.5,275.2,471.6,46325.6
2067-04-07,0.0,1.07,-7.97,416.8,335.3,46531.4
2067-04-08,0.0,4.11,-10.84,562.2,267.5,46736.8
2067-04-09,0.0,8.24,-7.25,567.4,354.4,46941.7
2067-04-10,0.0,14.11,-5.82,602.9,391.9,47145.9
2067-04-11,0.63,8.88,-1.2,444.3,559.2,47349.6
2067-04-12,0.0,8.87,0.26,394.1,622.2,47552.6
2067-04-13,6.23,7.86,-5.25,395.6,413.5,47754.9
2067-04-14,1.74,4.94,-5.67,478.9,400.3,47956.4
2067-04-15,0.0,-1.52,-10.54,440.0,273.9,48157.2
2067-04-16,0.0,3.61,-12.26,596.6,238.6,48357.2
2067-04-17,13.67,6.81,-6.21,411.8,384.2,48556.4
2067-04-18,0.0,4.87,-3.52,414.8,470.8,48754.6
2067-04-19,0.0,5.3,-2.29,390.8,516.2,48951.8
2067-04-20,15.64,-1.25,-4.22,134.0,446.8,49148.1
2067-04-21,1.53,2.61,-3.47,343.2,472.7,49343.3
2067-04-22,0.0,9.48,-4.71,595.4,430.6,49537.4
2067-04-23,3.18,8.34,-4.84,433.9,426.3,49730.4
2067-04-24,1.4,9.87,-1.1,521.6,563.5,49922.1
2067-04-25,0.0,14.08,-2.66,623.2,497.6,50112.6
2067-04-26,6.69,13.34,-0.48,431.8,589.8,50301.8
2067-04-27,6.87,3.26,-0.22,148.8,600.9,50489.6
2067-04-28,5.85,16.27,0.6,454.3,637.7,50675.9
2067-04-29,0.0,16.48,2.46,575.6,729.2,50860.8
2067-04-30,0.0,11.06,-0.43,532.2,591.7,51044.1
2067-05-01,0.0,16.35,-2.83,646.4,486.9,51225.8
2067-05-02,0.0,17.64,-2.08,646.0,509.0,51405.8
2067-05-03,15.66,14.51,3.36,374.3,777.0,51584.1
2067-05-04,22.71,8.73,3.9,192.0,807.1,51760.6
2067-05-05,11.53,6.01,1.79,173.2,694.8,51935.1
2067-05-06,2.78,8.61,2.18,252.7,714.4,52107.8
2067-05-07,3.72,13.55,2.46,381.4,729.0,52278.4
2067-05-08,0.0,14.88,-0.14,598.7,604.5,52446.9
2067-05-09,0.0,15.04,-0.38,606.0,593.8,52613.2
2067-05-10,1.49,8.94,2.22,359.8,716.6,52777.3
2067-05-11,0.0,15.15,2.83,549.3,748.3,52939.1
2067-05-12,0.0,18.49,0.36,634.5,627.0,53098.5
2067-05-13,2.66,19.77,1.21,474.9,666.7,53255.4
2067-05-14,5.19,9.56,4.99,183.1,871.5,53409.7
2067-05-15,1.95,10.77,5.63,273.0,911.3,53561.4
2067-05-16,2.46,5.72,2.32,147.7,721.6,53710.5
2067-05-17,4.75,7.9,1.02,282.7,657.5,53856.7
2067-05-18,3.25,17.86,4.28,430.4,829.1,54000.0
2067-05-19,0.0,22.98,8.5,569.7,1109.6,54140.4
2067-05-20,0.0,22.99,11.66,487.1,1370.5,54277.8
2067-05-21,0.0,14.31,5.99,405.1,934.0,54412.0
2067-05-22,0.0,18.25,2.9,588.6,752.0,54543.1
2067-05-23,1.08,12.29,5.91,327.8,928.8,54670.8
2067-05-24,4.45,22.42,8.1,417.0,1079.9,54795.2
2067-05-25,0.0,17.59,6.5,496.3,967.5,54916.2
2067-05-26,5.71,20.57,5.11,436.1,878.5,55033.6
2067-05-27,14.65,10.55,7.12,138.2,1009.5,55147.4
2067-05-28,5.82,12.96,7.47,215.6,1034.4,55257.6
2067-05-29,18.14,16.87,9.78,268.7,1209.4,55364.0
2067-05-30,0.0,22.25,9.43,528.4,1181.0,55466.5
2067-05-31,0.0,21.99,5.02,596.4,873.2,55565.2
2067-06-01,6.51,28.41,9.6,442.3,1194.9,55659.8
2067-06-02,3.82,15.19,9.28,231.2,1169.2,55750.4
2067-06-03,0.94,11.93,6.11,308.1,942.1,55836.9
2067-06-04,0.0,17.49,4.16,543.6,821.9,55919.2
2067-06-05,0.0,19.85,5.14,555.7,880.8,55997.2
2067-06-06,0.0,23.28,7.04,565.3,975.5,56070.9
2067-06-07,0.0,21.16,6.06,552.0,929.9,56140.2
2067-06-08,61.1,24.78,9.92,360.0,1220.8,56205.1
2067-06-09,11.82,24.8,11.01,344.0,1313.1,56265.6
2067-06-10,0.0,19.19,6.13,461.5,943.4,56321.4
2067-06-11,0.0,20.9,3.18,524.3,767.2,56372.7
2067-06-12,9.62,15.34,7.21,257.8,1016.2,56419.4
2067-06-13,13.1,11.98,8.35,125.9,1098.4,56461.3
2067-06-14,0.0,22.36,7.61,484.7,1043.9,56498.6
2067-06-15,0.0,25.05,6.98,513.1,1000.0,56531.2
2067-06-16,4.3,24.67,9.54,353.9,1189.9,56558.9
2067-06-17,20.33,24.35,11.95,315.6,1397.4,56581.9
2067-06-18,24.84,17.7,12.13,171.7,1414.2,56600.1
2067-06-19,4.13,16.18,8.4,238.2,1101.7,56613.4
2067-06-20,0.0,19.45,8.52,406.3,1110.5,56621.9
2067-06-21,0.0,21.28,7.69,462.5,1050.1,56625.6
2067-06-22,0.0,23.83,7.59,492.9,1043.0,56624.3
2067-06-23,0.0,24.11,8.87,476.9,1137.6,56618.3
2067-06-24,0.03,21.7,11.63,370.9,1367.8,56607.4
2067-06-25,4.26,13.47,10.5,100.7,1268.8,56591.7
2067-06-26,12.69,20.93,10.84,282.9,1298.2,56571.1
2067-06-27,0.0,24.75,11.83,431.4,1386.5,56545.8
2067-06-28,0.0,27.53,9.18,501.8,1161.8,56515.6
2067-06-29,15.13,19.08,13.25,171.9,1521.8,56480.7
2067-06-30,7.18,18.18,12.93,160.7,1490.6,56441.1
2067-07-01,0.0,18.94,12.03,284.0,1404.7,56396.8
2067-07-02,0.0,26.76,10.81,481.8,1295.2,56347.9
2067-07-03,15.32,20.7,15.35,161.0,1743.3,56294.3
2067-07-04,6.95,26.07,15.68,278.7,1780.0,56236.2
2067-07-05,0.0,26.49,11.55,468.1,1360.9,56173.5
2067-07-06,9.56,27.53,12.37,350.7,1436.8,56106.4
2067-07-07,1.35,22.48,10.97,415.5,1309.0,56034.9
2067-07-08,1.73,24.07,7.63,497.9,1045.5,55959.1
2067-07-09,0.0,21.57,10.93,396.3,1305.9,55878.9
2067-07-10,3.31,26.13,9.84,366.2,1214.0,55794.5
2067-07-11,3.48,27.4,13.47,336.6,1543.1,55706.0
2067-07-12,20.4,24.65,15.42,258.2,1751.6,55613.4
2067-07-13,0.0,21.27,10.87,384.4,1301.1,55516.8
2067-07-14,0.0,24.47,6.93,504.4,996.8,55416.2
2067-07-15,0.0,26.34,7.99,506.7,1071.8,55311.7
2067-07-16,0.0,28.57,10.44,495.5,1263.8,55203.4
2067-07-17,7.42,28.44,13.92,333.0,1589.9,55091.5
2067-07-18,0.0,26.73,14.68,396.9,1669.2,54975.8
2067-07-19,0.0,23.09,10.22,423.9,1245.9,54856.7
2067-07-20,13.04,23.95,9.06,342.3,1152.5,54734.0
2067-07-21,19.54,22.2,13.68,232.2,1565.3,54607.9
2067-07-22,19.02,27.04,15.29,289.9,1737.0,54478.5
2067-07-23,10.06,28.22,14.4,319.9,1639.8,54345.9
2067-07-24,0.0,22.59,11.49,385.1,1355.0,54210.1
2067-07-25,0.0,25.16,9.08,466.8,1153.8,54071.2
2067-07-26,5.71,16.37,11.71,136.5,1375.6,53929.4
2067-07-27,9.72,20.95,12.72,226.4,1469.8,53784.6
2067-07-28,0.0,25.3,10.83,445.1,1297.4,53637.0
2067-07-29,0.0,24.38,12.89,382.6,1486.2,53486.6
2067-07-30,9.51,24.41,12.19,295.9,1419.2,53333.6
2067-07-31,0.0,24.8,10.04,438.7,1230.4,53177.9
2067-08-01,22.18,24.17,10.68,312.9,1284.5,53019.8
2067-08-02,3.92,19.73,12.97,182.3,1493.6,52859.2
2067-08-03,1.8,21.71,13.96,272.5,1593.8,52696.3
2067-08-04,0.0,22.06,13.06,313.4,1503.3,52531.0
2067-08-05,0.0,24.92,10.9,425.5,1303.4,52363.6
2067-08-06,13.14,26.94,12.96,311.4,1493.4,52194.1
2067-08-07,20.68,21.59,14.7,187.0,1671.6,52022.5
2067-08-08,6.68,22.2,13.37,233.1,1533.5,51848.9
2067-08-09,0.0,23.94,10.31,422.7,1253.0,51673.3
2067-08-10,15.68,16.1,12.45,110.4,1444.1,51496.0
2067-08-11,10.94,20.91,12.78,223.8,1475.2,51316.8
2067-08-12,2.0,21.47,11.53,350.0,1358.8,51136.0
2067-08-13,1.42,25.84,12.31,417.6,1431.0,50953.4
2067-08-14,6.78,26.41,13.75,300.7,1571.7,50769.4
2067-08-15,5.36,23.12,14.71,232.2,1672.9,50583.7
2067-08-16,10.65,18.89,13.18,172.9,1515.1,50396.6
2067-08-17,0.0,23.28,9.29,438.2,1170.0,50208.2
2067-08-18,0.0,26.41,9.46,462.1,1184.0,50018.3
2067-08-19,0.0,27.25,12.21,435.2,1421.0,49827.2
2067-08-20,0.0,27.61,13.43,417.0,1539.7,49634.9
2067-08-21,16.56,23.86,14.61,243.1,1662.2,49441.3
2067-08-22,7.6,20.81,11.91,243.5,1393.2,49246.7
2067-08-23,0.0,17.49,7.8,354.0,1057.9,49050.9
2067-08-24,0.0,25.31,9.17,446.4,1160.4,48854.2
2067-08-25,3.36,21.88,13.41,227.4,1537.3,48656.4
2067-08-26,0.0,22.67,12.32,348.9,1431.5,48457.8
2067-08-27,0.0,24.03,9.05,427.5,1151.1,48258.2
2067-08-28,51.78,19.36,11.12,223.7,1322.7,48057.8
2067-08-29,9.86,19.28,11.07,223.9,1318.1,47856.6
2067-08-30,3.85,21.45,7.91,308.4,1065.9,47654.7
2067-08-31,0.0,19.93,8.29,380.6,1093.8,47452.0
2067-09-01,0.0,21.68,6.52,424.8,969.1,47248.7
2067-09-02,0.0,23.69,8.27,417.3,1092.2,47044.8
2067-09-03,6.88,23.59,10.24,288.2,1247.0,46840.2
2067-09-04,9.66,20.95,10.21,255.6,1244.6,46635.1
2067-09-05,32.13,19.14,12.2,183.2,1420.0,46429.5
2067-09-06,5.85,17.94,9.58,215.0,1193.2,46223.4
2067-09-07,1.41,16.55,7.6,303.5,1043.1,46016.8
2067-09-08,0.0,22.55,9.45,375.1,1183.2,45809.8
2067-09-09,0.0,22.28,8.87,373.4,1137.3,45602.5
2067-09-10,0.0,14.43,4.13,327.1,820.4,45394.8
2067-09-11,0.0,21.01,2.09,425.1,710.1,45186.7
2067-09-12,0.0,20.81,5.95,383.5,931.7,44978.4
2067-09-13,13.48,24.46,7.31,296.9,1022.7,44769.9
2067-09-14,0.0,17.98,7.54,305.3,1039.2,44561.1
2067-09-15,15.02,10.42,5.55,121.4,906.2,44352.1
2067-09-16,2.07,12.33,3.62,272.2,791.3,44143.0
2067-09-17,0.0,15.53,3.1,345.6,762.7,43933.7
2067-09-18,0.0,18.73,1.77,391.8,693.9,43724.4
2067-09-19,0.0,18.15,1.93,382.2,701.8,43514.9
2067-09-20,1.69,12.6,3.16,280.4,766.4,43305.4
2067-09-21,0.0,20.68,5.34,359.6,893.2,43095.9
2067-09-22,0.0,21.83,6.66,350.2,978.1,42886.4
2067-09-23,0.0,23.79,10.17,323.7,1241.1,42677.0
2067-09-24,0.0,23.37,12.02,283.8,1403.9,42467.6
2067-09-25,0.0,25.58,11.69,314.4,1373.6,42258.4
2067-09-26,0.0,22.4,11.22,277.8,1331.0,42049.2
2067-09-27,0.0,18.02,5.98,296.6,933.6,41840.3
2067-09-28,0.0,20.14,2.33,354.5,722.2,41631.5
2067-09-29,4.18,18.65,7.72,200.8,1051.8,41422.9
2067-09-30,0.88,20.31,10.72,236.8,1287.7,41214.6
2067-10-01,3.03,12.53,5.89,136.6,927.4,41006.6
2067-10-02,12.83,11.73,5.49,130.8,902.3,40798.9
2067-10-03,12.34,13.67,6.75,142.8,984.6,40591.5
2067-10-04,2.65,11.1,6.95,90.6,998.0,40384.6
2067-10-05,0.0,7.5,2.11,156.0,710.8,40178.0
2067-10-06,0.0,6.47,-2.68,244.3,501.4,39971.9
2067-10-07,0.0,10.46,-4.84,321.8,426.4,39766.2
2067-10-08,0.0,23.43,0.4,342.0,628.6,39561.1
2067-10-09,0.0,26.27,8.68,305.7,1123.0,39356.6
2067-10-10,0.0,18.53,8.0,235.8,1072.4,39152.6
2067-10-11,0.0,13.72,0.82,276.5,648.3,38949.3
2067-10-12,0.0,15.06,-0.75,300.7,578.3,38746.6
2067-10-13,5.17,12.88,2.71,175.7,742.1,38544.7
2067-10-14,14.26,16.67,8.19,147.5,1086.4,38343.5
2067-10-15,15.04,15.92,8.95,122.8,1143.5,38143.1
2067-10-16,0.82,11.54,4.88,160.4,864.5,37943.5
2067-10-17,2.75,11.03,4.2,123.5,824.3,37744.9
2067-10-18,0.06,10.74,4.08,162.7,817.8,37547.1
2067-10-19,0.0,13.09,2.3,234.9,720.6,37350.4
2067-10-20,6.39,11.12,4.79,115.8,859.4,37154.6
2067-10-21,1.43,11.18,4.94,153.7,868.2,36959.9
2067-10-22,2.25,10.99,4.44,121.6,838.2,36766.4
2067-10-23,0.0,9.27,3.65,143.5,793.2,36574.0
2067-10-24,0.0,9.89,1.16,204.4,664.4,36382.9
2067-10-25,3.88,9.7,1.15,151.1,663.7,36193.1
2067-10-26,0.0,6.51,-1.74,197.2,537.6,36004.6
2067-10-27,0.0,4.4,-3.14,184.9,484.4,35817.5
2067-10-28,0.0,3.95,-3.42,183.9,474.4,35631.9
2067-10-29,0.0,4.99,-3.88,207.0,458.4,35447.8
2067-10-30,0.0,2.68,-2.45,134.8,509.9,35265.2
2067-10-31,0.0,8.41,-4.02,237.6,453.8,35084.4
2067-11-01,0.0,9.87,-3.78,239.4,461.9,34905.2
2067-11-02,0.0,12.09,-3.04,241.0,488.0,34727.8
2067-11-03,2.3,11.62,-1.13,166.5,562.2,34552.3
2067-11-04,0.76,4.23,-2.22,141.1,519.0,34378.7
2067-11-05,0.0,3.95,-3.69,160.9,464.9,34207.0
2067-11-06,0.0,10.55,-4.35,226.8,442.6,34037.5
2067-11-07,0.0,12.92,-2.33,224.9,514.5,33870.0
2067-11-08,0.0,12.33,0.17,205.1,618.3,33704.8
2067-11-09,0.99,6.22,2.07,92.7,708.8,33541.9
2067-11-10,15.73,13.83,2.99,142.1,757.2,33381.3
2067-11-11,10.31,10.53,1.07,133.2,660.0,33223.1
2067-11-12,0.0,3.61,-2.3,128.1,515.8,33067.5
2067-11-13,0.0,10.33,-0.24,184.7,600.0,32914.4
2067-11-14,2.49,10.45,4.34,93.0,832.8,32764.0
2067-11-15,3.84,9.81,2.15,110.4,712.9,32616.4
2067-11-16,0.0,10.92,-1.51,189.6,546.8,32471.6
2067-11-17,0.0,7.07,-2.58,166.4,505.1,32329.7
2067-11-18,0.0,0.87,-6.0,133.1,390.5,32190.8
2067-11-19,0.0,4.79,-6.07,174.1,388.3,32055.0
2067-11-20,0.0,8.03,-4.02,177.2,453.8,31922.3
2067-11-21,0.0,-4.01,-11.26,131.7,258.7,31792.9
2067-11-22,0.0,-0.94,-14.37,183.3,200.9,31666.8
2067-11-23,1.16,-4.99,-12.21,141.1,239.6,31544.1
2067-11-24,0.0,-0.4,-13.28,195.3,219.7,31424.9
2067-11-25,0.0,4.39,-5.71,168.3,399.0,31309.3
2067-11-26,0.0,5.1,-0.55,96.1,586.5,31197.3
2067-11-27,3.25,5.3,-1.88,87.4,532.1,31089.0
2067-11-28,2.68,10.03,-2.97,123.0,490.9,30984.5
2067-11-29,4.27,5.58,-4.0,104.0,454.3,30883.9
2067-11-30,7.28,14.52,0.34,122.0,625.8,30787.2
2067-12-01,0.0,1.85,-5.52,114.7,404.8,30694.6
2067-12-02,2.48,-2.53,-7.78,73.8,340.4,30606.0
2067-12-03,0.0,-1.67,-6.97,99.7,362.4,30521.6
2067-12-04,0.0,4.36,-7.69,171.5,342.7,30441.4
2067-12-05,7.59,6.4,-0.69,90.5,580.8,30365.6
2067-12-06,7.63,2.75,-1.57,54.5,544.5,30294.0
2067-12-07,5.01,-0.28,-2.57,32.2,505.4,30226.9
2067-12-08,4.35,-1.21,-6.51,77.3,375.4,30164.2
2067-12-09,0.0,-0.18,-8.04,137.6,333.4,30106.1
2067-12-10,0.0,-1.48,-10.3,148.0,279.2,30052.5
2067-12-11,0.0,-3.59,-15.74,172.0,179.3,30003.5
2067-12-12,0.0,1.7,-9.96,165.8,286.7,29959.2
2067-12-13,0.0,0.79,-7.36,136.4,351.5,29919.5
2067-12-14,0.0,-1.89,-7.42,101.6,350.0,29884.6
2067-12-15,15.96,4.63,-4.87,110.9,425.4,29854.4
2067-12-16,1.0,4.46,-7.55,165.3,346.4,29829.0
2067-12-17,0.0,-9.52,-17.18,133.0,159.0,29808.5
2067-12-18,0.0,-11.84,-21.82,155.4,106.5,29792.7
2067-12-19,1.39,-3.46,-20.36,182.4,121.0,29781.8
2067-12-20,0.0,-5.25,-15.97,158.6,175.9,29775.7
2067-12-21,1.64,-2.18,-14.25,165.5,202.9,29774.4
2067-12-22,0.0,0.36,-6.99,124.3,361.7,29778.1
2067-12-23,4.54,-2.8,-11.85,108.7,246.6,29786.5
2067-12-24,0.0,-14.44,-22.5,137.8,100.3,29799.8
2067-12-25,0.64,-9.37,-24.79,182.3,81.7,29818.0
2067-12-26,0.0,-3.47,-15.25,165.5,186.8,29840.9
2067-12-27,7.66,1.76,-8.81,117.4,314.0,29868.6
2067-12-28,9.46,5.31,-8.04,130.2,333.4,29901.2
2067-12-29,0.0,-9.46,-14.87,100.0,192.8,29938.4
2067-12-30,0.0,-9.13,-17.48,143.0,154.9,29980.4
2067-12-31,8.95,-3.84,-14.5,123.8,198.7,30027.0
2068-01-01,5.12,-3.19,-7.39,54.3,350.7,30078.5
2068-01-02,5.67,0.7,-9.13,111.6,306.3,30134.3
2068-01-03,0.0,-9.39,-17.85,137.1,150.2,30194.7
2068-01-04,0.0,-12.13,-19.86,129.2,126.5,30259.6
2068-01-05,0.0,-6.06,-18.46,175.8,142.5,30328.9
2068-01-06,2.22,-11.85,-23.04,127.2,95.6,30402.6
2068-01-07,5.45,-6.18,-15.56,114.4,182.1,30480.7
2068-01-08,0.0,-6.84,-15.16,141.0,188.3,30562.9
2068-01-09,0.0,-6.66,-17.16,167.2,159.2,30649.4
2068-01-10,0.98,-1.04,-16.17,199.1,173.0,30740.0
2068-01-11,0.0,-14.26,-22.01,138.7,104.7,30834.6
2068-01-12,6.22,-8.98,-17.83,116.0,150.5,30933.3
2068-01-13,8.26,-0.58,-11.4,132.9,255.7,31035.8
2068-01-14,0.0,-4.8,-17.62,197.0,153.1,31142.2
2068-01-15,0.0,-15.78,-24.24,156.2,85.9,31252.3
2068-01-16,0.0,-8.52,-24.4,218.5,84.6,31366.2
2068-01-17,7.8,-2.11,-13.49,144.4,215.9,31483.6
2068-01-18,4.16,-1.37,-14.37,156.4,200.8,31604.5
2068-01-19,0.0,-13.06,-24.34,198.2,85.1,31728.9
2068-01-20,5.09,-8.88,-21.99,162.7,105.0,31856.7
2068-01-21,0.0,-14.52,-24.94,194.9,80.6,31987.7
2068-01-22,0.0,-10.23,-28.56,246.5,57.8,32121.9
2068-01-23,5.8,0.94,-19.15,189.8,134.4,32259.3
2068-01-24,7.64,4.31,-4.51,132.5,437.3,32399.7
2068-01-25,0.0,-0.29,-9.09,180.3,307.2,32543.0
2068-01-26,0.0,-6.78,-15.99,191.0,175.6,32689.2
2068-01-27,21.57,-5.65,-16.28,162.0,171.4,32838.2
2068-01-28,4.03,-1.8,-9.77,133.5,291.1,32989.9
2068-01-29,2.08,-1.44,-8.92,171.0,311.3,33144.3
2068-01-30,0.0,-7.32,-16.73,208.4,165.1,33301.2
2068-01-31,2.97,-8.47,-24.63,205.3,82.9,33460.6
2068-02-01,9.49,-8.81,-18.09,157.5,147.1,33622.3
2068-02-02,0.0,-6.56,-16.97,228.4,161.7,33786.4
2068-02-03,0.0,-6.61,-21.9,278.6,105.8,33952.8
2068-02-04,0.0,-7.27,-18.35,241.7,143.9,34121.3
2068-02-05,0.0,-6.6,-21.54,283.1,109.2,34291.9
2068-02-06,0.05,0.48,-13.49,275.4,215.9,34464.5
2068-02-07,0.0,-4.73,-16.9,260.5,162.7,34639.0
2068-02-08,0.0,-3.77,-25.94,322.1,73.6,34815.5
2068-02-09,0.0,-1.25,-19.07,310.2,135.3,34993.8
2068-02-10,0.0,2.23,-16.3,314.7,171.2,35173.8
2068-02-11,0.0,-8.31,-18.25,231.6,145.2,35355.5
2068-02-12,0.0,-15.27,-21.88,170.0,106.0,35538.8
2068-02-13,0.0,-14.28,-26.8,280.4,68.0,35723.7
2068-02-14,0.0,-3.79,-26.64,348.5,69.0,35910.0
2068-02-15,0.0,3.51,-13.55,323.2,215.0,36097.8
2068-02-16,0.0,1.59,-5.68,185.3,399.9,36287.0
2068-02-17,3.57,0.85,-2.57,72.7,505.5,36477.5
2068-02-18,0.0,0.62,-7.52,215.6,347.1,36669.2
2068-02-19,0.0,-4.29,-12.9,233.2,226.6,36862.2
2068-02-20,0.0,-7.24,-17.23,266.2,158.2,37056.3
2068-02-21,0.0,0.12,-19.38,371.6,131.7,37251.5
2068-02-22,1.31,0.68,-12.51,325.4,233.9,37447.8
2068-02-23,8.1,1.58,-4.84,144.0,426.5,37645.0
2068-02-24,15.05,1.51,-4.48,137.9,438.0,37843.2
2068-02-25,13.7,-0.77,-3.93,79.8,456.8,38042.3
2068-02-26,0.0,-3.79,-14.19,303.2,203.8,38242.3
2068-02-27,2.92,-9.46,-18.72,213.6,139.4,38443.1
2068-02-28,1.72,-5.58,-19.23,362.1,133.5,38644.7
2068-02-29,0.0,-5.64,-19.05,361.3,135.6,38847.0
2068-03-01,0.0,-7.3,-20.55,365.4,119.0,39050.0
2068-03-02,0.0,-3.81,-18.63,386.1,140.5,39253.6
2068-03-03,8.34,0.24,-9.7,231.2,292.8,39457.9
2068-03-04,0.0,0.77,-8.06,287.6,333.0,39662.7
2068-03-05,1.03,-4.1,-13.72,314.7,211.9,39868.1
2068-03-06,0.0,-4.0,-19.17,414.5,134.2,40074.0
2068-03-07,0.0,5.74,-17.36,461.3,156.5,40280.3
2068-03-08,4.14,12.87,-3.05,310.1,487.8,40487.1
2068-03-09,3.57,2.31,-9.2,275.1,304.6,40694.3
2068-03-10,0.0,-3.99,-14.85,364.6,193.0,40901.8
2068-03-11,0.0,2.47,-16.3,467.5,171.1,41109.7
2068-03-12,0.0,9.05,-7.91,451.0,336.9,41317.8
2068-03-13,5.01,2.14,-7.88,260.1,337.6,41526.3
2068-03-14,10.5,-2.85,-5.74,91.6,398.3,41734.9
2068-03-15,0.0,0.56,-6.84,293.6,366.0,41943.8
2068-03-16,1.56,0.39,-7.48,318.6,348.2,42152.9
2068-03-17,0.0,10.53,-4.52,462.3,436.8,42362.1
2068-03-18,1.79,15.98,1.0,450.7,656.7,42571.4
2068-03-19,0.0,10.46,0.61,360.6,638.2,42780.8
2068-03-20,0.0,21.79,0.53,498.3,634.8,42990.3
2068-03-21,0.0,23.62,3.07,490.7,761.4,43199.8
2068-03-22,0.0,20.7,4.65,457.6,850.8,43409.3
2068-03-23,0.0,7.8,-1.51,347.3,546.7,43618.7
2068-03-24,0.0,4.83,-6.01,392.5,390.1,43828.1
2068-03-25,0.93,1.06,-5.02,247.3,420.5,44037.5
2068-03-26,0.0,-0.67,-7.98,292.2,335.0,44246.7
2068-03-27,0.0,-1.16,-11.66,394.7,250.5,44455.7
2068-03-28,7.26,0.1,-9.18,272.7,305.1,44664.6
2068-03-29,0.0,2.54,-4.45,290.7,439.1,44873.3
2068-03-30,0.0,0.48,-4.57,222.6,435.3,45081.7
2068-03-31,0.0,5.42,-6.82,457.2,366.6,45289.9
2068-04-01,0.0,8.02,-7.52,516.0,347.2,45497.8
2068-04-02,0.0,5.74,-4.7,416.9,430.8,45705.3
2068-04-03,0.0,5.9,-4.61,419.9,433.9,45912.5
2068-04-04,1.9,2.36,-2.6,226.6,504.3,46119.2
2068-04-05,0.0,4.19,-1.1,246.3,563.5,46325.6
2068-04-06,0.0,5.02,-3.23,377.5,481.2,46531.4
2068-04-07,0.0,1.85,-3.47,268.0,472.8,46736.8
2068-04-08,10.14,1.42,-1.45,118.3,549.1,46941.7
2068-04-09,1.61,4.29,-2.06,325.5,525.0,47145.9
2068-04-10,0.0,7.92,-3.42,500.9,474.5,47349.6
2068-04-11,0.0,9.81,-1.07,493.3,564.6,47552.6
2068-04-12,0.0,9.13,-2.35,509.8,514.0,47754.9
2068-04-13,0.0,12.57,-4.95,587.8,397.0,47956.4
2068-04-14,0.0,13.71,-2.3,570.8,480.8,48157.2
2068-04-15,0.49,16.73,0.79,563.1,586.6,48357.2
2068-04-16,0.0,24.45,3.42,592.1,649.4,48556.4
2068-04-17,0.0,21.15,2.49,583.0,613.1,48754.6
2068-04-18,0.0,9.33,-1.24,463.3,557.6,48951.8
2068-04-19,0.0,16.43,-3.47,604.3,404.4,49148.1
2068-04-20,7.1,8.35,0.19,297.9,619.0,49343.3
2068-04-21,15.85,9.49,0.5,324.9,633.1,49537.4
2068-04-22,9.34,3.9,-1.08,202.7,564.4,49730.4
2068-04-23,27.81,7.64,-0.51,309.4,588.4,49922.1
2068-04-24,4.5,15.21,2.11,402.5,711.2,50112.6
2068-04-25,1.1,13.84,2.42,499.5,726.7,50301.8
2068-04-26,9.28,11.68,-0.01,382.6,610.4,50489.6
2068-04-27,27.76,5.86,-1.16,271.1,561.1,50675.9
2068-04-28,0.0,3.22,-3.59,356.4,468.6,50860.8
2068-04-29,0.0,3.09,-4.58,392.9,434.8,51044.1
2068-04-30,0.0,11.4,-2.89,568.8,493.5,51225.8
2068-05-01,0.0,11.72,-1.15,544.2,561.6,51405.8
2068-05-02,0.0,11.15,2.11,438.5,711.1,51584.1
2068-05-03,0.0,16.64,1.58,573.7,642.4,51760.6
2068-05-04,3.9,17.27,3.12,412.2,763.8,51935.1
2068-05-05,3.19,11.22,1.65,331.4,688.0,52107.8
2068-05-06,0.0,13.92,-1.83,578.0,517.9,52278.4
2068-05-07,0.0,18.83,-2.06,617.3,478.7,52446.9
2068-05-08,3.57,16.84,1.38,413.9,674.7,52613.2
2068-05-09,6.19,11.86,4.49,247.4,841.2,52777.3
2068-05-10,24.48,9.79,4.19,196.1,823.9,52939.1
2068-05-11,1.84,9.34,3.83,261.3,803.2,53098.5
2068-05-12,1.08,13.04,1.7,473.4,690.5,53255.4
2068-05-13,0.0,11.9,4.32,353.0,831.2,53409.7
2068-05-14,0.0,18.36,6.31,489.1,955.1,53561.4
2068-05-15,5.89,18.36,7.65,340.7,1047.0,53710.5
2068-05-16,6.99,18.57,10.69,273.6,1285.4,53856.7
2068-05-17,3.46,12.26,5.32,261.4,891.6,54000.0
2068-05-18,0.0,19.99,1.27,597.9,652.5,54140.4
2068-05-19,0.0,21.01,8.0,517.7,1072.2,54277.8
2068-05-20,0.0,26.83,9.34,563.0,1113.5,54412.0
2068-05-21,0.0,30.45,10.56,568.6,1183.2,54543.1
2068-05-22,14.49,21.24,11.7,270.8,1374.6,54670.8
2068-05-23,1.66,21.88,9.82,423.5,1212.9,54795.2
2068-05-24,0.0,25.03,7.32,503.1,1023.3,54916.2
2068-05-25,1.73,23.65,12.93,383.6,1489.7,55033.6
2068-05-26,0.0,21.05,8.91,426.4,1140.3,55147.4
2068-05-27,0.0,17.9,3.07,481.7,761.1,55257.6
2068-05-28,0.0,14.95,5.5,362.4,903.1,55364.0
2068-05-29,13.45,8.56,4.46,133.2,839.6,55466.5
2068-05-30,7.87,15.59,5.71,285.2,916.4,55565.2
2068-05-31,2.06,14.38,5.06,368.8,875.5,55659.8
2068-06-01,0.0,20.23,2.87,512.7,750.4,55750.4
2068-06-02,0.0,18.84,4.98,466.1,871.0,55836.9
2068-06-03,0.0,15.57,6.85,347.1,990.9,55919.2
2068-06-04,0.92,14.17,6.47,315.9,965.6,55997.2
2068-06-05,0.92,14.98,5.39,381.5,895.9,56070.9
2068-06-06,1.51,15.64,6.21,384.0,948.4,56140.2
2068-06-07,0.0,20.15,6.12,481.8,942.8,56205.1
2068-06-08,13.43,20.57,4.84,376.4,862.4,56265.6
2068-06-09,5.04,17.26,7.03,296.9,1003.7,56321.4
2068-06-10,0.0,21.4,6.68,478.9,979.8,56372.7
2068-06-11,0.0,25.29,8.05,501.2,1062.9,56419.4
2068-06-12,0.0,26.47,12.81,437.5,1478.8,56461.3
2068-06-13,13.53,17.86,10.28,223.7,1250.6,56498.6
2068-06-14,0.0,19.98,6.48,455.5,966.2,56531.2
2068-06-15,0.0,23.41,5.02,514.1,862.1,56558.9
2068-06-16,0.0,21.26,6.3,468.8,954.0,56581.9
2068-06-17,0.0,24.38,7.07,496.5,994.8,56600.1
2068-06-18,0.0,24.86,9.49,465.0,1186.2,56613.4
2068-06-19,0.0,24.92,8.84,477.1,1131.1,56621.9
2068-06-20,0.0,27.43,13.2,439.8,1516.6,56625.6
2068-06-21,0.0,27.08,12.9,437.6,1487.4,56624.3
2068-06-22,37.5,26.09,15.02,277.9,1706.6,56618.3
2068-06-23,1.13,21.15,14.5,253.4,1650.3,56607.4
2068-06-24,3.18,20.42,12.61,223.3,1459.0,56591.7
2068-06-25,12.92,19.18,11.58,221.9,1363.9,56571.1
2068-06-26,48.11,16.44,12.95,112.4,1491.7,56545.8
2068-06-27,12.77,16.65,12.48,133.8,1447.0,56515.6
2068-06-28,0.86,20.77,12.1,336.5,1410.7,56480.7
2068-06-29,11.56,26.59,12.09,343.5,1410.5,56441.1
2068-06-30,5.16,26.66,13.95,315.6,1592.5,56396.8
2068-07-01,0.0,23.1,12.03,398.6,1404.4,56347.9
2068-07-02,0.0,22.17,10.39,420.4,1259.4,56294.3
2068-07-03,0.0,23.81,11.07,434.0,1317.9,56236.2
2068-07-04,1.52,18.84,11.22,301.9,1331.6,56173.5
2068-07-05,0.0,24.02,13.39,381.2,1535.2,56106.4
2068-07-06,0.0,25.71,12.95,424.6,1491.8,56034.9
2068-07-07,0.0,26.06,14.35,400.6,1634.2,55959.1
2068-07-08,0.0,19.37,13.18,251.9,1514.7,55878.9
2068-07-09,0.0,22.12,10.67,411.9,1283.5,55794.5
2068-07-10,0.0,23.01,8.41,472.9,1102.5,55706.0
2068-07-11,0.0,24.69,6.59,512.1,973.7,55613.4
2068-07-12,0.0,28.13,11.7,480.2,1374.8,55516.8
2068-07-13,3.59,25.79,14.4,294.0,1639.3,55416.2
2068-07-14,0.0,26.97,16.32,370.0,1855.2,55311.7
2068-07-15,10.0,31.31,15.91,338.3,1806.9,55203.4
2068-07-16,0.0,25.06,16.61,317.0,1889.3,55091.5
2068-07-17,12.36,20.15,14.53,176.4,1653.0,54975.8
2068-07-18,3.22,23.21,11.53,317.2,1359.0,54856.7
2068-07-19,0.0,19.76,7.41,449.9,1030.0,54734.0
2068-07-20,0.0,22.61,9.35,459.5,1174.7,54607.9
2068-07-21,0.0,26.04,7.67,511.4,1048.6,54478.5
2068-07-22,0.0,27.7,12.42,468.7,1441.1,54345.9
2068-07-23,10.36,28.13,14.82,322.5,1684.8,54210.1
2068-07-24,8.34,23.17,13.58,267.7,1554.9,54071.2
2068-07-25,0.0,22.79,11.19,408.4,1328.5,53929.4
2068-07-26,0.0,24.95,12.32,417.7,1431.8,53784.6
2068-07-27,0.0,25.6,12.34,422.6,1433.2,53637.0
2068-07-28,0.0,24.99,8.8,469.0,1131.8,53486.6
2068-07-29,0.0,26.47,8.8,481.0,1131.8,53333.6
2068-07-30,0.0,29.08,10.31,481.4,1253.5,53177.9
2068-07-31,0.0,30.8,12.73,463.7,1470.9,53019.8
2068-08-01,0.0,27.22,13.59,405.8,1555.7,52859.2
2068-08-02,0.0,27.87,15.45,377.1,1755.0,52696.3
2068-08-03,3.74,28.56,14.9,297.1,1693.3,52531.0
2068-08-04,0.0,27.32,10.74,446.8,1289.6,52363.6
2068-08-05,10.81,31.56,14.2,329.1,1619.0,52194.1
2068-08-06,9.19,23.68,13.78,237.0,1574.7,52022.5
2068-08-07,0.0,27.61,9.88,452.1,1217.6,51848.9
2068-08-08,1.42,25.56,13.58,354.4,1555.2,51673.3
2068-08-09,0.0,25.89,12.79,377.8,1476.5,51496.0
2068-08-10,23.33,18.9,13.67,135.1,1564.0,51316.8
2068-08-11,8.22,22.91,14.96,197.1,1699.6,51136.0
2068-08-12,3.59,21.72,16.28,139.7,1850.3,50953.4
2068-08-13,0.0,26.42,15.82,328.4,1796.5,50769.4
2068-08-14,0.0,26.71,14.09,374.5,1607.6,50583.7
2068-08-15,8.69,23.05,14.91,202.1,1694.4,50396.6
2068-08-16,7.88,20.55,15.71,125.6,1784.3,50208.2
2068-08-17,2.89,23.66,14.55,221.8,1655.4,50018.3
2068-08-18,0.0,24.06,12.66,353.0,1464.0,49827.2
2068-08-19,0.0,23.85,8.65,423.4,1120.5,49634.9
2068-08-20,0.0,25.17,9.64,424.0,1198.0,49441.3
2068-08-21,0.17,22.41,9.75,382.2,1207.1,49246.7
2068-08-22,0.0,23.89,9.06,413.8,1152.3,49050.9
2068-08-23,0.0,24.17,10.97,381.7,1309.2,48854.2
2068-08-24,0.0,23.78,9.08,405.0,1153.8,48656.4
2068-08-25,0.0,26.32,7.68,443.3,1049.0,48457.8
2068-08-26,0.0,30.36,13.03,412.7,1500.4,48258.2
2068-08-27,14.88,28.84,13.73,289.4,1569.8,48057.8
2068-08-28,3.1,20.97,11.84,214.5,1386.8,47856.6
2068-08-29,0.0,19.8,8.9,335.7,1139.7,47654.7
2068-08-30,3.9,21.89,11.87,234.2,1389.9,47452.0
2068-08-31,4.48,25.68,12.11,280.4,1411.9,47248.7
2068-09-01,0.0,19.36,6.81,369.6,988.6,47044.8
2068-09-02,0.0,21.24,3.85,429.5,804.6,46840.2
2068-09-03,0.0,22.83,6.55,411.4,971.1,46635.1
2068-09-04,0.0,24.28,10.54,371.6,1272.3,46429.5
2068-09-05,0.0,24.2,12.63,328.7,1461.0,46223.4
2068-09-06,0.0,20.31,11.29,281.8,1337.7,46016.8
2068-09-07,0.0,23.82,11.35,346.9,1343.1,45809.8
2068-09-08,14.71,23.32,11.1,256.4,1320.8,45602.5
2068-09-09,5.85,17.56,9.35,193.9,1175.1,45394.8
2068-09-10,0.0,15.83,6.88,278.6,993.0,45186.7
2068-09-11,0.0,18.98,4.68,371.9,852.8,44978.4
2068-09-12,0.0,24.92,6.24,401.8,950.1,44769.9
2068-09-13,0.0,27.1,9.95,377.4,1223.5,44561.1
2068-09-14,0.0,26.18,8.86,375.7,1137.0,44352.1
2068-09-15,2.34,21.18,7.72,247.8,1052.3,44143.0
2068-09-16,0.0,15.42,4.22,295.8,825.8,43933.7
2068-09-17,0.0,19.94,3.05,369.7,760.1,43724.4
2068-09-18,12.04,20.78,6.41,250.5,961.8,43514.9
2068-09-19,14.21,16.93,3.55,242.9,787.6,43305.4
2068-09-20,0.0,15.69,-0.58,359.7,585.2,43095.9
2068-09-21,0.0,15.77,1.62,329.9,686.5,42886.4
2068-09-22,3.9,20.25,7.12,228.4,1009.7,42677.0
2068-09-23,3.0,17.04,6.23,201.0,949.9,42467.6
2068-09-24,0.0,14.73,1.43,313.9,677.2,42258.4
2068-09-25,0.0,16.2,1.94,323.6,702.5,42049.2
2068-09-26,4.39,14.84,4.98,188.1,870.7,41840.3
2068-09-27,0.0,12.4,1.51,270.7,680.9,41631.5
2068-09-28,0.0,13.95,-1.19,327.6,559.8,41422.9
2068-09-29,4.06,11.07,2.54,163.2,733.3,41214.6
2068-09-30,19.51,14.04,7.82,121.0,1059.1,41006.6
2068-10-01,3.25,14.98,8.81,119.7,1132.8,40798.9
2068-10-02,0.0,21.06,8.19,282.4,1086.4,40591.5
2068-10-03,0.0,18.36,4.26,300.9,828.1,40384.6
2068-10-04,15.06,14.55,1.87,214.0,699.0,40178.0
2068-10-05,5.12,17.3,7.13,178.6,1010.7,39971.9
2068-10-06,14.34,15.22,5.03,178.7,873.8,39766.2
2068-10-07,4.2,9.13,4.04,100.2,815.1,39561.1
2068-10-08,3.81,8.18,-0.24,158.2,600.2,39356.6
2068-10-09,0.0,12.21,-2.74,299.4,499.3,39152.6
2068-10-10,20.97,11.53,-1.9,209.4,531.4,38949.3
2068-10-11,3.7,7.94,-1.28,162.9,556.0,38746.6
2068-10-12,2.84,4.26,-2.03,120.2,526.2,38544.7
2068-10-13,0.0,5.2,-2.35,189.4,513.8,38343.5
2068-10-14,8.49,3.94,-1.21,102.8,559.2,38143.1
2068-10-15,11.03,11.72,1.52,176.4,681.7,37943.5
2068-10-16,5.95,10.27,2.13,148.6,712.1,37744.9
2068-10-17,0.0,9.69,-1.39,247.3,551.5,37547.1
2068-10-18,0.0,13.46,-2.82,288.1,496.2,37350.4
2068-10-19,6.97,12.89,0.67,189.0,641.2,37154.6
2068-10-20,15.7,15.68,6.74,151.4,983.8,36959.9
2068-10-21,0.2,13.19,5.37,184.2,894.6,36766.4
2068-10-22,0.0,11.08,4.22,167.3,825.7,36574.0
2068-10-23,0.0,8.39,-0.47,205.6,590.1,36382.9
2068-10-24,0.0,6.01,-3.46,215.9,473.1,36193.1
2068-10-25,0.0,9.65,-5.43,264.9,407.7,36004.6
2068-10-26,0.0,15.79,-1.5,265.0,547.4,35817.5
2068-10-27,0.0,17.1,1.79,249.6,695.1,35631.9
2068-10-28,0.0,11.41,2.06,195.9,708.5,35447.8
2068-10-29,0.0,13.99,8.12,130.8,1080.8,35265.2
2068-10-30,23.39,14.39,9.95,74.7,1223.3,35084.4
2068-10-31,17.45,15.52,9.67,94.4,1200.2,34905.2
2068-11-01,4.01,12.23,6.84,90.2,990.3,34727.8
2068-11-02,0.0,9.15,4.04,117.8,815.3,34552.3
2068-11-03,1.44,7.22,2.54,110.6,733.2,34378.7
2068-11-04,1.28,3.92,-0.25,101.4,599.6,34207.0
2068-11-05,0.0,0.27,-4.78,122.2,428.5,34037.5
2068-11-06,0.0,-0.57,-7.18,151.5,356.6,33870.0
2068-11-07,0.0,2.25,-10.68,219.9,270.9,33704.8
2068-11-08,1.35,0.76,-4.92,130.7,423.8,33541.9
2068-11-09,0.0,3.15,-0.54,89.2,587.2,33381.3
2068-11-10,0.0,1.53,-5.47,155.1,406.4,33223.1
2068-11-11,0.0,-0.24,-7.6,159.0,345.1,33067.5
2068-11-12,0.0,11.67,-2.98,210.3,490.2,32914.4
2068-11-13,4.87,13.59,-1.98,156.3,528.1,32764.0
2068-11-14,0.0,2.06,-4.72,138.5,430.2,32616.4
2068-11-15,0.0,0.34,-7.19,148.9,356.3,32471.6
2068-11-16,0.0,3.78,-5.19,164.5,415.3,32329.7
2068-11-17,0.0,-0.01,-8.01,154.9,334.2,32190.8
2068-11-18,0.0,3.38,-8.91,189.3,311.6,32055.0
2068-11-19,0.0,5.14,-7.39,186.5,350.9,31922.3
2068-11-20,0.0,7.21,-7.59,191.6,345.2,31792.9
2068-11-21,0.0,2.77,-5.15,141.5,416.6,31666.8
2068-11-22,0.0,8.48,-3.07,170.4,487.1,31544.1
2068-11-23,0.0,8.72,-0.94,153.2,570.3,31424.9
2068-11-24,2.51,4.13,-2.48,90.5,509.0,31309.3
2068-11-25,0.0,-1.73,-5.33,74.0,410.8,31197.3
2068-11-26,0.0,-2.87,-8.31,109.1,326.6,31089.0
2068-11-27,0.0,-2.53,-13.0,165.5,224.6,30984.5
2068-11-28,0.0,-2.84,-15.49,174.5,183.1,30883.9
2068-11-29,1.0,-6.32,-15.1,163.2,189.1,30787.2
2068-11-30,0.0,-8.0,-17.02,163.9,161.1,30694.6
2068-12-01,0.0,-5.74,-17.61,183.0,153.2,30606.0
2068-12-02,10.27,5.16,-10.14,144.3,282.8,30521.6
2068-12-03,0.0,4.09,-2.82,124.4,496.2,30441.4
2068-12-04,0.0,6.08,-3.1,148.7,485.9,30365.6
2068-12-05,3.69,7.23,-3.7,121.1,464.8,30294.0
2068-12-06,0.0,-3.88,-10.14,111.9,282.7,30226.9
2068-12-07,0.0,-1.3,-11.0,153.2,264.0,30164.2
2068-12-08,1.74,1.02,-6.34,124.8,380.2,30106.1
2068-12-09,0.0,0.01,-9.36,145.4,300.8,30052.5
2068-12-10,11.89,-1.48,-11.2,112.1,259.9,30003.5
2068-12-11,0.0,-1.8,-11.23,145.2,259.3,29959.2
2068-12-12,0.0,-5.57,-15.03,147.4,190.3,29919.5
2068-12-13,0.0,-2.76,-15.33,170.0,185.6,29884.6
2068-12-14,0.0,0.13,-11.19,160.0,260.1,29854.4
2068-12-15,0.0,-9.82,-16.93,120.4,162.3,29829.0
2068-12-16,0.0,-9.12,-19.73,156.4,127.9,29808.5
2068-12-17,6.6,-1.48,-16.55,133.7,167.6,29792.7
2068-12-18,12.15,0.3,-7.36,93.7,351.5,29781.8
2068-12-19,7.91,-0.27,-2.87,37.0,494.3,29775.7
2068-12-20,0.0,-1.11,-4.23,59.8,446.5,29774.4
2068-12-21,12.18,1.39,-4.11,75.1,450.4,29778.1
2068-12-22,4.81,2.74,-4.52,94.7,437.0,29786.5
2068-12-23,1.14,-5.66,-12.13,119.1,241.1,29799.8
2068-12-24,0.0,-10.81,-16.19,104.0,172.8,29818.0
2068-12-25,0.0,-8.91,-17.49,146.4,154.8,29840.9
2068-12-26,0.0,-7.99,-16.27,142.4,171.5,29868.6
2068-12-27,11.58,-5.44,-16.06,124.6,174.6,29901.2
2068-12-28,1.3,-5.51,-10.68,101.0,270.9,29938.4
2068-12-29,0.0,-6.79,-12.08,104.9,242.1,29980.4
2068-12-30,2.06,-7.16,-13.44,122.6,216.9,30027.0
2068-12-31,1.03,-8.24,-15.47,125.0,185.8,30052.7
2069-01-01,0.0,-9.31,-17.5,127.4,154.6,30078.5
2069-01-02,0.0,-14.97,-21.5,107.0,109.6,30134.3
2069-01-03,0.0,-15.9,-22.29,106.0,102.2,30194.7
2069-01-04,1.57,-6.1,-22.51,192.3,100.3,30259.6
2069-01-05,0.89,-7.79,-20.86,177.6,115.9,30328.9
2069-01-06,0.0,-10.43,-21.96,167.6,105.3,30402.6
2069-01-07,0.0,-13.64,-23.99,158.5,87.8,30480.7
2069-01-08,0.0,0.02,-20.6,208.5,118.6,30562.9
2069-01-09,2.12,-0.25,-9.73,149.6,292.0,30649.4
2069-01-10,0.35,0.66,-8.05,141.3,333.3,30740.0
2069-01-11,0.0,-1.81,-13.26,173.0,220.0,30834.6
2069-01-12,0.0,1.49,-6.76,137.6,368.1,30933.3
2069-01-13,0.0,5.82,-1.05,117.2,565.6,31035.8
2069-01-14,0.0,9.04,-4.63,190.7,433.4,31142.2
2069-01-15,0.0,-5.82,-13.18,131.6,221.5,31252.3
2069-01-16,1.27,-2.58,-13.52,177.2,215.4,31366.2
2069-01-17,0.56,-2.31,-22.18,227.8,103.2,31483.6
2069-01-18,0.0,-14.64,-28.21,206.6,59.6,31604.5
2069-01-19,4.38,-8.06,-22.39,160.5,101.3,31728.9
2069-01-20,5.8,-0.92,-19.91,176.8,125.8,31856.7
2069-01-21,0.0,-14.81,-22.82,154.1,97.6,31987.7
2069-01-22,0.0,-17.21,-29.67,209.8,52.0,32121.9
2069-01-23,0.0,-21.39,-29.72,163.4,51.8,32259.3
2069-01-24,0.0,-19.37,-25.15,122.0,79.1,32399.7
2069-01-25,0.0,-14.2,-22.18,161.8,103.2,32543.0
2069-01-26,0.0,-12.91,-21.07,166.5,113.7,32689.2
2069-01-27,0.0,-11.15,-18.69,158.2,139.8,32838.2
2069-01-28,0.0,-6.57,-21.88,246.6,106.0,32989.9
2069-01-29,0.0,-1.78,-16.97,247.6,161.7,33144.3
2069-01-30,4.82,7.39,-7.61,185.5,344.8,33301.2
2069-01-31,16.26,9.73,-10.73,205.7,269.7,33460.6
2069-02-01,0.0,-11.29,-17.56,142.2,154.0,33622.3
2069-02-02,0.0,-14.27,-22.26,177.6,102.5,33786.4
2069-02-03,0.0,-6.96,-20.65,256.1,118.1,33952.8
2069-02-04,0.0,-7.6,-17.71,218.8,152.0,34121.3
2069-02-05,0.0,-14.52,-22.03,179.5,104.6,34291.9
2069-02-06,2.11,-7.7,-21.03,265.6,114.2,34464.5
2069-02-07,0.0,-16.43,-27.63,249.9,63.0,34639.0
2069-02-08,0.0,-13.94,-29.81,294.6,51.3,34815.5
2069-02-09,3.54,-11.24,-19.99,161.0,125.0,34993.8
2069-02-10,0.0,-3.95,-15.88,264.9,177.2,35173.8
2069-02-11,4.35,-1.92,-18.9,233.8,137.3,35355.5
2069-02-12,2.39,0.84,-8.16,165.2,330.3,35538.8
2069-02-13,0.0,-1.16,-5.42,118.1,408.1,35723.7
2069-02-14,0.0,-0.01,-11.48,270.3,254.0,35910.0
2069-02-15,0.06,-0.7,-9.61,230.9,294.9,36097.8
2069-02-16,2.25,-0.16,-8.34,168.5,325.8,36287.0
2069-02-17,3.95,-7.44,-11.45,94.4,254.8,36477.5
2069-02-18,0.0,-6.48,-13.21,206.9,220.9,36669.2
2069-02-19,0.0,0.01,-12.31,318.2,237.6,36862.2
2069-02-20,20.54,-0.3,-5.83,135.5,395.4,37056.3
2069-02-21,2.23,0.0,-4.42,113.9,440.2,37251.5
2069-02-22,0.0,-0.45,-10.27,295.8,279.9,37447.8
2069-02-23,2.11,-3.0,-15.06,334.8,189.8,37645.0
2069-02-24,1.26,-1.74,-9.32,250.4,301.7,37843.2
2069-02-25,0.0,1.87,-11.68,357.3,250.0,38042.3
2069-02-26,0.0,3.76,-14.99,394.6,190.8,38242.3
2069-02-27,0.0,4.02,-13.02,390.2,224.3,38443.1
2069-02-28,20.48,-1.35,-6.89,149.7,364.5,38644.7
2069-03-01,2.08,0.67,-4.02,176.6,453.6,38847.0
2069-03-02,3.34,1.24,-3.12,130.6,485.1,39050.0
2069-03-03,3.58,2.54,-1.62,126.6,542.4,39253.6
2069-03-04,1.24,3.4,-0.52,162.1,588.0,39457.9
2069-03-05,0.0,3.11,-1.43,192.8,550.2,39662.7
2069-03-06,0.0,1.77,-2.58,191.3,505.1,39868.1
2069-03-07,0.0,-0.93,-3.75,132.8,462.9,40074.0
2069-03-08,0.0,4.73,-6.72,401.8,369.3,40280.3
2069-03-09,0.0,4.92,-7.43,418.0,349.7,40487.1
2069-03-10,0.0,2.18,-7.56,384.3,346.1,40694.3
2069-03-11,0.0,7.1,-1.64,358.5,541.8,40901.8
2069-03-12,9.64,5.96,1.21,171.2,666.6,41109.7
2069-03-13,4.1,5.75,-0.06,212.1,608.2,41317.8
2069-03-14,0.0,2.03,-6.51,382.1,375.2,41526.3
2069-03-15,0.0,-4.49,-11.54,342.3,252.9,41734.9
2069-03-16,0.0,-4.83,-13.37,394.8,218.0,41943.8
2069-03-17,0.02,-9.69,-16.27,338.6,171.5,42152.9
2069-03-18,0.0,-5.22,-17.38,471.5,156.3,42362.1
2069-03-19,7.23,-2.71,-16.18,365.6,172.9,42571.4
2069-03-20,13.08,-3.62,-11.54,289.8,252.8,42780.8
2069-03-21,0.0,-0.5,-9.02,408.7,308.9,42990.3
2069-03-22,2.41,-0.07,-12.61,368.7,231.9,43199.8
2069-03-23,3.14,1.21,-6.86,295.2,365.5,43409.3
2069-03-24,0.0,4.57,-7.0,478.4,361.4,43618.7
2069-03-25,0.0,3.15,-4.86,397.7,425.7,43828.1
2069-03-26,2.55,3.39,-5.9,329.1,393.5,44037.5
2069-03-27,2.66,6.06,-1.1,279.9,563.5,44246.7
2069-03-28,0.0,8.44,-0.74,446.4,578.8,44455.7
2069-03-29,0.0,7.11,-2.12,458.8,522.7,44664.6
2069-03-30,0.0,6.51,-6.15,524.0,385.9,44873.3
2069-03-31,0.0,9.13,-7.24,553.5,348.7,45081.7
2069-04-01,5.04,4.83,-3.03,307.7,488.4,45289.9
2069-04-02,0.0,-1.74,-10.01,430.5,285.6,45497.8
2069-04-03,0.0,-2.17,-12.47,488.3,234.6,45705.3
2069-04-04,0.0,5.15,-7.56,527.2,346.2,45912.5
2069-04-05,2.44,3.79,-4.57,315.4,435.4,46119.2
2069-04-06,0.0,-2.38,-9.52,378.3,297.0,46325.6
2069-04-07,0.0,2.94,-11.49,557.6,253.8,46531.4
2069-04-08,0.0,4.23,-4.25,429.2,445.9,46736.8
2069-04-09,3.03,2.83,-2.9,240.0,493.2,46941.7
2069-04-10,0.0,5.9,-1.71,403.3,538.7,47145.9
2069-04-11,0.0,1.12,-5.42,362.9,408.1,47349.6
2069-04-12,6.35,4.01,-6.65,379.8,371.3,47552.6
2069-04-13,3.75,3.29,-2.72,254.1,499.9,47754.9
2069-04-14,1.96,3.92,-0.92,281.5,571.0,47956.4
2069-04-15,0.0,9.2,-1.88,517.6,532.0,48157.2
2069-04-16,4.14,7.83,1.32,270.6,671.6,48357.2
2069-04-17,0.0,7.17,-1.36,450.4,552.7,48556.4
2069-04-18,1.28,6.99,-4.91,548.7,424.2,48754.6
2069-04-19,0.0,18.42,1.88,591.6,615.0,48951.8
2069-04-20,5.15,12.11,0.45,396.8,631.1,49148.1
2069-04-21,0.0,4.25,-5.29,488.9,412.0,49343.3
2069-04-22,0.0,10.45,-6.75,612.8,343.6,49537.4
2069-04-23,0.0,13.16,-3.83,608.4,415.4,49730.4
2069-04-24,1.47,13.65,2.35,514.9,684.0,49922.1
2069-04-25,1.76,11.03,0.41,500.9,616.8,50112.6
2069-04-26,0.0,13.1,-3.56,603.8,426.6,50301.8
2069-04-27,0.0,15.57,-3.3,618.1,419.8,50489.6
2069-04-28,0.0,18.62,-1.58,621.1,460.4,50675.9
2069-04-29,0.0,20.54,0.08,619.0,509.3,50860.8
2069-04-30,0.0,21.28,1.06,615.7,542.9,51044.1
2069-05-01,0.0,23.26,2.63,612.8,587.1,51225.8
2069-05-02,0.0,18.67,4.37,538.8,696.4,51405.8
2069-05-03,0.0,20.1,-0.25,613.1,464.1,51584.1
2069-05-04,0.0,22.42,1.05,615.6,495.1,51760.6
2069-05-05,0.0,26.62,2.93,620.2,539.8,51935.1
2069-05-06,0.0,27.01,6.14,592.8,688.8,52107.8
2069-05-07,0.0,27.78,8.24,573.2,804.3,52278.4
2069-05-08,0.0,26.68,6.28,580.6,697.7,52446.9
2069-05-09,2.59,18.78,10.41,237.2,1261.5,52613.2
2069-05-10,3.43,15.9,8.54,214.2,1112.0,52777.3
2069-05-11,15.42,11.99,6.62,162.6,975.8,52939.1
2069-05-12,12.08,14.04,6.33,227.2,956.2,53098.5
2069-05-13,0.0,10.93,0.95,383.5,654.3,53255.4
2069-05-14,0.0,9.91,-1.65,429.2,541.0,53409.7
2069-05-15,1.11,16.71,-0.71,545.3,515.7,53561.4
2069-05-16,6.67,11.42,3.44,229.2,781.7,53710.5
2069-05-17,0.0,11.93,2.58,351.2,735.5,53856.7
2069-05-18,0.0,13.87,-0.73,492.1,554.2,54000.0
2069-05-19,0.0,16.78,-1.25,550.1,493.9,54140.4
2069-05-20,8.54,11.64,4.21,213.6,825.2,54277.8
2069-05-21,0.0,16.21,6.48,354.7,966.4,54412.0
2069-05-22,4.71,12.62,7.23,159.6,1017.6,54543.1
2069-05-23,15.7,15.54,7.33,236.3,1024.2,54670.8
2069-05-24,18.21,11.64,6.72,150.8,982.4,54795.2
2069-05-25,31.12,6.52,3.94,82.0,809.8,54916.2
2069-05-26,11.37,10.27,3.65,187.5,793.1,55033.6
2069-05-27,0.0,10.97,2.07,332.3,709.2,55147.4
2069-05-28,0.0,19.33,-0.34,524.6,590.1,55257.6
2069-05-29,8.33,21.52,3.16,380.7,765.9,55364.0
2069-05-30,3.71,22.47,9.38,320.0,1177.1,55466.5
2069-05-31,17.33,25.62,13.34,302.8,1530.6,55565.2
2069-06-01,4.49,23.45,11.12,310.4,1322.3,55659.8
2069-06-02,34.11,20.6,10.11,286.6,1236.5,55750.4
2069-06-03,0.0,23.39,10.77,432.6,1292.4,55836.9
2069-06-04,0.0,16.86,6.84,394.6,990.2,55919.2
2069-06-05,0.0,16.89,4.07,467.9,816.7,55997.2
2069-06-06,0.0,19.49,2.19,526.8,715.1,56070.9
2069-06-07,3.86,17.72,7.14,317.0,1011.0,56140.2
2069-06-08,14.21,13.3,8.11,181.0,1080.2,56205.1
2069-06-09,0.5,13.25,6.91,291.2,995.6,56265.6
2069-06-10,0.0,24.13,4.26,537.3,827.7,56321.4
2069-06-11,3.78,17.93,9.08,272.4,1153.8,56372.7
2069-06-12,3.6,19.36,9.12,301.2,1157.0,56419.4
2069-06-13,0.0,22.12,4.85,519.1,862.9,56461.3
2069-06-14,5.15,24.06,7.28,381.2,1021.1,56498.6
2069-06-15,0.0,20.37,7.26,461.1,1019.6,56531.2
2069-06-16,9.64,16.95,3.86,349.7,804.7,56558.9
2069-06-17,1.65,17.0,9.04,330.6,1150.2,56581.9
2069-06-18,0.0,17.88,7.68,405.7,1049.2,56600.1
2069-06-19,0.0,19.78,5.13,491.6,880.0,56613.4
2069-06-20,0.0,22.96,5.69,514.2,914.9,56621.9
2069-06-21,0.0,22.5,8.79,459.6,1131.6,56625.6
2069-06-22,0.0,24.2,5.37,520.1,895.0,56624.3
2069-06-23,0.0,25.53,10.07,469.4,1232.8,56618.3
2069-06-24,0.0,27.08,13.39,425.7,1536.0,56607.4
2069-06-25,10.61,28.07,13.94,319.7,1591.6,56591.7
2069-06-26,12.86,15.14,9.7,157.4,1203.1,56571.1
2069-06-27,13.0,12.36,7.89,137.7,1064.4,56545.8
2069-06-28,28.61,11.98,8.46,114.8,1106.4,56515.6
2069-06-29,14.45,17.56,10.04,226.4,1230.9,56480.7
2069-06-30,0.0,23.45,12.53,393.4,1451.2,56441.1
2069-07-01,0.0,22.75,11.41,407.0,1348.3,56396.8
2069-07-02,0.0,21.42,9.64,420.7,1198.3,56347.9
2069-07-03,0.0,27.29,12.29,463.9,1428.5,56294.3
2069-07-04,0.0,29.92,16.27,426.4,1849.3,56236.2
2069-07-05,0.0,29.99,19.11,363.4,2210.9,56173.5
2069-07-06,0.0,29.93,17.69,399.9,2023.3,56106.4
2069-07-07,0.0,25.95,15.42,373.5,1750.6,56034.9
2069-07-08,0.0,24.39,11.13,438.4,1323.3,55959.1
2069-07-09,0.0,24.09,8.49,475.6,1108.4,55878.9
2069-07-10,0.67,23.33,12.95,372.2,1492.2,55794.5
2069-07-11,0.0,24.93,12.02,426.2,1403.5,55706.0
2069-07-12,0.0,25.65,8.11,495.1,1080.4,55613.4
2069-07-13,0.0,29.57,8.86,512.5,1136.5,55516.8
2069-07-14,0.0,31.56,12.78,485.6,1475.8,55416.2
2069-07-15,0.0,32.73,16.01,452.3,1818.0,55311.7
2069-07-16,0.0,29.06,16.52,391.3,1878.2,55203.4
2069-07-17,19.03,28.96,13.44,333.7,1540.6,55091.5
2069-07-18,0.0,25.59,14.83,354.9,1685.8,54975.8
2069-07-19,11.38,25.32,14.58,267.7,1658.6,54856.7
2069-07-20,2.45,25.35,13.15,296.8,1511.9,54734.0
2069-07-21,0.0,19.27,7.79,397.2,1057.2,54607.9
2069-07-22,0.0,24.13,6.43,494.0,963.1,54478.5
2069-07-23,13.44,20.18,10.82,255.1,1296.1,54345.9
2069-07-24,2.51,23.63,10.67,316.4,1283.5,54210.1
2069-07-25,0.0,21.9,7.2,458.6,1015.2,54071.2
2069-07-26,12.77,17.67,10.08,214.5,1233.8,53929.4
2069-07-27,0.0,22.13,11.95,351.2,1397.6,53784.6
2069-07-28,0.0,24.23,11.52,401.5,1358.3,53637.0
2069-07-29,6.58,19.94,13.41,176.5,1537.6,53486.6
2069-07-30,5.95,22.45,12.62,250.6,1460.3,53333.6
2069-07-31,0.0,24.89,10.55,429.2,1273.5,53177.9
2069-08-01,0.0,26.64,11.39,436.6,1346.7,53019.8
2069-08-02,27.74,19.63,12.86,182.8,1483.8,52859.2
2069-08-03,12.99,18.99,11.85,195.4,1388.4,52696.3
2069-08-04,10.09,21.83,10.99,273.3,1310.9,52531.0
2069-08-05,11.67,18.27,10.53,212.7,1271.5,52363.6
2069-08-06,0.0,23.23,7.1,460.9,1008.6,52194.1
2069-08-07,0.0,25.38,9.64,447.0,1198.0,52022.5
2069-08-08,5.97,20.1,11.43,229.6,1349.7,51848.9
2069-08-09,5.36,19.85,14.03,160.2,1600.9,51673.3
2069-08-10,0.0,19.59,12.19,270.7,1419.8,51496.0
2069-08-11,0.0,23.22,8.78,437.4,1130.9,51316.8
2069-08-12,6.16,22.69,10.96,292.6,1308.7,51136.0
2069-08-13,10.47,18.27,9.18,253.6,1161.6,50953.4
2069-08-14,3.35,19.07,10.39,246.2,1259.9,50769.4
2069-08-15,0.0,21.55,9.28,411.5,1169.1,50583.7
2069-08-16,0.0,21.46,9.4,408.0,1178.9,50396.6
2069-08-17,0.0,21.39,8.19,426.6,1086.6,50208.2
2069-08-18,0.0,25.92,8.49,465.0,1108.4,50018.3
2069-08-19,0.0,24.97,13.17,382.0,1513.8,49827.2
2069-08-20,3.73,23.44,13.29,260.7,1525.2,49634.9
2069-08-21,0.0,28.96,14.39,416.0,1639.0,49441.3
2069-08-22,17.45,25.3,15.2,254.0,1727.0,49246.7
2069-08-23,7.03,18.76,9.42,253.2,1180.3,49050.9
2069-08-24,0.0,23.0,6.04,458.3,937.1,48854.2
2069-08-25,0.0,24.71,6.96,455.7,998.6,48656.4
2069-08-26,2.44,20.95,11.17,248.8,1327.2,48457.8
2069-08-27,0.0,24.09,13.04,353.2,1501.0,48258.2
2069-08-28,4.42,22.19,12.14,248.3,1414.5,48057.8
2069-08-29,0.0,18.47,8.24,342.5,1089.7,47856.6
2069-08-30,0.88,20.93,4.89,434.8,865.5,47654.7
2069-08-31,3.58,23.67,11.6,274.9,1365.4,47452.0
2069-09-01,0.0,23.27,14.06,298.3,1604.3,47248.7
2069-09-02,25.65,15.96,11.46,123.6,1352.9,47044.8
2069-09-03,11.65,21.38,11.08,246.7,1318.9,46840.2
2069-09-04,0.0,21.31,7.86,385.8,1062.2,46635.1
2069-09-05,0.0,14.14,3.7,343.0,795.7,46429.5
2069-09-06,0.0,18.54,1.83,429.2,697.1,46223.4
2069-09-07,4.49,18.88,7.27,264.2,1020.3,46016.8
2069-09-08,1.67,13.21,4.39,293.4,835.8,45809.8
2069-09-09,0.0,18.94,2.64,410.7,738.5,45602.5
2069-09-10,0.42,19.98,8.18,341.4,1085.4,45394.8
2069-09-11,11.27,23.12,11.95,239.3,1397.5,45186.7
2069-09-12,19.96,19.48,13.88,135.5,1585.5,44978.4
2069-09-13,10.31,18.03,11.93,148.7,1395.0,44769.9
2069-09-14,3.43,11.15,7.15,106.1,1011.8,44561.1
2069-09-15,3.56,16.98,6.7,234.8,981.2,44352.1
2069-09-16,4.73,11.07,2.75,206.4,744.4,44143.0
2069-09-17,0.0,16.19,0.3,395.9,624.2,43933.7
2069-09-18,0.0,20.67,3.93,390.7,809.1,43724.4
2069-09-19,0.0,22.3,5.85,379.8,925.1,43514.9
2069-09-20,0.0,17.6,8.42,274.9,1103.7,43305.4
2069-09-21,0.0,22.24,10.44,315.0,1263.8,43095.9
2069-09-22,25.2,18.51,8.93,207.5,1142.0,42886.4
2069-09-23,4.95,8.14,5.7,67.4,915.8,42677.0
2069-09-24,0.77,10.42,5.21,179.2,884.6,42467.6
2069-09-25,0.0,12.46,5.68,224.1,914.3,42258.4
2069-09-26,0.0,14.39,6.66,247.2,978.1,42049.2
2069-09-27,0.0,20.06,6.02,344.6,935.9,41840.3
2069-09-28,0.0,22.84,4.46,367.7,839.6,41631.5
2069-09-29,0.0,23.14,5.93,355.9,930.1,41422.9
2069-09-30,0.0,21.72,5.48,347.0,901.7,41214.6
2069-10-01,0.0,22.34,4.59,350.7,847.6,41006.6
2069-10-02,0.0,22.07,7.37,319.6,1027.0,40798.9
2069-10-03,0.0,17.59,7.3,261.8,1022.2,40591.5
2069-10-04,0.0,13.75,3.4,267.2,779.4,40384.6
2069-10-05,0.0,12.85,0.1,301.5,615.1,40178.0
2069-10-06,0.0,13.1,-1.82,322.3,534.3,39971.9
2069-10-07,11.89,17.95,3.84,227.8,804.0,39766.2
2069-10-08,0.0,12.42,4.05,217.6,815.8,39561.1
2069-10-09,0.0,16.94,0.15,320.8,617.4,39356.6
2069-10-10,0.0,21.0,2.94,318.0,754.4,39152.6
2069-10-11,0.0,19.74,4.63,293.5,849.9,38949.3
2069-10-12,0.0,13.67,3.31,236.5,774.4,38746.6
2069-10-13,0.0,14.48,0.71,276.3,642.9,38544.7
2069-10-14,3.02,11.9,2.31,160.7,721.5,38343.5
2069-10-15,0.0,13.96,2.98,231.7,756.5,38143.1
2069-10-16,0.0,12.92,2.92,214.1,753.0,37943.5
2069-10-17,3.65,16.02,6.7,149.2,980.7,37744.9
2069-10-18,5.95,12.32,6.36,103.9,958.0,37547.1
2069-10-19,0.0,13.36,5.32,180.8,891.9,37350.4
2069-10-20,5.83,10.13,4.11,106.4,819.0,37154.6
2069-10-21,2.15,11.2,2.19,148.9,714.9,36959.9
2069-10-22,4.18,10.34,2.23,136.0,717.0,36766.4
2069-10-23,0.0,6.72,-1.58,182.5,543.9,36574.0
2069-10-24,0.0,3.84,-1.74,128.3,537.6,36382.9
2069-10-25,0.0,6.5,-1.34,169.2,553.9,36193.1
2069-10-26,1.24,5.43,-2.74,173.4,499.1,36004.6
2069-10-27,1.41,6.41,0.25,135.6,622.0,35817.5
2069-10-28,3.79,2.07,-3.38,94.4,476.0,35631.9
2069-10-29,0.0,0.49,-5.75,144.5,397.9,35447.8
2069-10-30,0.0,3.38,-6.35,203.1,379.9,35265.2
2069-10-31,9.42,9.26,-4.85,181.0,426.1,35084.4
2069-11-01,7.42,16.76,3.72,167.2,797.2,34905.2
2069-11-02,0.0,7.78,-1.36,186.1,553.1,34727.8
2069-11-03,0.0,2.73,-5.07,167.1,419.0,34552.3
2069-11-04,0.0,2.31,-6.58,183.1,373.5,34378.7
2069-11-05,0.0,3.9,-7.56,210.9,346.2,34207.0
2069-11-06,0.0,10.19,-1.23,204.3,558.0,34037.5
2069-11-07,3.65,10.95,0.1,146.4,615.1,33870.0
2069-11-08,0.0,2.46,-1.97,100.7,528.5,33704.8
2069-11-09,0.0,0.29,-2.43,66.6,511.0,33541.9
2069-11-10,4.36,-0.64,-3.8,58.8,461.1,33381.3
2069-11-11,1.54,0.33,-2.05,61.1,525.6,33223.1
2069-11-12,1.25,-0.29,-6.62,162.8,372.2,33067.5
2069-11-13,0.0,-1.97,-8.05,158.0,333.3,32914.4
2069-11-14,0.0,1.58,-6.81,194.1,366.9,32764.0
2069-11-15,0.0,5.8,0.16,129.0,617.7,32616.4
2069-11-16,0.0,8.65,-1.18,182.2,560.1,32471.6
2069-11-17,4.8,8.95,-4.27,149.9,445.0,32329.7
2069-11-18,17.69,11.27,1.97,126.4,703.7,32190.8
2069-11-19,0.0,3.86,-3.22,143.6,481.7,32055.0
2069-11-20,0.0,-1.99,-7.61,121.7,344.7,31922.3
2069-11-21,0.0,5.48,-9.59,195.9,295.4,31792.9
2069-11-22,4.21,2.45,-4.99,107.7,421.6,31666.8
2069-11-23,4.21,0.32,-7.23,120.3,355.0,31544.1
2069-11-24,0.0,-8.43,-9.87,41.4,288.8,31424.9
2069-11-25,0.7,-7.1,-11.21,99.5,259.6,31309.3
2069-11-26,4.07,-0.01,-9.44,135.6,299.0,31197.3
2069-11-27,41.94,7.08,-5.84,147.8,395.3,31089.0
2069-11-28,2.61,-0.89,-8.82,118.2,313.6,30984.5
2069-11-29,0.0,-8.08,-13.99,128.4,207.2,30883.9
2069-11-30,0.61,-7.9,-16.0,161.5,175.5,30787.2
2069-12-01,1.25,-2.61,-10.77,160.9,268.8,30694.6
2069-12-02,3.88,-1.06,-6.95,96.0,363.0,30606.0
2069-12-03,3.56,1.12,-2.61,64.0,504.0,30521.6
2069-12-04,0.0,0.1,-3.13,75.3,485.0,30441.4
2069-12-05,2.4,3.73,-4.47,118.7,438.4,30365.6
2069-12-06,0.0,3.44,-3.69,144.7,465.1,30294.0
2069-12-07,0.0,-3.22,-9.82,140.4,289.9,30226.9
2069-12-08,0.0,-7.52,-15.62,158.8,181.1,30164.2
2069-12-09,3.14,-7.85,-18.73,134.2,139.3,30106.1
2069-12-10,0.0,-2.96,-14.24,176.0,203.1,30052.5
2069-12-11,0.69,-6.84,-19.59,180.9,129.4,30003.5
2069-12-12,0.9,-17.12,-24.57,141.4,83.4,29959.2
2069-12-13,0.19,-13.56,-24.39,170.3,84.7,29919.5
2069-12-14,0.0,-17.27,-27.7,167.4,62.6,29884.6
2069-12-15,13.54,-11.22,-22.84,131.1,97.3,29854.4
2069-12-16,0.61,-11.28,-22.82,172.9,97.5,29829.0
2069-12-17,0.0,-14.17,-25.12,170.1,79.3,29808.5
2069-12-18,0.74,-9.01,-20.68,172.4,117.8,29792.7
2069-12-19,1.23,-9.04,-17.32,144.7,157.1,29781.8
2069-12-20,5.33,-12.3,-16.6,65.2,166.8,29775.7
2069-12-21,5.6,-8.88,-14.0,78.1,207.2,29774.4
2069-12-22,13.91,-9.86,-12.97,51.0,225.3,29778.1
2069-12-23,3.18,-7.01,-11.9,77.3,245.6,29786.5
2069-12-24,0.43,-7.66,-12.54,101.8,233.4,29799.8
2069-12-25,0.0,-12.47,-21.01,155.2,114.3,29818.0
2069-12-26,3.41,-11.32,-22.39,132.6,101.3,29840.9
2069-12-27,0.0,-8.17,-20.99,184.8,114.6,29868.6
2069-12-28,0.0,-3.2,-17.67,188.9,152.4,29901.2
2069-12-29,3.44,-9.94,-16.39,95.4,169.9,29938.4
2069-12-30,1.22,-9.5,-20.76,177.3,116.9,29980.4
2069-12-31,0.17,-18.46,-24.2,117.6,86.2,30027.0
2070-01-01,0.0,-17.74,-29.7,162.6,51.8,30078.5
2070-01-02,0.0,-26.06,-34.41,131.0,32.8,30134.3
2070-01-03,0.0,-22.56,-32.14,145.2,41.0,30194.7
2070-01-04,2.15,-13.01,-30.06,142.8,50.1,30259.6
2070-01-05,5.05,-5.45,-17.89,128.0,149.6,30328.9
2070-01-06,24.27,4.7,-9.49,136.4,297.7,30402.6
2070-01-07,0.0,-7.59,-17.46,154.1,155.2,30480.7
2070-01-08,0.0,-11.13,-19.77,142.7,127.4,30562.9
2070-01-09,0.0,-12.12,-19.82,132.1,126.8,30649.4
2070-01-10,0.0,-5.98,-19.85,189.7,126.5,30740.0
2070-01-11,20.16,5.07,-13.6,157.3,214.0,30834.6
2070-01-12,0.83,5.26,-4.02,152.1,453.6,30933.3
2070-01-13,0.0,2.59,-5.24,136.6,413.6,31035.8
2070-01-14,7.0,3.58,-3.53,95.6,470.7,31142.2
2070-01-15,0.0,1.97,-3.39,100.5,475.4,31252.3
2070-01-16,0.93,0.13,-2.94,61.4,491.9,31366.2
2070-01-17,2.75,0.06,-3.65,55.3,466.4,31483.6
2070-01-18,0.0,0.29,-7.69,147.1,342.6,31604.5
2070-01-19,3.2,-3.94,-12.65,120.9,231.3,31728.9
2070-01-20,0.0,-7.01,-20.83,213.7,116.2,31856.7
2070-01-21,0.0,-17.88,-26.15,161.4,72.2,31987.7
2070-01-22,0.0,-17.12,-28.22,198.7,59.6,32121.9
2070-01-23,0.0,-15.18,-24.29,177.1,85.5,32259.3
2070-01-24,0.0,-15.47,-25.86,196.2,74.1,32399.7
2070-01-25,7.16,-6.56,-21.08,175.9,113.7,32543.0
2070-01-26,0.11,-7.6,-21.74,234.4,107.3,32689.2
2070-01-27,6.47,-7.19,-24.94,192.4,80.6,32838.2
2070-01-28,0.0,-14.35,-23.48,191.3,91.9,32989.9
2070-01-29,0.0,-10.5,-25.51,250.6,76.6,33144.3
2070-01-30,0.0,-8.32,-22.93,251.6,96.5,33301.2
2070-01-31,0.0,-1.41,-15.76,250.4,179.0,33460.6
2070-02-01,6.04,-2.03,-16.03,189.1,175.1,33622.3
2070-02-02,2.32,-1.43,-9.25,133.5,303.3,33786.4
2070-02-03,0.0,-5.91,-18.04,245.4,147.7,33952.8
2070-02-04,0.0,-6.9,-21.57,270.1,108.9,34121.3
2070-02-05,0.0,-10.63,-18.68,195.7,139.9,34291.9
2070-02-06,0.0,-11.2,-22.44,248.0,100.8,34464.5
2070-02-07,0.0,-7.56,-19.32,255.4,132.4,34639.0
2070-02-08,0.0,-8.81,-17.47,212.4,155.1,34815.5
2070-02-09,0.0,-10.18,-23.46,278.9,92.1,34993.8
2070-02-10,0.0,-10.8,-21.67,258.5,108.0,35173.8
2070-02-11,0.0,-13.72,-23.67,248.7,90.4,35355.5
2070-02-12,0.0,-6.66,-21.6,303.6,108.6,35538.8
2070-02-13,7.47,-3.75,-18.52,229.0,141.8,35723.7
2070-02-14,11.86,-3.93,-11.53,154.3,253.0,35910.0
2070-02-15,3.98,-6.75,-14.76,162.6,194.5,36097.8
2070-02-16,1.91,-8.9,-13.81,142.8,210.4,36287.0
2070-02-17,0.0,-9.81,-18.16,229.8,146.3,36477.5
2070-02-18,0.84,-7.22,-25.87,350.0,74.0,36669.2
2070-02-19,3.9,-1.36,-16.24,246.8,172.0,36862.2
2070-02-20,1.47,0.74,-9.39,266.3,300.0,37056.3
2070-02-21,10.79,-0.75,-14.68,246.6,195.8,37251.5
2070-02-22,0.0,3.72,-6.52,273.5,375.0,37447.8
2070-02-23,0.0,0.41,-7.55,230.8,346.3,37645.0
2070-02-24,0.36,-4.57,-14.48,282.1,199.1,37843.2
2070-02-25,0.0,-10.54,-18.47,246.0,142.5,38042.3
2070-02-26,1.87,-9.61,-24.47,369.2,84.1,38242.3
2070-02-27,0.0,-10.97,-25.42,368.0,77.2,38443.1
2070-02-28,0.0,-10.46,-23.9,360.8,88.6,38644.7
2070-03-01,1.17,-8.58,-25.64,398.9,75.7,38847.0
2070-03-02,0.0,-8.62,-24.49,393.8,84.0,39050.0
2070-03-03,0.0,-14.53,-27.09,361.1,66.2,39253.6
2070-03-04,0.0,-11.53,-27.98,406.0,60.9,39457.9
2070-03-05,0.0,-13.22,-29.71,409.8,51.8,39662.7
2070-03-06,0.0,-7.6,-25.57,423.8,76.1,39868.1
2070-03-07,0.0,2.25,-22.95,451.2,96.4,40074.0
2070-03-08,0.0,0.61,-15.05,401.3,190.0,40280.3
2070-03-09,0.0,-6.47,-19.33,368.6,132.3,40487.1
2070-03-10,0.0,-1.96,-18.14,413.6,146.5,40694.3
2070-03-11,1.25,-0.06,-11.11,335.4,261.7,40901.8
2070-03-12,11.74,-3.24,-10.73,189.7,269.9,41109.7
2070-03-13,5.8,-11.92,-16.15,117.5,173.3,41317.8
2070-03-14,1.87,-4.8,-21.0,442.5,114.5,41526.3
2070-03-15,3.42,1.98,-10.76,295.8,269.2,41734.9
2070-03-16,0.0,-5.63,-15.25,330.4,186.8,41943.8
2070-03-17,0.0,-9.01,-22.14,410.1,103.6,42152.9
2070-03-18,0.0,-4.53,-21.11,457.9,113.4,42362.1
2070-03-19,0.0,-1.61,-20.86,483.1,115.9,42571.4
2070-03-20,15.64,-0.57,-10.31,251.8,278.9,42780.8
2070-03-21,2.08,0.64,-4.76,204.1,428.9,42990.3
2070-03-22,3.11,-3.6,-13.7,269.8,212.3,43199.8
2070-03-23,1.74,-6.74,-17.84,392.4,150.3,43409.3
2070-03-24,0.0,-9.61,-23.21,448.6,94.2,43618.7
2070-03-25,0.0,-3.64,-24.32,529.3,85.2,43828.1
2070-03-26,0.0,-2.34,-20.63,510.0,118.2,44037.5
2070-03-27,0.0,-3.31,-16.18,426.6,172.9,44246.7
2070-03-28,2.88,0.91,-11.31,311.6,257.5,44455.7
2070-03-29,0.0,2.96,-4.88,295.3,425.1,44664.6
2070-03-30,13.86,-2.53,-4.94,83.7,423.1,44873.3
2070-03-31,0.0,0.75,-4.62,223.2,433.6,45081.7
2070-04-01,0.0,6.5,-9.1,506.2,306.9,45289.9
2070-04-02,0.0,4.28,-11.31,510.0,257.6,45497.8
2070-04-03,0.0,1.33,-7.88,371.1,337.7,45705.3
2070-04-04,0.0,6.91,-10.09,537.7,283.9,45912.5
2070-04-05,8.44,2.08,-3.01,170.4,489.4,46119.2
2070-04-06,0.0,3.97,-3.06,318.3,487.3,46325.6
2070-04-07,0.0,12.26,-2.99,532.4,481.0,46531.4
2070-04-08,13.31,5.14,-0.42,197.9,592.3,46736.8
2070-04-09,0.0,2.91,-4.04,333.4,453.1,46941.7
2070-04-10,0.0,9.4,-9.88,591.1,288.7,47145.9
2070-04-11,0.0,10.55,-3.23,522.0,481.2,47349.6
2070-04-12,0.0,9.98,-4.27,528.4,437.8,47552.6
2070-04-13,12.44,1.69,-6.62,289.8,372.2,47754.9
2070-04-14,0.14,12.68,-0.77,522.2,565.3,47956.4
2070-04-15,12.74,12.6,0.15,374.6,617.2,48157.2
2070-04-16,4.63,0.36,-9.77,342.6,291.2,48357.2
2070-04-17,0.0,4.26,-11.84,587.4,246.8,48556.4
2070-04-18,0.0,7.19,-5.52,530.4,405.0,48754.6
2070-04-19,0.0,5.43,-1.62,348.8,542.4,48951.8
2070-04-20,0.0,8.69,-4.21,533.0,447.1,49148.1
2070-04-21,0.0,15.63,-0.19,575.7,553.0,49343.3
2070-04-22,12.61,7.59,-0.6,291.4,584.6,49537.4
2070-04-23,12.01,4.57,0.28,167.8,623.4,49730.4
2070-04-24,11.71,1.38,-0.69,96.3,580.9,49922.1
2070-04-25,0.0,6.64,-2.12,447.8,522.6,50112.6
2070-04-26,0.0,8.2,-2.85,523.7,495.2,50301.8
2070-04-27,0.0,9.33,-0.12,475.1,605.2,50489.6
2070-04-28,0.0,6.84,0.25,362.1,621.7,50675.9
2070-04-29,0.0,8.62,-1.01,479.0,567.1,50860.8
2070-04-30,0.0,11.62,-2.13,576.7,512.5,51044.1
2070-05-01,8.19,6.67,1.35,222.1,673.4,51225.8
2070-05-02,0.0,12.93,3.12,485.5,764.1,51405.8
2070-05-03,1.7,12.71,1.83,518.2,696.9,51584.1
2070-05-04,9.28,9.89,2.53,302.4,732.6,51760.6
2070-05-05,4.56,11.73,2.56,351.8,734.5,51935.1
2070-05-06,0.0,13.7,2.0,539.7,703.1,52107.8
2070-05-07,0.0,15.45,0.14,606.8,584.8,52278.4
2070-05-08,0.0,12.3,-0.42,562.1,590.1,52446.9
2070-05-09,3.48,16.13,-2.25,473.2,517.6,52613.2
2070-05-10,6.41,20.02,4.98,436.9,870.6,52777.3
2070-05-11,3.51,14.83,5.82,333.3,923.1,52939.1
2070-05-12,1.48,7.35,0.88,356.8,650.8,53098.5
2070-05-13,0.0,16.55,-2.34,637.5,486.2,53255.4
2070-05-14,1.54,10.43,2.29,422.2,720.3,53409.7
2070-05-15,0.0,22.68,6.54,595.5,878.2,53561.4
2070-05-16,0.0,24.6,11.35,535.8,1218.6,53710.5
2070-05-17,10.81,16.89,11.38,216.5,1345.6,53856.7
2070-05-18,10.08,16.06,7.78,313.8,1056.0,54000.0
2070-05-19,12.44,10.26,7.37,127.0,1026.8,54140.4
2070-05-20,7.29,11.88,7.04,205.4,1004.3,54277.8
2070-05-21,3.99,17.0,8.35,332.8,1098.0,54412.0
2070-05-22,2.73,17.03,9.13,309.7,1157.6,54543.1
2070-05-23,0.0,15.66,7.45,424.7,1032.5,54670.8
2070-05-24,0.0,14.4,7.06,385.3,1005.7,54795.2
2070-05-25,4.3,17.55,5.95,388.2,931.5,54916.2
2070-05-26,4.62,19.95,5.82,419.2,923.4,55033.6
2070-05-27,0.0,10.9,3.93,370.0,808.9,55147.4
2070-05-28,0.0,17.91,2.38,581.3,700.6,55257.6
2070-05-29,0.0,22.57,1.76,613.7,638.1,55364.0
2070-05-30,5.04,19.82,6.94,390.6,997.4,55466.5
2070-05-31,0.0,19.39,6.75,510.9,981.0,55565.2
2070-06-01,0.0,23.41,4.59,587.3,789.6,55659.8
2070-06-02,0.0,23.72,9.46,469.5,1182.6,55750.4
2070-06-03,0.0,25.82,11.06,468.0,1303.0,55836.9
2070-06-04,2.84,20.11,9.94,287.5,1222.8,55919.2
2070-06-05,3.67,17.85,11.33,202.4,1341.4,55997.2
2070-06-06,11.92,15.7,11.45,141.0,1352.2,56070.9
2070-06-07,0.0,23.75,11.25,442.3,1333.6,56140.2
2070-06-08,0.0,27.04,9.58,508.0,1169.5,56205.1
2070-06-09,0.0,24.88,10.21,479.0,1244.9,56265.6
2070-06-10,0.0,21.81,7.89,474.0,1064.5,56321.4
2070-06-11,0.0,24.62,6.25,520.1,922.1,56372.7
2070-06-12,11.27,21.3,8.83,332.9,1134.4,56419.4
2070-06-13,11.59,16.69,9.38,228.8,1177.1,56461.3
2070-06-14,7.76,16.66,10.04,214.2,1230.2,56498.6
2070-06-15,0.0,17.69,8.81,368.1,1133.1,56531.2
2070-06-16,0.0,21.43,5.65,503.5,912.3,56558.9
2070-06-17,0.0,25.11,10.09,478.6,1234.6,56581.9
2070-06-18,4.37,21.76,13.04,251.9,1501.3,56600.1
2070-06-19,0.0,18.37,8.58,375.0,1115.1,56613.4
2070-06-20,0.0,15.03,5.64,369.4,911.6,56621.9
2070-06-21,0.0,17.65,7.43,387.1,1031.2,56625.6
2070-06-22,0.0,22.88,9.18,452.6,1161.5,56624.3
2070-06-23,0.0,25.97,7.08,513.3,974.3,56618.3
2070-06-24,35.51,26.05,12.49,323.4,1447.6,56607.4
2070-06-25,14.46,23.02,14.3,238.6,1629.0,56591.7
2070-06-26,0.0,23.05,11.68,391.6,1372.7,56571.1
2070-06-27,0.0,27.31,7.82,512.1,1059.0,56545.8
2070-06-28,0.0,28.96,9.47,507.1,1184.1,56515.6
2070-06-29,0.0,29.56,12.28,477.3,1427.9,56480.7
2070-06-30,0.0,29.92,13.67,459.3,1564.0,56441.1
2070-07-01,0.0,30.49,17.6,396.6,2011.5,56396.8
2070-07-02,0.0,30.35,20.37,325.9,2390.8,56347.9
2070-07-03,10.71,28.67,18.02,265.4,2065.0,56294.3
2070-07-04,14.96,20.44,13.97,186.0,1594.6,56236.2
2070-07-05,21.32,16.16,9.59,195.1,1194.1,56173.5
2070-07-06,0.0,20.91,8.65,417.3,1121.0,56106.4
2070-07-07,4.8,20.13,15.48,135.6,1757.3,56034.9
2070-07-08,2.48,27.11,16.6,271.1,1888.5,55959.1
2070-07-09,2.8,25.52,17.07,232.2,1945.1,55878.9
2070-07-10,0.0,21.61,10.97,389.4,1309.5,55794.5
2070-07-11,0.0,24.34,8.32,488.9,1096.0,55706.0
2070-07-12,0.0,26.1,9.99,482.5,1226.4,55613.4
2070-07-13,10.34,25.19,11.73,328.2,1377.2,55516.8
2070-07-14,0.0,25.54,13.95,392.0,1592.8,55416.2
2070-07-15,5.85,26.87,11.5,344.2,1356.2,55311.7
2070-07-16,12.03,23.87,16.09,214.6,1827.3,55203.4
2070-07-17,0.0,22.74,12.79,360.3,1476.9,55091.5
2070-07-18,0.0,23.87,11.36,419.1,1343.4,54975.8
2070-07-19,0.0,26.35,11.05,459.8,1316.3,54856.7
2070-07-20,0.0,24.93,12.85,400.0,1482.0,54734.0
2070-07-21,0.0,26.65,14.5,393.9,1650.0,54607.9
2070-07-22,0.0,28.83,14.3,433.2,1628.8,54478.5
2070-07-23,3.61,26.66,14.17,302.4,1615.3,54345.9
2070-07-24,0.0,21.12,9.22,408.0,1164.8,54210.1
2070-07-25,0.0,24.86,8.37,475.5,1099.8,54071.2
2070-07-26,0.0,24.66,12.08,406.1,1409.2,53929.4
2070-07-27,22.55,24.01,12.77,285.6,1474.2,53784.6
2070-07-28,32.23,20.59,15.18,158.4,1724.6,53637.0
2070-07-29,7.94,19.63,12.14,221.2,1415.0,53486.6
2070-07-30,0.0,21.85,9.38,430.6,1177.0,53333.6
2070-07-31,11.46,23.5,11.59,309.6,1364.5,53177.9
2070-08-01,3.44,24.45,11.11,326.9,1322.0,53019.8
2070-08-02,0.0,25.83,12.96,420.2,1492.8,52859.2
2070-08-03,0.0,25.8,14.72,376.5,1674.5,52696.3
2070-08-04,4.43,25.9,13.47,302.0,1543.9,52531.0
2070-08-05,1.81,25.07,12.95,398.0,1492.5,52363.6
2070-08-06,0.0,23.0,11.75,379.4,1379.0,52194.1
2070-08-07,0.0,23.91,9.21,442.7,1163.7,52022.5
2070-08-08,1.92,23.4,10.68,404.2,1284.7,51848.9
2070-08-09,0.0,24.09,11.59,395.1,1364.7,51673.3
2070-08-10,0.0,26.55,10.13,452.8,1238.4,51496.0
2070-08-11,0.0,25.44,10.99,426.3,1310.7,51316.8
2070-08-12,0.0,26.3,10.84,437.1,1297.8,51136.0
2070-08-13,7.94,21.91,12.45,241.6,1443.6,50953.4
2070-08-14,14.52,18.31,12.28,168.4,1428.3,50769.4
2070-08-15,0.22,20.29,9.31,368.1,1171.4,50583.7
2070-08-16,5.06,18.26,10.89,201.6,1302.4,50396.6
2070-08-17,0.81,17.39,11.46,223.2,1353.1,50208.2
2070-08-18,0.0,20.32,10.69,338.1,1285.0,50018.3
2070-08-19,0.0,23.05,10.34,400.6,1255.8,49827.2
2070-08-20,0.0,25.58,10.72,426.2,1288.0,49634.9
2070-08-21,0.0,22.99,11.01,382.7,1313.2,49441.3
2070-08-22,0.0,21.8,11.74,341.1,1378.1,49246.7
2070-08-23,0.0,23.99,10.34,408.0,1256.0,49050.9
2070-08-24,0.0,28.46,12.62,424.1,1460.4,48854.2
2070-08-25,0.0,29.64,13.12,424.6,1508.5,48656.4
2070-08-26,0.0,28.21,13.69,399.3,1565.7,48457.8
2070-08-27,0.0,23.71,14.48,298.9,1647.8,48258.2
2070-08-28,0.77,17.91,9.3,293.2,1170.9,48057.8
2070-08-29,0.0,20.9,4.32,436.8,831.3,47856.6
2070-08-30,0.0,22.41,6.65,419.8,977.8,47654.7
2070-08-31,4.78,20.89,13.35,187.3,1531.2,47452.0
2070-09-01,1.02,21.37,15.51,197.7,1761.4,47248.7
2070-09-02,10.64,25.04,16.15,209.4,1835.0,47044.8
2070-09-03,19.16,23.57,13.15,241.1,1512.1,46840.2
2070-09-04,0.0,24.19,10.25,384.3,1248.0,46635.1
2070-09-05,0.0,27.05,13.7,362.8,1566.5,46429.5
2070-09-06,9.62,23.45,9.86,281.6,1216.0,46223.4
2070-09-07,0.0,18.31,4.25,391.2,827.5,46016.8
2070-09-08,0.0,17.96,1.53,416.7,682.1,45809.8
2070-09-09,0.0,21.75,4.64,413.1,850.4,45602.5
2070-09-10,0.0,21.72,5.83,397.0,923.6,45394.8
2070-09-11,7.95,17.01,8.38,205.4,1100.6,45186.7
2070-09-12,0.0,13.67,3.4,317.1,779.1,44978.4
2070-09-13,6.32,11.44,0.03,254.0,612.0,44769.9
2070-09-14,2.01,10.67,4.43,207.6,837.9,44561.1
2070-09-15,0.0,13.96,3.94,301.9,809.6,44352.1
2070-09-16,2.85,15.5,5.1,227.5,878.1,44143.0
2070-09-17,3.53,12.48,3.99,195.6,812.4,43933.7
2070-09-18,0.0,9.5,0.73,271.1,643.7,43724.4
2070-09-19,0.0,10.54,-2.4,352.0,512.0,43514.9
2070-09-20,3.32,12.45,1.84,229.8,697.6,43305.4
2070-09-21,3.26,22.72,9.06,251.6,1152.0,43095.9
2070-09-22,6.13,18.25,8.33,208.2,1096.5,42886.4
2070-09-23,1.93,11.2,2.55,260.4,733.6,42677.0
2070-09-24,0.0,16.6,-1.0,380.9,567.9,42467.6
2070-09-25,0.0,22.1,2.97,377.6,755.7,42258.4
2070-09-26,0.0,23.53,6.58,353.5,972.8,42049.2
2070-09-27,0.0,22.38,8.42,318.6,1103.4,41840.3
2070-09-28,0.0,26.81,8.87,345.7,1137.6,41631.5
2070-09-29,5.96,13.58,4.78,180.1,858.7,41422.9
2070-09-30,0.0,8.29,2.95,156.6,755.0,41214.6
2070-10-01,0.0,14.67,2.45,295.3,728.3,41006.6
2070-10-02,0.0,14.69,0.85,312.5,649.6,40798.9
2070-10-03,0.0,15.41,0.18,322.3,618.6,40591.5
2070-10-04,9.28,14.86,3.38,203.7,778.0,40384.6
2070-10-05,22.94,15.1,3.61,201.9,791.1,40178.0
2070-10-06,0.0,15.04,0.4,307.1,628.8,39971.9
2070-10-07,5.3,14.18,2.99,195.2,757.0,39766.2
2070-10-08,16.67,14.43,6.5,149.1,967.3,39561.1
2070-10-09,0.05,9.66,3.66,161.0,793.6,39356.6
2070-10-10,0.0,10.66,3.34,193.0,775.9,39152.6
2070-10-11,0.0,10.42,0.22,247.6,620.4,38949.3
2070-10-12,0.0,11.18,-0.72,269.1,579.3,38746.6
2070-10-13,0.0,16.33,-0.44,305.5,591.3,38544.7
2070-10-14,0.0,21.0,1.97,306.0,703.9,38343.5
2070-10-15,5.36,18.97,8.22,169.4,1088.4,38143.1
2070-10-16,7.73,13.81,10.5,61.3,1268.9,37943.5
2070-10-17,38.03,16.8,10.02,115.7,1229.3,37744.9
2070-10-18,9.26,15.36,6.64,144.2,977.1,37547.1
2070-10-19,1.0,6.23,1.35,120.4,673.2,37350.4
2070-10-20,0.0,7.47,-1.73,206.7,537.9,37154.6
2070-10-21,0.0,7.67,-3.79,238.3,461.4,36959.9
2070-10-22,0.0,9.79,-1.55,231.4,545.2,36766.4
2070-10-23,4.87,7.53,2.34,91.6,722.9,36574.0
2070-10-24,13.27,7.26,3.18,74.7,767.3,36382.9
2070-10-25,2.97,7.58,2.79,88.7,746.5,36193.1
2070-10-26,3.36,6.5,3.11,66.2,763.4,36004.6
2070-10-27,0.72,7.72,2.3,136.4,720.9,35817.5
2070-10-28,1.31,8.93,2.4,162.0,726.1,35631.9
2070-10-29,4.49,10.83,4.62,114.7,849.1,35447.8
2070-10-30,0.0,8.51,1.68,164.5,689.5,35265.2
2070-10-31,0.0,4.48,1.0,92.4,656.7,35084.4
2070-11-01,0.0,3.47,-0.39,103.6,593.6,34905.2
2070-11-02,8.55,1.47,-2.39,79.8,512.4,34727.8
2070-11-03,0.0,2.26,-2.56,130.5,505.8,34552.3
2070-11-04,5.38,4.8,-4.88,159.8,425.2,34378.7
2070-11-05,5.63,9.52,-0.69,160.1,580.8,34207.0
2070-11-06,6.51,7.48,1.92,107.4,701.6,34037.5
2070-11-07,11.31,1.67,-2.59,87.1,504.7,33870.0
2070-11-08,0.0,-0.31,-5.3,132.8,411.6,33704.8
2070-11-09,0.0,2.45,-4.26,163.9,445.4,33541.9
2070-11-10,0.0,5.13,-4.24,197.0,446.2,33381.3
2070-11-11,0.0,4.17,-3.59,177.0,468.6,33223.1
2070-11-12,3.28,3.34,-1.25,91.1,557.4,33067.5
2070-11-13,0.0,3.04,-1.61,126.2,542.7,32914.4
2070-11-14,0.0,1.34,-5.36,166.4,409.9,32764.0
2070-11-15,0.0,-1.83,-8.61,166.0,318.9,32616.4
2070-11-16,0.51,-1.16,-10.21,211.2,281.2,32471.6
2070-11-17,7.81,-0.42,-3.87,70.8,458.9,32329.7
2070-11-18,0.0,0.03,-6.05,148.1,388.8,32190.8
2070-11-19,0.0,-2.61,-10.61,174.5,272.4,32055.0
2070-11-20,0.91,-2.45,-12.08,207.7,242.0,31922.3
2070-11-21,0.0,-5.17,-12.9,188.2,226.6,31792.9
2070-11-22,2.16,-0.74,-14.87,166.3,192.8,31666.8
2070-11-23,0.0,3.68,-4.28,179.1,444.7,31544.1
2070-11-24,12.46,11.99,-0.76,137.7,577.7,31424.9
2070-11-25,0.0,10.46,2.96,144.0,755.5,31309.3
2070-11-26,7.18,2.1,-3.36,88.9,476.6,31197.3
2070-11-27,3.74,-4.48,-10.41,106.5,276.7,31089.0
2070-11-28,0.0,-7.16,-14.77,165.8,194.4,30984.5
2070-11-29,1.1,-6.7,-16.32,184.1,170.8,30883.9
2070-11-30,1.4,3.05,-11.96,201.3,244.4,30787.2
2070-12-01,1.07,2.96,-9.99,192.8,286.0,30694.6
2070-12-02,3.0,-9.38,-17.5,119.8,154.6,30606.0
2070-12-03,5.9,-0.92,-14.35,144.5,201.2,30521.6
2070-12-04,0.46,-2.34,-16.69,192.8,165.6,30441.4
2070-12-05,0.0,-9.79,-24.31,193.1,85.4,30365.6
2070-12-06,2.0,-2.81,-15.18,180.8,187.9,30294.0
2070-12-07,0.0,-7.89,-19.26,173.4,133.1,30226.9
2070-12-08,0.0,-10.94,-24.2,181.6,86.2,30164.2
2070-12-09,12.39,-1.98,-16.75,139.2,164.8,30106.1
2070-12-10,26.5,0.16,-5.64,78.2,401.2,30052.5
2070-12-11,7.0,2.52,-0.83,47.0,574.6,30003.5
2070-12-12,5.97,1.72,-0.38,31.6,594.1,29959.2
2070-12-13,0.23,1.71,-0.38,41.9,594.1,29919.5
2070-12-14,0.0,0.61,-1.96,50.4,529.0,29884.6
2070-12-15,0.0,-2.39,-4.91,50.7,424.0,29854.4
2070-12-16,0.0,-3.15,-5.34,45.9,410.5,29829.0
2070-12-17,11.86,-0.9,-4.18,48.6,448.2,29808.5
2070-12-18,6.25,-2.89,-4.86,31.6,425.8,29792.7
2070-12-19,0.0,-3.35,-10.89,134.0,266.3,29781.8
2070-12-20,0.0,-7.0,-15.1,141.9,189.2,29775.7
2070-12-21,0.0,-6.27,-11.32,99.0,257.4,29774.4
2070-12-22,0.0,-4.16,-8.89,95.4,312.2,29778.1
2070-12-23,0.0,-1.06,-5.43,89.1,407.7,29786.5
2070-12-24,17.11,1.7,-3.19,74.9,482.9,29799.8
2070-12-25,7.64,5.73,0.01,84.6,611.0,29818.0
2070-12-26,0.0,3.16,-0.43,75.7,592.1,29840.9
2070-12-27,0.0,1.7,-3.18,100.9,483.2,29868.6
2070-12-28,1.96,2.59,-4.26,132.2,445.3,29901.2
2070-12-29,0.0,-5.36,-17.47,178.4,155.0,29938.4
2070-12-30,0.0,-15.88,-24.43,159.2,84.4,29980.4
2070-12-31,0.0,-13.5,-25.71,183.0,75.1,30027.0
2071-01-01,0.0,-6.26,-18.63,154.2,140.5,30078.5
2071-01-02,1.39,-6.85,-18.03,145.9,147.9,30134.3
2071-01-03,7.56,-14.61,-26.04,113.8,72.9,30194.7
2071-01-04,11.37,-4.31,-19.25,132.7,133.2,30259.6
2071-01-05,0.0,-4.15,-19.87,181.6,126.3,30328.9
2071-01-06,0.0,-18.79,-28.06,134.6,60.5,30402.6
2071-01-07,0.74,-13.3,-26.26,169.1,71.5,30480.7
2071-01-08,0.88,-19.12,-31.75,169.2,42.6,30562.9
2071-01-09,2.01,-8.66,-24.04,187.5,87.5,30649.4
2071-01-10,0.0,-12.03,-19.6,118.0,129.3,30740.0
2071-01-11,0.0,-8.23,-19.99,165.4,125.0,30834.6
2071-01-12,2.54,-5.88,-15.48,108.7,183.3,30933.3
2071-01-13,0.0,-13.85,-24.95,163.7,80.5,31035.8
2071-01-14,0.0,-10.69,-27.88,206.2,61.5,31142.2
2071-01-15,0.0,-8.97,-26.72,210.2,68.5,31252.3
2071-01-16,1.71,-5.11,-23.63,214.5,90.7,31366.2
2071-01-17,0.0,-16.28,-24.15,132.2,86.6,31483.6
2071-01-18,5.44,3.8,-19.8,173.5,127.0,31604.5
2071-01-19,3.93,5.01,-8.02,142.2,334.0,31728.9
2071-01-20,0.0,-7.18,-16.3,153.5,171.2,31856.7
2071-01-21,0.0,-8.75,-19.36,174.4,131.9,31987.7
2071-01-22,0.0,-6.59,-21.88,217.2,106.0,32121.9
2071-01-23,0.0,-4.47,-19.02,214.3,135.8,32259.3
2071-01-24,0.0,-1.62,-9.27,138.6,302.9,32399.7
2071-01-25,0.0,-4.51,-14.09,169.5,205.7,32543.0
2071-01-26,0.0,-13.1,-23.2,180.3,94.2,32689.2
2071-01-27,5.9,-13.31,-21.57,118.1,108.9,32838.2
2071-01-28,0.77,-9.75,-17.58,151.7,153.6,32989.9
2071-01-29,0.0,-4.85,-21.37,246.0,110.8,33144.3
2071-01-30,6.47,-3.72,-16.17,164.1,173.0,33301.2
2071-01-31,2.09,-11.36,-17.75,134.8,151.4,33460.6
2071-02-01,0.0,-15.75,-23.84,169.4,89.0,33622.3
2071-02-02,2.49,-20.55,-28.96,134.9,55.6,33786.4
2071-02-03,0.0,-13.69,-26.97,246.5,66.9,33952.8
2071-02-04,1.26,-8.61,-26.69,281.0,68.7,34121.3
2071-02-05,0.0,-9.36,-24.29,264.6,85.5,34291.9
2071-02-06,0.0,-14.35,-25.31,227.7,78.0,34464.5
2071-02-07,0.0,-13.04,-25.37,248.1,77.5,34639.0
2071-02-08,0.0,-16.0,-27.49,242.6,63.8,34815.5
2071-02-09,0.0,-13.37,-29.38,287.8,53.5,34993.8
2071-02-10,0.0,-8.17,-22.6,277.4,99.4,35173.8
2071-02-11,0.0,-11.58,-24.05,259.8,87.4,35355.5
2071-02-12,1.27,-13.87,-21.35,182.0,111.0,35538.8
2071-02-13,0.0,-16.49,-24.67,202.6,82.6,35723.7
2071-02-14,0.0,-15.35,-29.42,295.4,53.2,35910.0
2071-02-15,2.73,-15.75,-23.23,150.1,94.0,36097.8
2071-02-16,0.0,-14.43,-19.31,139.3,132.6,36287.0
2071-02-17,0.0,-10.45,-22.65,295.4,99.0,36477.5
2071-02-18,0.0,-5.56,-19.75,319.5,127.6,36669.2
2071-02-19,8.89,-7.84,-18.34,208.7,144.0,36862.2
2071-02-20,3.03,-8.91,-16.35,165.1,170.4,37056.3
2071-02-21,2.2,-8.72,-22.44,250.3,100.9,37251.5
2071-02-22,0.0,-3.77,-16.83,328.9,163.7,37447.8
2071-02-23,0.0,-9.53,-22.02,325.7,104.6,37645.0
2071-02-24,0.0,-13.9,-28.27,350.9,59.3,37843.2
2071-02-25,2.69,-6.25,-20.41,263.3,120.5,38042.3
2071-02-26,0.0,-12.31,-22.46,294.7,100.7,38242.3
2071-02-27,0.0,-10.48,-27.02,378.4,66.6,38443.1
2071-02-28,0.0,-5.2,-23.73,393.8,89.9,38644.7
2071-03-01,0.0,-3.3,-19.63,381.6,128.9,38847.0
2071-03-02,0.0,-3.97,-16.36,336.4,170.3,39050.0
2071-03-03,4.46,-5.95,-19.72,270.4,128.0,39253.6
2071-03-04,1.44,-0.56,-12.45,330.9,234.9,39457.9
2071-03-05,0.0,-8.81,-20.17,329.3,123.1,39662.7
2071-03-06,0.0,-7.8,-28.54,431.0,57.8,39868.1
2071-03-07,0.0,-3.45,-19.61,402.6,129.2,40074.0
2071-03-08,0.64,-3.52,-16.7,367.9,165.5,40280.3
2071-03-09,0.72,-2.79,-18.7,406.5,139.7,40487.1
2071-03-10,0.0,3.06,-17.45,442.0,155.3,40694.3
2071-03-11,0.7,5.91,-8.97,393.9,310.0,40901.8
2071-03-12,0.0,-2.08,-12.79,330.9,228.7,41109.7
2071-03-13,0.0,-6.0,-18.2,367.5,145.7,41317.8
2071-03-14,2.04,-1.73,-19.79,444.3,127.2,41526.3
2071-03-15,7.7,-3.77,-13.91,242.8,208.7,41734.9
2071-03-16,0.0,1.76,-14.23,430.1,203.2,41943.8
2071-03-17,6.72,-1.92,-13.61,272.4,213.9,42152.9
2071-03-18,0.0,-8.38,-13.57,184.7,214.6,42362.1
2071-03-19,0.0,-5.89,-14.86,305.0,193.0,42571.4
2071-03-20,0.0,3.05,-18.14,492.6,146.6,42780.8
2071-03-21,4.34,1.25,-10.44,279.7,276.1,42990.3
2071-03-22,2.18,-6.48,-15.95,242.5,176.3,43199.8
2071-03-23,0.0,-6.51,-16.56,344.2,167.5,43409.3
2071-03-24,0.0,1.03,-15.11,463.4,189.0,43618.7
2071-03-25,0.0,5.1,-14.83,503.0,193.4,43828.1
2071-03-26,0.0,5.96,-5.76,382.6,397.5,44037.5
2071-03-27,0.0,2.92,-4.98,284.6,421.9,44246.7
2071-03-28,0.0,-0.74,-10.97,358.9,264.8,44455.7
2071-03-29,0.0,3.12,-14.03,494.8,206.5,44664.6
2071-03-30,1.47,2.52,-7.68,366.8,342.9,44873.3
2071-03-31,0.0,0.65,-6.58,282.2,373.4,45081.7
2071-04-01,0.0,-2.38,-12.29,374.7,238.0,45289.9
2071-04-02,3.03,2.28,-12.4,363.4,236.0,45497.8
2071-04-03,3.95,11.96,-4.08,373.5,433.7,45705.3
2071-04-04,6.39,0.35,-9.23,278.0,303.8,45912.5
2071-04-05,0.0,-5.47,-17.71,455.3,151.9,46119.2
2071-04-06,0.0,0.21,-21.34,576.6,104.8,46325.6
2071-04-07,0.0,2.82,-14.96,545.9,172.5,46531.4
2071-04-08,0.0,2.88,-13.66,533.2,191.6,46736.8
2071-04-09,0.0,5.99,-9.26,517.8,258.4,46941.7
2071-04-10,10.84,3.67,-3.65,232.4,466.5,47145.9
2071-04-11,0.0,5.29,-0.85,266.6,573.8,47349.6
2071-04-12,0.0,11.43,-1.43,479.5,460.2,47552.6
2071-04-13,1.04,17.55,-1.71,573.6,368.9,47754.9
2071-04-14,1.14,12.33,1.42,429.7,580.9,47956.4
2071-04-15,0.0,6.4,-1.6,345.9,543.2,48157.2
2071-04-16,0.0,10.88,-3.95,530.3,362.5,48357.2
2071-04-17,0.0,16.64,0.09,547.7,433.7,48556.4
2071-04-18,0.0,8.87,-1.72,424.5,481.1,48754.6
2071-04-19,0.0,8.96,-2.14,449.2,442.0,48951.8
2071-04-20,3.96,10.25,-4.59,400.2,379.1,49148.1
2071-04-21,16.18,7.13,0.39,223.5,628.4,49343.3
2071-04-22,2.31,12.79,-0.69,377.6,542.7,49537.4
2071-04-23,10.9,7.34,0.68,225.0,641.7,49730.4
2071-04-24,5.29,3.51,-0.3,141.7,597.6,49922.1
2071-04-25,1.09,6.54,-0.48,332.2,589.9,50112.6
2071-04-26,3.92,8.03,1.16,243.8,664.4,50301.8
2071-04-27,2.41,10.54,1.16,314.8,664.2,50489.6
2071-04-28,0.0,11.0,1.86,419.0,664.8,50675.9
2071-04-29,0.0,9.76,3.5,306.9,784.6,50860.8
2071-04-30,0.0,10.17,2.03,385.5,694.2,51044.1
2071-05-01,0.0,14.81,1.27,538.8,532.0,51225.8
2071-05-02,0.0,18.74,-0.43,609.2,412.9,51405.8
2071-05-03,0.0,20.36,-0.72,620.4,390.5,51584.1
2071-05-04,1.7,26.53,3.79,618.9,490.5,51760.6
2071-05-05,0.0,16.06,3.97,488.0,654.8,51935.1
2071-05-06,0.0,16.74,0.57,574.0,462.8,52107.8
2071-05-07,0.0,17.23,2.71,547.7,549.0,52278.4
2071-05-08,1.27,11.08,4.67,306.8,852.0,52446.9
2071-05-09,5.81,14.19,4.54,324.3,822.7,52613.2
2071-05-10,4.14,14.23,6.92,257.1,995.8,52777.3
2071-05-11,6.08,13.52,3.09,340.6,753.3,52939.1
2071-05-12,15.68,18.24,5.28,383.9,824.0,53098.5
2071-05-13,0.0,12.67,1.24,492.1,612.5,53255.4
2071-05-14,0.0,18.15,1.05,586.1,525.8,53409.7
2071-05-15,0.0,21.77,3.32,589.9,591.6,53561.4
2071-05-16,2.32,21.53,6.97,396.2,924.4,53710.5
2071-05-17,1.14,16.19,8.49,348.7,1100.2,53856.7
2071-05-18,4.56,19.16,7.64,350.4,1023.8,54000.0
2071-05-19,4.9,18.46,8.87,307.5,1137.5,54140.4
2071-05-20,0.6,14.32,7.25,330.3,1018.8,54277.8
2071-05-21,0.0,17.25,2.89,537.4,628.5,54412.0
2071-05-22,2.08,12.51,1.92,411.2,678.6,54543.1
2071-05-23,0.0,11.98,0.08,442.0,582.9,54670.8
2071-05-24,0.0,20.75,3.2,513.9,629.3,54795.2
2071-05-25,4.75,25.46,5.62,388.6,821.9,54916.2
2071-05-26,3.55,24.6,11.53,314.1,1336.9,55033.6
2071-05-27,8.72,26.44,12.99,314.2,1459.7,55147.4
2071-05-28,6.56,23.53,11.71,292.2,1375.2,55257.6
2071-05-29,0.0,23.04,6.17,486.5,824.1,55364.0
2071-05-30,8.53,26.6,10.81,339.2,1269.6,55466.5
2071-05-31,1.7,14.81,6.12,314.6,942.5,55565.2
2071-06-01,0.0,15.89,4.8,388.1,860.0,55659.8
2071-06-02,9.51,8.39,4.25,129.6,827.3,55750.4
2071-06-03,1.57,11.99,3.04,353.6,759.7,55836.9
2071-06-04,0.0,19.6,4.3,487.6,765.2,55919.2
2071-06-05,3.87,19.05,6.9,321.4,994.5,55997.2
2071-06-06,0.0,15.93,5.15,404.7,880.9,56070.9
2071-06-07,0.0,20.07,1.91,522.2,632.1,56140.2
2071-06-08,17.85,13.18,7.97,160.9,1070.3,56205.1
2071-06-09,16.37,16.07,10.56,167.4,1273.7,56265.6
2071-06-10,10.03,19.66,11.82,227.7,1385.6,56321.4
2071-06-11,11.78,20.75,10.99,273.7,1310.9,56372.7
2071-06-12,0.0,23.14,13.34,360.5,1531.0,56419.4
2071-06-13,0.0,23.31,11.04,427.8,1315.4,56461.3
2071-06-14,0.0,19.78,7.41,444.2,1029.9,56498.6
2071-06-15,0.0,24.62,4.08,538.5,765.7,56531.2
2071-06-16,17.46,16.84,9.33,228.7,1173.4,56558.9
2071-06-17,0.0,20.74,6.03,481.2,936.5,56581.9
2071-06-18,12.19,24.62,9.67,353.1,1200.2,56600.1
2071-06-19,13.76,17.44,7.83,274.6,1059.8,56613.4
2071-06-20,0.0,20.34,3.69,505.3,795.4,56621.9
2071-06-21,6.95,15.04,8.92,188.1,1141.0,56625.6
2071-06-22,0.0,19.74,10.11,364.6,1236.4,56624.3
2071-06-23,10.92,15.17,8.6,207.2,1116.6,56618.3
2071-06-24,0.0,21.39,10.61,406.4,1278.7,56607.4
2071-06-25,0.0,17.83,7.66,401.4,1047.5,56591.7
2071-06-26,7.36,17.7,5.66,336.9,912.7,56571.1
2071-06-27,0.0,23.53,6.52,511.7,969.0,56545.8
2071-06-28,14.0,18.29,9.25,276.3,1167.1,56515.6
2071-06-29,5.2,16.67,9.64,230.4,1198.4,56480.7
2071-06-30,0.0,23.72,10.29,464.6,1251.0,56441.1
2071-07-01,14.15,19.29,12.82,209.5,1479.6,56396.8
2071-07-02,0.0,17.13,11.47,250.1,1353.3,56347.9
2071-07-03,0.0,22.48,9.11,466.2,1156.0,56294.3
2071-07-04,0.0,23.49,9.35,476.6,1174.9,56236.2
2071-07-05,0.0,23.38,10.71,449.6,1286.6,56173.5
2071-07-06,0.0,26.77,11.39,481.5,1346.1,56106.4
2071-07-07,0.0,28.15,13.06,473.0,1502.5,56034.9
2071-07-08,5.99,20.76,10.91,287.0,1304.4,55959.1
2071-07-09,0.0,23.33,7.44,493.4,1032.1,55878.9
2071-07-10,0.0,25.03,10.82,458.7,1296.2,55794.5
2071-07-11,0.0,25.67,10.29,472.7,1251.0,55706.0
2071-07-12,0.0,25.4,12.19,432.7,1419.5,55613.4
2071-07-13,0.0,25.55,9.08,484.4,1153.4,55516.8
2071-07-14,9.65,28.64,13.03,344.0,1499.8,55416.2
2071-07-15,9.83,18.56,8.89,273.9,1139.4,55311.7
2071-07-16,0.0,19.09,6.21,441.4,948.5,55203.4
2071-07-17,0.0,24.02,6.05,504.2,938.1,55091.5
2071-07-18,9.99,17.43,11.3,184.2,1338.7,54975.8
2071-07-19,16.79,16.34,12.62,117.6,1460.5,54856.7
2071-07-20,16.93,19.2,12.87,194.2,1484.5,54734.0
2071-07-21,14.77,21.38,13.98,219.0,1595.6,54607.9
2071-07-22,0.0,21.6,12.77,339.9,1474.2,54478.5
2071-07-23,5.72,20.14,9.83,288.2,1213.4,54345.9
2071-07-24,8.07,14.64,11.41,107.5,1348.6,54210.1
2071-07-25,0.0,18.64,9.63,355.0,1197.5,54071.2
2071-07-26,5.82,16.55,10.78,185.0,1292.6,53929.4
2071-07-27,7.61,23.94,14.25,276.0,1624.0,53784.6
2071-07-28,0.0,26.71,14.39,420.2,1638.1,53637.0
2071-07-29,0.0,25.33,10.37,466.7,1257.7,53486.6
2071-07-30,18.87,27.64,10.98,358.8,1310.4,53333.6
2071-07-31,0.0,26.3,14.32,402.0,1631.4,53177.9
2071-08-01,9.4,23.07,12.43,282.4,1442.3,53019.8
2071-08-02,0.0,24.45,10.59,440.8,1276.9,52859.2
2071-08-03,21.85,28.14,12.82,337.1,1479.9,52696.3
2071-08-04,0.0,25.36,14.5,372.2,1649.8,52531.0
2071-08-05,2.3,21.68,11.93,267.6,1395.2,52363.6
2071-08-06,2.65,20.38,10.36,277.7,1257.1,52194.1
2071-08-07,0.0,21.97,10.01,410.9,1228.4,52022.5
2071-08-08,3.43,22.82,12.29,282.5,1429.2,51848.9
2071-08-09,0.0,20.3,10.39,369.6,1259.7,51673.3
2071-08-10,0.0,24.12,8.45,467.8,1105.8,51496.0
2071-08-11,8.0,20.36,11.34,258.1,1341.9,51316.8
2071-08-12,3.18,20.18,12.65,226.4,1462.8,51136.0
2071-08-13,0.0,22.07,13.25,341.9,1521.9,50953.4
2071-08-14,0.0,25.66,11.89,437.1,1391.8,50769.4
2071-08-15,0.0,27.7,14.1,425.0,1608.0,50583.7
2071-08-16,0.0,29.15,14.09,439.9,1607.6,50396.6
2071-08-17,0.0,30.02,16.95,401.1,1930.1,50208.2
2071-08-18,0.0,28.13,17.87,343.9,2046.1,50018.3
2071-08-19,0.0,29.32,16.48,390.2,1874.2,49827.2
2071-08-20,0.0,27.77,17.56,335.7,2006.7,49634.9
2071-08-21,18.01,25.64,17.85,205.4,2043.3,49441.3
2071-08-22,0.0,25.24,13.49,377.5,1545.4,49246.7
2071-08-23,0.0,26.17,10.83,427.5,1297.7,49050.9
2071-08-24,6.73,24.08,15.06,227.5,1710.7,48854.2
2071-08-25,3.77,24.4,16.51,199.8,1877.9,48656.4
2071-08-26,20.85,21.54,16.75,129.2,1906.8,48457.8
2071-08-27,3.38,22.18,11.9,255.0,1393.0,48258.2
2071-08-28,0.0,22.77,9.58,398.0,1193.5,48057.8
2071-08-29,0.0,22.55,10.92,369.9,1305.1,47856.6
2071-08-30,0.0,24.47,13.64,345.6,1560.6,47654.7
2071-08-31,0.0,24.05,13.05,348.5,1501.5,47452.0
2071-09-01,0.0,21.65,9.32,380.8,1172.6,47248.7
2071-09-02,0.96,25.71,12.01,390.7,1402.4,47044.8
2071-09-03,0.0,20.21,10.43,327.1,1262.8,46840.2
2071-09-04,0.0,20.51,5.76,412.6,919.2,46635.1
2071-09-05,0.0,26.96,7.05,438.2,1004.9,46429.5
2071-09-06,0.0,27.99,10.4,412.8,1261.0,46223.4
2071-09-07,3.94,29.3,15.91,263.4,1806.4,46016.8
2071-09-08,4.02,22.32,14.39,187.9,1638.6,45809.8
2071-09-09,20.03,24.38,13.94,232.1,1591.8,45602.5
2071-09-10,0.0,22.6,12.86,295.6,1483.5,45394.8
2071-09-11,1.56,16.16,11.63,156.0,1368.0,45186.7
2071-09-12,0.0,20.22,9.29,324.1,1170.0,44978.4
2071-09-13,9.07,19.58,10.07,220.2,1233.4,44769.9
2071-09-14,10.15,16.53,11.29,134.6,1337.2,44561.1
2071-09-15,0.0,23.42,11.38,337.6,1345.5,44352.1
2071-09-16,0.0,24.83,12.58,334.8,1456.8,44143.0
2071-09-17,0.0,27.43,14.29,336.8,1628.4,43933.7
2071-09-18,0.0,27.62,14.77,328.9,1679.0,43724.4
2071-09-19,2.97,26.93,12.67,260.1,1464.8,43514.9
2071-09-20,3.61,18.01,7.06,233.8,1005.8,43305.4
2071-09-21,0.0,19.71,1.97,388.2,704.1,43095.9
2071-09-22,0.0,19.78,4.35,364.6,833.2,42886.4
2071-09-23,0.0,22.59,5.88,365.5,926.8,42677.0
2071-09-24,0.0,15.73,3.32,321.0,774.8,42467.6
2071-09-25,0.0,14.52,0.34,340.6,626.1,42258.4
2071-09-26,0.0,15.13,-0.98,355.7,568.6,42049.2
2071-09-27,0.0,21.62,1.42,371.6,676.9,41840.3
2071-09-28,0.0,22.81,5.75,341.8,918.9,41631.5
2071-09-29,14.81,22.97,10.71,208.5,1286.7,41422.9
2071-09-30,38.1,11.46,6.85,95.7,991.2,41214.6
2071-10-01,0.0,11.93,2.78,236.4,745.9,41006.6
2071-10-02,0.0,10.13,-0.13,259.8,605.0,40798.9
2071-10-03,0.0,11.72,-0.7,290.7,580.1,40591.5
2071-10-04,0.0,14.81,-1.83,331.2,533.9,40384.6
2071-10-05,0.0,15.6,-0.1,319.5,606.4,40178.0
2071-10-06,0.0,14.05,2.39,270.4,725.2,39971.9
2071-10-07,0.74,16.41,2.99,288.6,757.2,39766.2
2071-10-08,0.0,8.9,1.28,193.7,670.1,39561.1
2071-10-09,8.25,4.9,-2.21,138.4,519.3,39356.6
2071-10-10,2.23,6.58,-0.89,142.8,572.4,39152.6
2071-10-11,1.76,8.95,0.84,198.4,649.2,38949.3
2071-10-12,0.0,17.79,5.33,258.9,892.2,38746.6
2071-10-13,2.92,16.42,7.5,151.2,1036.4,38544.7
2071-10-14,2.19,14.72,3.87,174.0,805.5,38343.5
2071-10-15,5.54,9.05,-2.22,181.1,519.0,38143.1
2071-10-16,6.74,7.39,-2.1,159.5,523.4,37943.5
2071-10-17,1.69,3.26,-3.28,157.0,479.4,37744.9
2071-10-18,0.0,1.64,-4.62,152.0,433.6,37547.1
2071-10-19,0.0,3.82,-6.09,220.4,387.5,37350.4
2071-10-20,0.0,10.48,-2.42,251.8,511.2,37154.6
2071-10-21,1.07,6.0,-3.86,215.0,459.2,36959.9
2071-10-22,4.06,7.75,-3.44,174.0,473.9,36766.4
2071-10-23,0.0,4.79,-2.62,172.7,503.8,36574.0
2071-10-24,0.0,7.36,-5.12,243.9,417.4,36382.9
2071-10-25,7.82,9.52,-0.93,162.5,570.7,36193.1
2071-10-26,0.0,2.9,-3.91,160.3,457.5,36004.6
2071-10-27,0.0,7.72,-6.22,252.4,384.0,35817.5
2071-10-28,12.4,8.04,-4.98,182.6,421.8,35631.9
2071-10-29,10.88,15.21,1.13,181.0,663.0,35447.8
2071-10-30,0.0,5.73,0.63,118.4,639.0,35265.2
2071-10-31,0.0,5.98,-3.31,192.4,478.5,35084.4
2071-11-01,5.1,7.06,-0.72,124.8,579.3,34905.2
2071-11-02,0.19,6.8,1.47,120.4,679.0,34727.8
2071-11-03,1.98,5.45,0.33,118.7,625.5,34552.3
2071-11-04,0.0,7.71,1.01,150.0,657.0,34378.7
2071-11-05,0.0,7.76,1.23,146.6,667.3,34207.0
2071-11-06,0.0,14.72,3.3,204.7,773.8,34037.5
2071-11-07,0.0,12.08,1.22,198.5,667.2,33870.0
2071-11-08,0.0,3.94,-1.98,131.8,528.2,33704.8
2071-11-09,0.0,10.67,-1.98,207.3,528.2,33541.9
2071-11-10,0.0,12.36,-0.34,202.7,596.0,33381.3
2071-11-11,0.0,5.63,-0.12,121.4,605.6,33223.1
2071-11-12,7.27,5.24,-0.37,88.8,594.7,33067.5
2071-11-13,7.63,8.04,2.84,82.2,748.9,32914.4
2071-11-14,2.01,3.83,-0.53,95.5,587.7,32764.0
2071-11-15,0.0,1.7,-2.04,84.1,525.7,32616.4
2071-11-16,0.0,2.43,-1.51,87.4,546.8,32471.6
2071-11-17,0.0,0.23,-2.61,65.1,504.1,32329.7
2071-11-18,0.0,2.58,-3.56,128.3,469.6,32190.8
2071-11-19,11.05,4.99,-1.62,101.4,542.4,32055.0
2071-11-20,22.0,7.48,0.45,104.4,630.9,31922.3
2071-11-21,0.0,5.01,-2.9,151.3,493.2,31792.9
2071-11-22,3.35,5.09,-1.4,98.0,551.2,31666.8
2071-11-23,2.06,0.7,-4.75,116.1,429.4,31544.1
2071-11-24,0.0,-2.95,-8.83,124.8,313.5,31424.9
2071-11-25,0.0,-1.44,-12.43,176.5,235.4,31309.3
2071-11-26,0.0,6.93,-6.73,182.8,369.0,31197.3
2071-11-27,5.09,9.71,-1.72,128.0,538.4,31089.0
2071-11-28,0.0,-2.24,-7.21,105.8,355.7,30984.5
2071-11-29,0.0,-4.57,-9.99,113.2,286.1,30883.9
2071-11-30,0.0,-6.11,-16.26,166.0,171.8,30787.2
2071-12-01,0.0,0.46,-11.75,172.3,248.6,30694.6
2071-12-02,16.55,2.08,-3.57,82.9,469.1,30606.0
2071-12-03,8.07,2.41,-4.58,95.7,434.9,30521.6
2071-12-04,1.36,-1.18,-10.95,170.9,265.0,30441.4
2071-12-05,0.0,1.81,-4.84,133.5,426.3,30365.6
2071-12-06,0.0,4.95,-2.87,132.6,494.2,30294.0
2071-12-07,0.0,4.25,-3.12,127.8,485.4,30226.9
2071-12-08,0.0,-0.63,-6.03,102.7,389.6,30164.2
2071-12-09,0.0,-0.87,-6.85,112.6,365.6,30106.1
2071-12-10,0.0,3.21,-3.51,121.4,471.5,30052.5
2071-12-11,0.0,6.17,1.3,92.8,671.0,30003.5
2071-12-12,1.52,7.57,0.07,126.4,614.0,29959.2
2071-12-13,1.81,3.92,-1.89,106.9,531.5,29919.5
2071-12-14,12.27,-1.14,-3.9,42.6,457.7,29884.6
2071-12-15,11.06,-1.68,-3.63,31.6,467.0,29854.4
2071-12-16,0.0,-1.81,-5.01,65.4,421.1,29829.0
2071-12-17,11.79,1.04,-5.5,88.3,405.6,29808.5
2071-12-18,4.85,1.59,-1.51,46.6,546.9,29792.7
2071-12-19,2.62,-0.53,-7.54,103.5,346.8,29781.8
2071-12-20,0.0,-5.85,-10.12,95.6,283.1,29775.7
2071-12-21,7.2,-3.81,-8.53,79.0,321.0,29774.4
2071-12-22,9.33,-1.69,-5.52,65.8,405.0,29778.1
2071-12-23,11.42,1.11,-2.92,68.3,492.7,29786.5
2071-12-24,8.94,6.79,-1.14,110.7,561.8,29799.8
2071-12-25,0.0,5.87,-0.18,125.6,602.8,29818.0
2071-12-26,4.79,2.72,-4.8,111.8,427.8,29840.9
2071-12-27,11.07,-3.81,-9.41,96.3,299.6,29868.6
2071-12-28,0.0,-10.96,-17.86,148.9,150.1,29901.2
2071-12-29,7.34,-12.9,-18.12,93.6,146.7,29938.4
2071-12-30,3.84,-5.48,-13.91,125.6,208.7,29980.4
2071-12-31,3.26,-2.43,-8.37,104.1,325.0,30027.0
2072-01-01,0.0,-2.94,-9.54,120.5,296.5,30078.5
2072-01-02,0.0,-2.48,-9.51,127.5,297.2,30134.3
2072-01-03,3.21,-1.81,-11.39,120.4,255.9,30194.7
2072-01-04,0.0,-12.71,-19.64,130.5,128.9,30259.6
2072-01-05,0.0,-11.1,-24.37,192.2,84.9,30328.9
2072-01-06,0.0,-3.76,-17.88,195.9,149.7,30402.6
2072-01-07,0.0,-1.24,-7.86,126.0,338.2,30480.7
2072-01-08,0.0,-4.06,-9.17,102.7,305.2,30562.9
2072-01-09,0.0,-3.02,-9.63,129.0,294.3,30649.4
2072-01-10,16.62,5.12,-4.86,128.3,425.8,30740.0
2072-01-11,0.0,3.26,-10.47,200.6,275.3,30834.6
2072-01-12,4.55,-7.81,-17.77,134.6,151.3,30933.3
2072-01-13,7.47,-6.87,-14.28,111.9,202.4,31035.8
2072-01-14,0.0,-11.43,-17.89,136.2,149.6,31142.2
2072-01-15,0.0,-9.66,-20.97,199.0,114.8,31252.3
2072-01-16,1.87,-7.2,-15.37,165.3,184.9,31366.2
2072-01-17,1.33,-4.55,-13.9,182.6,208.9,31483.6
2072-01-18,0.0,-9.87,-19.17,185.3,134.2,31604.5
2072-01-19,1.86,-7.31,-17.35,195.6,156.6,31728.9
2072-01-20,0.0,-6.06,-11.82,131.4,247.2,31856.7
2072-01-21,0.0,-8.6,-13.57,117.3,214.5,31987.7
2072-01-22,0.0,-8.82,-15.85,159.7,177.6,32121.9
2072-01-23,0.0,-8.34,-19.3,215.7,132.7,32259.3
2072-01-24,0.0,-5.91,-22.59,252.1,99.5,32399.7
2072-01-25,0.0,-4.01,-16.96,237.3,162.0,32543.0
2072-01-26,1.87,2.47,-11.53,244.5,253.1,32689.2
2072-01-27,0.0,0.45,-14.01,251.4,207.0,32838.2
2072-01-28,0.0,-3.22,-14.87,236.2,192.8,32989.9
2072-01-29,0.0,-1.17,-8.07,169.8,332.7,33144.3
2072-01-30,1.19,-1.48,-9.69,196.9,293.0,33301.2
2072-01-31,0.0,3.67,-4.48,194.9,438.0,33460.6
2072-02-01,1.27,7.78,-8.1,269.9,332.0,33622.3
2072-02-02,0.0,-6.75,-15.56,213.5,182.0,33786.4
2072-02-03,13.06,0.52,-18.28,220.0,144.8,33952.8
2072-02-04,0.0,5.95,-7.81,269.6,339.5,34121.3
2072-02-05,0.0,-4.8,-12.42,198.9,235.5,34291.9
2072-02-06,8.51,-2.43,-16.83,216.4,163.7,34464.5
2072-02-07,0.0,-3.57,-17.94,289.1,149.0,34639.0
2072-02-08,2.69,-7.38,-20.69,213.2,117.6,34815.5
2072-02-09,4.48,-7.82,-14.85,143.4,193.0,34993.8
2072-02-10,1.03,-5.95,-17.04,268.8,160.8,35173.8
2072-02-11,0.5,-7.54,-18.02,263.9,148.0,35355.5
2072-02-12,0.0,-13.81,-22.98,245.9,96.1,35538.8
2072-02-13,0.0,-12.52,-24.62,291.5,83.0,35723.7
2072-02-14,0.0,-17.96,-25.68,221.6,75.4,35910.0
2072-02-15,3.82,-9.17,-25.65,253.5,75.6,36097.8
2072-02-16,20.02,8.31,-15.35,272.3,185.2,36287.0
2072-02-17,1.2,4.87,-6.84,290.2,366.0,36477.5
2072-02-18,0.0,-4.3,-14.61,275.9,197.0,36669.2
2072-02-19,0.0,-1.3,-15.8,333.3,178.4,36862.2
2072-02-20,6.16,1.7,-9.07,212.4,307.6,37056.3
2072-02-21,0.0,1.96,-11.83,328.8,247.1,37251.5
2072-02-22,0.0,-7.14,-19.0,309.2,136.2,37447.8
2072-02-23,0.0,-7.46,-23.22,362.7,94.1,37645.0
2072-02-24,45.89,-0.62,-12.91,249.4,226.3,37843.2
2072-02-25,13.53,6.63,-3.06,212.4,487.6,38042.3
2072-02-26,0.0,-0.81,-11.54,315.8,252.8,38242.3
2072-02-27,0.0,-1.68,-17.83,395.7,150.5,38443.1
2072-02-28,4.09,-2.65,-12.88,233.2,227.0,38644.7
2072-02-29,6.76,-0.93,-12.28,252.4,238.3,38847.0
2072-03-01,5.51,-3.99,-15.67,260.9,180.4,39050.0
2072-03-02,17.54,-8.27,-16.21,204.1,172.4,39253.6
2072-03-03,0.0,-15.7,-23.11,261.5,95.1,39457.9
2072-03-04,0.0,-7.44,-25.92,454.5,73.7,39662.7
2072-03-05,0.0,-3.5,-24.08,468.8,87.1,39868.1
2072-03-06,0.0,-1.22,-20.48,462.8,119.8,40074.0
2072-03-07,1.75,-0.05,-15.08,425.9,189.4,40280.3
2072-03-08,0.0,0.77,-7.75,296.6,341.1,40487.1
2072-03-09,8.35,4.28,-8.97,307.5,310.0,40694.3
2072-03-10,0.0,2.44,-3.14,208.6,484.4,40901.8
2072-03-11,0.0,1.98,-5.12,264.9,417.5,41109.7
2072-03-12,0.0,6.07,-8.19,438.2,329.6,41317.8
2072-03-13,0.0,3.43,-7.8,384.6,339.7,41526.3
2072-03-14,0.83,2.29,-12.99,463.0,224.9,41734.9
2072-03-15,7.62,1.79,-5.93,218.6,392.5,41943.8
2072-03-16,1.89,6.91,-3.48,372.8,472.4,42152.9
2072-03-17,7.68,-1.27,-5.27,130.6,412.7,42362.1
2072-03-18,0.0,-2.36,-10.61,339.3,272.4,42571.4
2072-03-19,0.0,-5.9,-15.05,374.4,189.9,42780.8
2072-03-20,0.0,0.18,-16.35,520.2,170.5,42990.3
2072-03-21,0.0,-2.11,-13.36,435.7,218.2,43199.8
2072-03-22,0.0,-2.83,-12.68,405.1,230.7,43409.3
2072-03-23,0.0,-4.34,-13.15,378.9,222.0,43618.7
2072-03-24,6.99,-2.95,-16.22,375.2,172.2,43828.1
2072-03-25,14.67,-3.48,-10.04,233.1,285.0,44037.5
2072-03-26,0.0,2.67,-10.47,507.4,275.5,44246.7
2072-03-27,0.0,8.07,-10.2,570.9,281.5,44455.7
2072-03-28,21.18,3.25,-3.6,242.6,468.3,44664.6
2072-03-29,5.41,0.61,-5.15,213.2,416.6,44873.3
2072-03-30,0.0,5.18,-10.09,557.6,283.9,45081.7
2072-03-31,9.96,6.46,-1.05,268.2,565.8,45289.9
2072-04-01,7.99,11.92,1.42,340.2,676.6,45497.8
2072-04-02,0.01,4.35,-1.35,284.7,553.1,45705.3
2072-04-03,0.0,-1.22,-11.51,477.4,253.5,45912.5
2072-04-04,0.0,-6.24,-17.0,505.6,161.4,46119.2
2072-04-05,0.0,-6.73,-18.31,537.2,144.4,46325.6
2072-04-06,2.08,2.69,-16.56,632.8,167.4,46531.4
2072-04-07,12.51,7.86,-7.12,445.1,358.2,46736.8
2072-04-08,8.34,8.21,-0.57,332.6,585.7,46941.7
2072-04-09,2.63,0.13,-6.66,278.3,371.1,47145.9
2072-04-10,0.0,-0.62,-10.65,500.4,271.5,47349.6
2072-04-11,8.71,3.32,-11.34,458.5,256.9,47552.6
2072-04-12,10.72,7.25,-2.54,369.2,506.5,47754.9
2072-04-13,0.0,4.18,-3.11,405.5,485.6,47956.4
2072-04-14,0.0,5.66,-4.97,531.0,422.2,48157.2
2072-04-15,0.0,8.32,-6.49,620.4,376.0,48357.2
2072-04-16,0.0,10.91,-4.94,628.1,423.2,48556.4
2072-04-17,0.0,19.57,-1.62,660.0,542.5,48754.6
2072-04-18,0.0,10.17,0.07,488.0,614.0,48951.8
2072-04-19,0.0,9.31,-2.97,561.0,490.6,49148.1
2072-04-20,0.0,8.99,-1.32,505.2,554.6,49343.3
2072-04-21,0.0,18.58,-0.36,651.1,594.9,49537.4
2072-04-22,0.0,18.36,0.31,640.0,624.7,49730.4
2072-04-23,0.0,8.91,-0.57,466.5,585.9,49922.1
2072-04-24,0.0,6.94,-3.9,515.1,457.8,50112.6
2072-04-25,0.0,4.16,-4.74,453.3,429.7,50301.8
2072-04-26,0.0,5.49,-7.4,587.4,350.4,50489.6
2072-04-27,0.0,1.73,-6.77,446.6,368.0,50675.9
2072-04-28,0.0,1.5,-8.58,506.2,319.8,50860.8
2072-04-29,0.0,8.42,-8.08,654.0,332.5,51044.1
2072-04-30,0.0,12.87,-4.95,661.8,422.7,51225.8
2072-05-01,0.0,15.79,-3.27,668.5,479.9,51405.8
2072-05-02,7.23,9.59,1.64,295.9,687.6,51584.1
2072-05-03,2.66,6.58,2.09,180.0,709.9,51760.6
2072-05-04,0.0,11.19,1.83,457.2,696.8,51935.1
2072-05-05,0.0,11.52,3.41,408.1,780.0,52107.8
2072-05-06,0.0,18.23,2.35,626.3,723.2,52278.4
2072-05-07,3.65,20.98,2.39,491.9,725.3,52446.9
2072-05-08,6.26,16.5,0.32,472.0,625.1,52613.2
2072-05-09,4.14,6.02,-0.61,257.9,584.0,52777.3
2072-05-10,0.0,11.58,0.51,514.8,633.7,52939.1
2072-05-11,0.0,14.32,-1.15,622.0,561.6,53098.5
2072-05-12,0.0,22.71,1.59,674.3,653.0,53255.4
2072-05-13,10.91,21.68,3.77,473.7,799.8,53409.7
2072-05-14,6.52,18.48,8.06,342.7,1076.3,53561.4
2072-05-15,12.91,9.15,3.11,225.3,763.7,53710.5
2072-05-16,7.97,4.82,-0.07,193.1,607.5,53856.7
2072-05-17,0.0,12.14,1.71,497.4,690.8,54000.0
2072-05-18,0.0,17.54,1.43,625.4,677.2,54140.4
2072-05-19,0.0,19.18,3.65,607.6,793.4,54277.8
2072-05-20,0.0,23.29,5.75,625.6,897.9,54412.0
2072-05-21,0.0,25.69,8.32,614.6,1053.6,54543.1
2072-05-22,0.0,23.7,7.9,593.2,1045.4,54670.8
2072-05-23,0.0,25.5,4.75,652.2,809.6,54795.2
2072-05-24,0.0,26.44,7.99,615.6,1024.4,54916.2
2072-05-25,6.5,26.12,11.43,404.1,1349.8,55033.6
2072-05-26,0.0,18.89,7.99,458.6,1071.2,55147.4
2072-05-27,8.62,14.96,6.92,270.8,995.8,55257.6
2072-05-28,0.0,17.87,8.9,390.8,1139.8,55364.0
2072-05-29,4.89,13.6,8.8,171.8,1132.3,55466.5
2072-05-30,5.47,24.28,8.82,423.2,1133.4,55565.2
2072-05-31,3.76,23.95,10.42,393.2,1262.0,55659.8
2072-06-01,0.0,21.06,6.71,550.5,912.6,55750.4
2072-06-02,7.32,20.31,5.81,408.4,922.4,55836.9
2072-06-03,9.53,19.21,9.32,310.4,1172.8,55919.2
2072-06-04,2.92,21.36,10.21,333.8,1244.5,55997.2
2072-06-05,14.65,19.99,7.29,371.0,1021.8,56070.9
2072-06-06,17.1,18.69,10.8,257.8,1294.6,56140.2
2072-06-07,5.69,20.01,10.27,309.3,1249.8,56205.1
2072-06-08,3.39,14.1,8.49,194.7,1108.7,56265.6
2072-06-09,2.17,10.22,6.54,136.6,970.2,56321.4
2072-06-10,0.0,15.41,6.67,395.5,978.8,56372.7
2072-06-11,0.0,20.0,9.15,462.2,1159.2,56419.4
2072-06-12,26.97,12.81,10.12,108.8,1237.6,56461.3
2072-06-13,6.14,11.85,8.65,128.6,1120.4,56498.6
2072-06-14,2.72,16.63,7.4,320.3,1029.1,56531.2
2072-06-15,0.0,16.15,6.91,423.8,994.9,56558.9
2072-06-16,0.0,19.73,6.18,530.5,946.7,56581.9
2072-06-17,0.0,22.49,3.82,595.6,793.2,56600.1
2072-06-18,0.0,27.09,5.07,606.3,840.5,56613.4
2072-06-19,0.0,30.06,10.64,571.2,1231.4,56621.9
2072-06-20,2.35,30.7,15.73,338.9,1786.6,56625.6
2072-06-21,2.88,23.06,11.9,303.7,1392.8,56624.3
2072-06-22,0.0,21.59,7.24,480.5,1018.3,56618.3
2072-06-23,1.77,19.25,7.64,436.2,1046.3,56607.4
2072-06-24,0.0,20.99,4.91,509.4,866.7,56591.7
2072-06-25,0.0,28.51,9.52,515.2,1172.3,56571.1
2072-06-26,0.0,30.14,12.03,497.3,1389.3,56545.8
2072-06-27,0.0,27.47,14.72,420.5,1673.9,56515.6
2072-06-28,5.12,26.89,16.85,263.0,1917.9,56480.7
2072-06-29,26.09,22.43,14.65,224.3,1666.0,56441.1
2072-06-30,0.0,23.32,12.06,403.0,1406.9,56396.8
2072-07-01,6.5,27.49,10.84,365.3,1298.6,56347.9
2072-07-02,11.36,22.16,11.22,298.7,1331.6,56294.3
2072-07-03,0.0,22.28,9.35,442.6,1175.2,56236.2
2072-07-04,5.35,25.46,10.79,347.0,1293.8,56173.5
2072-07-05,4.4,24.4,12.68,304.8,1466.1,56106.4
2072-07-06,2.13,20.96,12.37,245.3,1436.8,56034.9
2072-07-07,27.97,12.42,9.72,92.9,1204.3,55959.1
2072-07-08,0.0,16.15,10.25,245.0,1247.9,55878.9
2072-07-09,2.55,17.43,10.66,205.0,1282.6,55794.5
2072-07-10,3.39,15.06,9.87,163.6,1216.8,55706.0
2072-07-11,0.0,25.26,8.78,489.4,1130.3,55613.4
2072-07-12,0.0,27.48,11.94,462.2,1396.1,55516.8
2072-07-13,8.76,28.93,13.05,341.4,1502.0,55416.2
2072-07-14,23.06,30.52,17.2,299.4,1961.0,55311.7
2072-07-15,4.3,26.36,15.46,267.8,1755.4,55203.4
2072-07-16,0.0,22.99,12.51,358.2,1449.5,55091.5
2072-07-17,2.84,23.86,10.18,324.8,1242.3,54975.8
2072-07-18,5.4,25.27,13.13,300.8,1509.5,54856.7
2072-07-19,0.0,18.62,9.67,339.9,1200.2,54734.0
2072-07-20,0.0,23.14,10.01,435.9,1228.2,54607.9
2072-07-21,0.0,26.2,11.9,445.7,1392.5,54478.5
2072-07-22,10.37,26.31,16.37,260.2,1861.2,54345.9
2072-07-23,0.0,25.96,14.78,381.5,1680.6,54210.1
2072-07-24,0.0,25.46,12.49,425.2,1447.6,54071.2
2072-07-25,11.82,25.41,12.34,322.3,1433.2,53929.4
2072-07-26,1.7,25.62,14.19,396.5,1617.9,53784.6
2072-07-27,0.0,27.53,14.5,423.1,1650.8,53637.0
2072-07-28,0.0,25.38,14.3,386.4,1629.6,53486.6
2072-07-29,0.0,24.51,12.8,401.5,1477.5,53333.6
2072-07-30,0.0,23.83,11.14,423.5,1324.2,53177.9
2072-07-31,0.0,24.32,9.67,457.2,1200.4,53019.8
2072-08-01,0.0,25.34,8.96,474.7,1144.4,52859.2
2072-08-02,0.0,26.48,9.99,469.8,1226.6,52696.3
2072-08-03,0.0,27.38,11.23,460.6,1332.2,52531.0
2072-08-04,3.16,26.23,13.06,310.5,1502.5,52363.6
2072-08-05,4.98,29.91,15.82,309.6,1797.0,52194.1
2072-08-06,3.5,26.25,15.1,269.2,1715.9,52022.5
2072-08-07,1.51,23.63,12.8,356.0,1477.4,51848.9
2072-08-08,0.0,19.82,9.74,343.2,1206.1,51673.3
2072-08-09,0.0,22.99,7.78,437.7,1056.0,51496.0
2072-08-10,0.0,28.6,9.38,469.6,1177.4,51316.8
2072-08-11,2.22,25.84,14.54,261.8,1654.9,51136.0
2072-08-12,7.59,19.55,12.16,194.1,1416.9,50953.4
2072-08-13,6.67,22.53,8.34,315.4,1097.6,50769.4
2072-08-14,7.66,17.03,12.61,122.4,1459.4,50583.7
2072-08-15,2.28,21.86,12.37,238.3,1436.7,50396.6
2072-08-16,15.41,25.62,11.04,312.4,1315.8,50208.2
2072-08-17,11.99,24.59,13.88,254.9,1585.7,50018.3
2072-08-18,0.0,25.54,13.78,358.9,1574.9,49827.2
2072-08-19,0.0,22.62,11.04,362.9,1315.6,49634.9
2072-08-20,0.0,23.28,9.45,404.6,1183.2,49441.3
2072-08-21,13.92,26.23,13.09,284.9,1505.7,49246.7
2072-08-22,21.89,18.18,12.21,157.3,1421.1,49050.9
2072-08-23,0.0,23.4,9.21,405.5,1163.7,48854.2
2072-08-24,0.0,26.1,12.55,384.1,1453.3,48656.4
2072-08-25,0.0,25.85,16.35,294.2,1858.9,48457.8
2072-08-26,0.0,28.29,16.2,346.1,1840.6,48258.2
2072-08-27,0.0,23.5,11.28,362.0,1336.3,48057.8
2072-08-28,3.72,19.65,9.39,244.7,1178.3,47856.6
2072-08-29,0.0,20.8,11.56,297.9,1361.5,47654.7
2072-08-30,0.08,23.0,10.14,373.1,1238.8,47452.0
2072-08-31,3.93,24.48,12.33,266.6,1432.6,47248.7
2072-09-01,0.9,21.84,12.27,306.1,1427.1,47044.8
2072-09-02,0.0,19.56,9.49,325.7,1186.0,46840.2
2072-09-03,0.0,19.27,7.52,362.1,1037.5,46635.1
2072-09-04,0.0,24.73,9.63,399.4,1197.3,46429.5
2072-09-05,0.0,25.85,9.7,404.2,1203.2,46223.4
2072-09-06,0.0,26.97,9.98,405.3,1225.4,46016.8
2072-09-07,0.0,27.68,14.51,347.7,1651.8,45809.8
2072-09-08,32.39,21.97,16.11,141.4,1829.7,45602.5
2072-09-09,6.2,24.22,14.45,221.2,1645.5,45394.8
2072-09-10,0.64,22.11,10.86,330.9,1299.6,45186.7
2072-09-11,7.54,20.36,10.46,226.8,1265.3,44978.4
2072-09-12,0.0,21.17,7.52,368.1,1037.6,44769.9
2072-09-13,0.0,23.93,10.69,348.4,1285.1,44561.1
2072-09-14,3.43,17.22,7.21,224.4,1016.2,44352.1
2072-09-15,0.0,16.46,4.21,343.8,825.0,44143.0
2072-09-16,0.0,18.56,2.8,383.0,746.6,43933.7
2072-09-17,5.16,21.2,5.87,276.6,926.4,43724.4
2072-09-18,2.2,24.07,10.31,253.5,1253.4,43514.9
2072-09-19,4.37,17.65,11.43,142.1,1349.7,43305.4
2072-09-20,5.58,19.55,10.82,189.6,1296.6,43095.9
2072-09-21,0.0,22.32,9.36,323.6,1176.0,42886.4
2072-09-22,6.72,16.25,6.86,201.4,991.9,42677.0
2072-09-23,6.95,14.13,4.64,205.2,850.2,42467.6
2072-09-24,0.0,11.74,1.77,284.1,693.8,42258.4
2072-09-25,0.0,11.94,2.63,268.4,738.1,42049.2
2072-09-26,0.72,15.17,0.59,345.6,637.3,41840.3
2072-09-27,0.84,10.4,2.28,237.6,719.6,41631.5
2072-09-28,0.0,12.17,3.29,250.9,773.4,41422.9
2072-09-29,0.0,14.69,-0.1,338.4,606.3,41214.6
2072-09-30,0.0,17.87,-1.25,361.4,557.4,41006.6
2072-10-01,0.0,18.17,2.71,328.9,742.3,40798.9
2072-10-02,0.0,18.48,6.42,282.1,962.6,40591.5
2072-10-03,0.0,14.62,1.74,296.2,692.5,40384.6
2072-10-04,0.0,16.53,-2.5,344.9,508.3,40178.0
2072-10-05,0.0,19.7,1.09,334.0,660.6,39971.9
2072-10-06,0.0,20.19,2.95,320.2,755.0,39766.2
2072-10-07,0.0,23.19,5.52,313.7,904.0,39561.1
2072-10-08,1.56,20.19,5.9,281.9,928.3,39356.6
2072-10-09,0.0,11.88,4.17,184.0,822.6,39152.6
2072-10-10,0.0,9.48,1.26,195.6,669.2,38949.3
2072-10-11,0.0,16.91,-1.41,309.8,550.8,38746.6
2072-10-12,0.0,17.89,1.45,290.7,678.2,38544.7
2072-10-13,3.69,16.77,3.15,195.8,765.6,38343.5
2072-10-14,0.0,9.84,-0.55,220.2,586.8,38143.1
2072-10-15,0.0,10.08,-3.01,254.7,489.4,37943.5
2072-10-16,5.9,12.17,1.51,164.0,681.0,37744.9
2072-10-17,0.0,11.2,2.64,183.9,738.5,37547.1
2072-10-18,7.77,12.84,-0.29,185.8,598.2,37350.4
2072-10-19,0.0,14.16,2.93,217.3,753.6,37154.6
2072-10-20,15.52,12.59,0.9,166.2,652.1,36959.9
2072-10-21,33.42,11.58,4.61,108.9,848.6,36766.4
2072-10-22,25.56,13.34,8.5,76.1,1109.2,36574.0
2072-10-23,3.83,10.1,2.94,111.1,754.3,36382.9
2072-10-24,1.25,4.15,0.34,85.1,626.0,36193.1
2072-10-25,3.26,3.22,0.01,55.3,611.1,36004.6
2072-10-26,0.0,3.77,-0.42,94.0,592.4,35817.5
2072-10-27,0.0,2.36,-2.39,105.6,512.4,35631.9
2072-10-28,0.0,4.51,-2.21,142.8,519.1,35447.8
2072-10-29,11.05,4.8,-2.52,115.6,507.6,35265.2
2072-10-30,0.0,5.47,1.3,94.4,670.8,35084.4
2072-10-31,0.0,3.13,-0.11,76.9,606.0,34905.2
2072-11-01,3.37,5.01,-1.72,111.3,538.4,34727.8
2072-11-02,0.0,7.42,1.59,129.7,685.0,34552.3
2072-11-03,7.55,7.93,3.57,76.3,788.7,34378.7
2072-11-04,0.0,3.41,-0.83,103.9,574.9,34207.0
2072-11-05,0.0,2.09,-3.82,142.9,460.3,34037.5
2072-11-06,0.0,4.5,-3.37,177.7,476.4,33870.0
2072-11-07,0.0,7.3,-5.48,221.7,406.2,33704.8
2072-11-08,0.0,14.01,-2.3,225.5,515.7,33541.9
2072-11-09,0.0,6.59,-1.56,170.7,544.8,33381.3
2072-11-10,0.0,5.36,-2.84,173.4,495.6,33223.1
2072-11-11,2.64,5.28,-2.93,130.7,492.3,33067.5
2072-11-12,0.0,3.44,-5.42,182.4,408.1,32914.4
2072-11-13,0.0,10.03,-0.43,190.5,591.8,32764.0
2072-11-14,0.0,9.39,0.61,173.8,638.4,32616.4
2072-11-15,7.78,8.61,1.89,109.7,700.0,32471.6
2072-11-16,22.62,9.27,3.39,98.0,778.9,32329.7
2072-11-17,4.48,8.19,4.42,67.6,837.4,32190.8
2072-11-18,0.0,6.15,1.09,118.8,661.0,32055.0
2072-11-19,4.37,8.65,-1.33,135.3,554.0,31922.3
2072-11-20,6.44,7.93,1.8,101.1,695.3,31792.9
2072-11-21,4.92,3.46,-0.93,77.9,570.7,31666.8
2072-11-22,4.84,2.13,-2.13,76.0,522.5,31544.1
2072-11-23,0.0,0.84,-2.33,77.2,514.5,31424.9
2072-11-24,0.0,-1.45,-3.41,50.2,474.8,31309.3
2072-11-25,5.07,-0.83,-3.1,42.4,486.1,31197.3
2072-11-26,9.19,0.85,-1.36,41.2,552.7,31089.0
2072-11-27,0.67,0.85,-2.21,73.6,519.2,30984.5
2072-11-28,0.0,1.87,-3.15,113.0,484.0,30883.9
2072-11-29,11.49,-1.21,-5.32,71.8,411.1,30787.2
2072-11-30,5.46,1.11,-2.17,57.7,520.6,30694.6
2072-12-01,26.49,-0.04,-1.6,30.2,543.3,30606.0
2072-12-02,3.15,0.48,-2.51,53.3,507.8,30521.6
2072-12-03,1.77,-0.71,-4.75,92.7,429.3,30441.4
2072-12-04,0.0,-3.51,-10.42,138.4,276.5,30365.6
2072-12-05,0.0,-7.18,-14.6,143.6,197.2,30294.0
2072-12-06,0.0,-4.0,-13.61,158.8,213.8,30226.9
2072-12-07,0.9,-3.75,-10.97,155.0,264.7,30164.2
2072-12-08,1.48,-0.38,-7.07,148.8,359.5,30106.1
2072-12-09,0.0,-4.18,-11.81,160.3,247.5,30052.5
2072-12-10,0.0,-11.87,-15.99,106.6,175.7,30003.5
2072-12-11,0.0,-9.12,-18.36,173.8,143.8,29959.2
2072-12-12,8.01,-9.73,-18.32,128.0,144.3,29919.5
2072-12-13,0.0,-5.43,-15.81,179.0,178.4,29884.6
2072-12-14,0.0,-3.59,-15.33,182.3,185.6,29854.4
2072-12-15,0.49,-9.3,-20.79,182.2,116.6,29829.0
2072-12-16,0.0,-17.74,-24.38,147.8,84.8,29808.5
2072-12-17,8.13,-9.88,-24.43,141.4,84.4,29792.7
2072-12-18,4.07,-4.06,-17.35,138.8,156.6,29781.8
2072-12-19,0.0,-13.61,-23.68,174.3,90.3,29775.7
2072-12-20,0.0,-7.57,-23.19,187.9,94.4,29774.4
2072-12-21,0.0,-1.73,-14.55,180.5,198.0,29778.1
2072-12-22,1.45,-2.73,-8.45,119.6,323.0,29786.5
2072-12-23,0.0,0.18,-7.36,143.0,351.4,29799.8
2072-12-24,3.2,0.86,-3.19,65.3,482.8,29818.0
2072-12-25,0.0,-1.4,-12.53,172.0,233.5,29840.9
2072-12-26,16.4,-5.55,-19.07,138.8,135.3,29868.6
2072-12-27,9.83,3.6,-11.53,140.4,253.1,29901.2
2072-12-28,2.33,-3.16,-9.99,96.8,286.1,29938.4
2072-12-29,19.81,-2.91,-13.41,127.6,217.3,29980.4
2072-12-30,7.45,-1.78,-10.94,118.2,265.4,30027.0
2072-12-31,6.97,-3.85,-12.38,113.4,237.8,30052.7
2073-01-01,6.5,-5.92,-13.82,108.6,210.2,30078.5
2073-01-02,0.0,-2.74,-14.34,181.2,201.4,30134.3
2073-01-03,11.09,-6.25,-15.31,121.9,185.9,30194.7
2073-01-04,10.79,-1.66,-9.43,110.2,299.1,30259.6
2073-01-05,0.0,-2.26,-12.38,175.6,236.2,30328.9
2073-01-06,0.0,-10.88,-18.63,151.0,140.5,30402.6
2073-01-07,0.0,-12.77,-25.2,198.7,78.8,30480.7
2073-01-08,0.0,-14.76,-22.57,155.3,99.7,30562.9
2073-01-09,0.0,-14.31,-26.56,201.9,69.5,30649.4
2073-01-10,6.4,-0.76,-21.23,170.6,112.2,30740.0
2073-01-11,6.12,5.3,-8.1,156.6,332.0,30834.6
2073-01-12,4.07,4.57,-1.77,99.2,536.4,30933.3
2073-01-13,0.0,0.03,-13.23,213.6,220.5,31035.8
2073-01-14,0.0,-13.36,-22.48,183.6,100.5,31142.2
2073-01-15,0.0,-13.16,-22.28,185.5,102.3,31252.3
2073-01-16,0.0,-2.78,-23.74,241.8,89.8,31366.2
2073-01-17,0.0,-4.19,-18.81,231.8,138.3,31483.6
2073-01-18,2.41,-6.67,-18.87,166.8,137.6,31604.5
2073-01-19,2.1,-1.55,-11.04,195.7,263.3,31728.9
2073-01-20,0.0,-1.26,-5.64,106.5,401.3,31856.7
2073-01-21,0.0,-0.35,-3.41,77.6,474.8,31987.7
2073-01-22,0.0,-1.31,-4.85,90.0,425.9,32121.9
2073-01-23,0.0,-1.64,-8.75,168.3,315.4,32259.3
2073-01-24,27.37,-1.61,-10.03,148.2,285.3,32399.7
2073-01-25,12.03,0.05,-5.8,112.2,396.4,32543.0
2073-01-26,1.99,-0.33,-4.05,100.4,452.7,32689.2
2073-01-27,0.57,-4.35,-7.74,94.9,341.4,32838.2
2073-01-28,0.0,-3.38,-8.39,136.8,324.4,32989.9
2073-01-29,0.56,-0.67,-10.45,230.3,275.8,33144.3
2073-01-30,0.0,-5.21,-15.01,235.9,190.5,33301.2
2073-01-31,0.0,-9.08,-19.19,243.3,133.9,33460.6
2073-02-01,1.24,-8.31,-24.17,292.1,86.4,33622.3
2073-02-02,0.67,-6.34,-20.93,288.7,115.2,33786.4
2073-02-03,0.0,-12.57,-22.03,240.5,104.6,33952.8
2073-02-04,0.0,-11.87,-25.37,289.1,77.5,34121.3
2073-02-05,2.13,-6.12,-22.99,232.7,96.0,34291.9
2073-02-06,0.0,-8.36,-20.28,278.9,121.8,34464.5
2073-02-07,9.19,-13.11,-25.28,215.6,78.2,34639.0
2073-02-08,6.21,-2.73,-19.01,240.5,136.0,34815.5
2073-02-09,2.8,-13.25,-19.61,146.0,129.1,34993.8
2073-02-10,0.0,-15.07,-22.51,227.2,100.2,35173.8
2073-02-11,0.0,-15.08,-26.75,303.1,68.3,35355.5
2073-02-12,3.32,-9.13,-27.02,263.6,66.6,35538.8
2073-02-13,4.04,-5.79,-16.35,219.1,170.4,35723.7
2073-02-14,0.0,-4.85,-16.52,310.2,168.0,35910.0
2073-02-15,1.89,-6.14,-20.68,347.7,117.7,36097.8
2073-02-16,0.0,-4.97,-12.05,235.0,242.7,36287.0
2073-02-17,0.0,-2.01,-9.32,245.5,301.6,36477.5
2073-02-18,0.0,-1.58,-11.98,315.0,244.0,36669.2
2073-02-19,0.87,-0.43,-6.31,208.5,381.3,36862.2
2073-02-20,0.0,-1.94,-12.05,313.9,242.7,37056.3
2073-02-21,0.0,0.17,-18.27,393.6,145.0,37251.5
2073-02-22,0.0,4.09,-8.67,350.1,317.4,37447.8
2073-02-23,6.51,9.35,-5.87,281.2,394.2,37645.0
2073-02-24,3.72,7.08,-3.58,237.8,468.8,37843.2
2073-02-25,8.37,5.51,-2.82,200.6,496.2,38042.3
2073-02-26,7.68,4.38,-7.06,252.5,359.9,38242.3
2073-02-27,0.0,4.04,-9.59,370.8,295.3,38443.1
2073-02-28,0.0,3.28,-12.92,401.9,226.2,38644.7
2073-03-01,13.25,3.46,-6.54,235.5,374.6,38847.0
2073-03-02,1.62,3.09,-6.44,307.2,377.5,39050.0
2073-03-03,0.0,-8.92,-16.91,280.8,162.6,39253.6
2073-03-04,0.0,-15.7,-20.96,203.1,114.9,39457.9
2073-03-05,0.0,-9.27,-18.98,339.6,136.4,39662.7
2073-03-06,0.0,-2.22,-18.0,439.8,148.3,39868.1
2073-03-07,8.6,-0.48,-16.47,337.1,168.8,40074.0
2073-03-08,7.58,3.11,-5.91,246.8,393.1,40280.3
2073-03-09,0.0,0.41,-8.94,345.3,310.8,40487.1
2073-03-10,0.0,-9.48,-19.03,364.3,135.7,40694.3
2073-03-11,0.0,-18.31,-25.03,281.2,80.0,40901.8
2073-03-12,0.0,-9.56,-21.58,425.0,108.8,41109.7
2073-03-13,0.0,-5.39,-16.12,400.8,173.7,41317.8
2073-03-14,19.93,-5.21,-17.39,333.6,156.2,41526.3
2073-03-15,5.6,-0.78,-9.59,274.0,295.3,41734.9
2073-03-16,0.0,-4.71,-9.45,221.7,298.7,41943.8
2073-03-17,0.0,-4.85,-11.67,315.8,250.3,42152.9
2073-03-18,0.0,2.29,-13.43,514.6,217.0,42362.1
2073-03-19,0.0,5.01,-15.06,544.3,189.8,42571.4
2073-03-20,0.0,5.65,-11.72,529.2,249.2,42780.8
2073-03-21,0.0,5.44,-7.91,478.2,337.0,42990.3
2073-03-22,0.0,-3.13,-13.18,412.8,221.5,43199.8
2073-03-23,0.0,-6.7,-17.41,442.6,155.9,43409.3
2073-03-24,0.0,-0.82,-16.22,530.6,172.2,43618.7
2073-03-25,0.0,-0.26,-11.42,458.8,255.2,43828.1
2073-03-26,0.0,-0.11,-15.25,535.5,186.8,44037.5
2073-03-27,10.95,-3.82,-9.6,209.8,295.0,44246.7
2073-03-28,8.14,-0.73,-4.99,161.0,421.7,44455.7
2073-03-29,0.0,0.37,-4.44,247.2,439.4,44664.6
2073-03-30,0.0,1.48,-6.49,393.7,376.0,44873.3
2073-03-31,0.0,5.41,-11.31,583.5,257.5,45081.7
2073-04-01,0.0,3.81,-6.57,472.6,373.8,45289.9
2073-04-02,0.0,6.76,-4.49,493.8,438.0,45497.8
2073-04-03,0.0,4.78,-5.94,481.1,392.1,45705.3
2073-04-04,1.51,5.8,-7.51,543.2,347.4,45912.5
2073-04-05,2.48,0.69,-3.88,185.1,458.6,46119.2
2073-04-06,16.58,5.18,-0.82,241.5,575.2,46325.6
2073-04-07,7.54,7.81,1.39,256.7,675.2,46531.4
2073-04-08,8.06,4.75,0.49,181.4,633.0,46736.8
2073-04-09,0.0,9.14,0.77,433.2,645.7,46941.7
2073-04-10,0.0,18.4,2.29,591.9,713.6,47145.9
2073-04-11,4.3,9.55,2.02,297.4,706.5,47349.6
2073-04-12,10.37,5.22,1.85,149.7,698.0,47552.6
2073-04-13,0.0,5.58,0.84,279.9,648.8,47754.9
2073-04-14,0.0,10.41,-1.96,565.8,528.8,47956.4
2073-04-15,0.0,14.29,-0.98,603.9,568.6,48157.2
2073-04-16,5.86,8.59,0.98,306.5,655.7,48357.2
2073-04-17,7.26,3.4,-0.78,188.8,576.9,48556.4
2073-04-18,2.33,2.9,-2.93,267.5,492.0,48754.6
2073-04-19,7.19,7.07,-3.61,417.4,467.7,48951.8
2073-04-20,3.21,5.11,-1.17,295.4,560.5,49148.1
2073-04-21,9.37,5.03,-1.48,307.5,548.2,49343.3
2073-04-22,6.68,1.64,-0.66,126.4,582.0,49537.4
2073-04-23,2.51,8.6,-0.31,395.6,597.1,49730.4
2073-04-24,0.0,5.51,-3.62,544.1,467.5,49922.1
2073-04-25,8.23,9.91,-5.7,495.7,399.4,50112.6
2073-04-26,17.88,10.08,1.53,386.0,681.9,50301.8
2073-04-27,2.37,12.42,4.77,351.4,858.2,50489.6
2073-04-28,0.0,14.69,4.04,564.7,815.3,50675.9
2073-04-29,0.0,16.64,1.45,639.7,667.5,50860.8
2073-04-30,0.0,11.34,-0.57,603.2,585.9,51044.1
2073-05-01,21.07,6.38,2.14,218.2,712.7,51225.8
2073-05-02,16.78,7.49,2.34,264.1,722.6,51405.8
2073-05-03,2.96,11.26,3.25,372.3,771.1,51584.1
2073-05-04,0.0,15.52,1.2,643.0,666.0,51760.6
2073-05-05,2.28,13.74,3.99,411.9,812.4,51935.1
2073-05-06,16.55,13.4,5.05,373.0,874.8,52107.8
2073-05-07,3.86,18.54,8.58,401.4,1115.2,52278.4
2073-05-08,17.13,11.18,5.16,288.0,882.0,52446.9
2073-05-09,12.57,11.09,1.29,410.5,670.5,52613.2
2073-05-10,3.21,6.3,1.11,265.5,661.9,52777.3
2073-05-11,0.58,11.6,3.32,501.1,775.0,52939.1
2073-05-12,0.0,18.75,3.5,636.3,784.7,53098.5
2073-05-13,0.0,19.42,2.9,643.0,752.3,53255.4
2073-05-14,0.0,16.07,5.5,547.7,902.8,53409.7
2073-05-15,2.04,12.64,5.46,434.6,900.4,53561.4
2073-05-16,0.0,19.5,3.98,630.3,811.8,53710.5
2073-05-17,3.12,16.54,5.31,416.9,891.2,53856.7
2073-05-18,10.0,29.65,8.66,473.9,1121.1,54000.0
2073-05-19,1.4,15.71,6.38,485.2,959.5,54140.4
2073-05-20,0.0,13.07,2.17,537.8,714.2,54277.8
2073-05-21,0.0,17.79,1.15,628.2,663.8,54412.0
2073-05-22,2.02,15.89,3.53,552.9,786.3,54543.1
2073-05-23,0.0,17.92,5.62,542.3,910.2,54670.8
2073-05-24,0.0,18.93,4.89,572.8,865.1,54795.2
2073-05-25,0.0,18.59,5.45,555.4,899.9,54916.2
2073-05-26,3.05,11.86,6.62,211.4,975.8,55033.6
2073-05-27,0.0,18.1,5.39,543.0,896.2,55147.4
2073-05-28,0.0,19.79,5.26,571.9,887.9,55257.6
2073-05-29,1.4,13.82,7.0,351.6,1001.7,55364.0
2073-05-30,1.16,19.11,7.51,511.4,1036.8,55466.5
2073-05-31,10.12,17.53,9.27,299.2,1168.5,55565.2
2073-06-01,4.06,18.6,9.0,330.2,1147.3,55659.8
2073-06-02,3.66,15.55,6.79,311.8,987.0,55750.4
2073-06-03,0.77,15.2,5.62,449.3,910.2,55836.9
2073-06-04,0.69,17.37,7.37,456.2,1027.0,55919.2
2073-06-05,0.0,16.81,6.34,469.4,956.6,55997.2
2073-06-06,0.0,19.74,3.95,573.0,810.3,56070.9
2073-06-07,0.0,25.79,4.65,604.8,832.2,56140.2
2073-06-08,0.0,28.58,10.05,565.6,1208.7,56205.1
2073-06-09,4.84,19.11,10.14,284.8,1239.1,56265.6
2073-06-10,0.0,21.82,6.52,531.7,969.2,56321.4
2073-06-11,0.0,30.64,11.47,498.4,1353.5,56372.7
2073-06-12,2.62,22.41,11.66,285.6,1371.1,56419.4
2073-06-13,0.0,21.9,11.25,380.2,1333.9,56461.3
2073-06-14,0.0,15.79,6.29,360.0,953.8,56498.6
2073-06-15,0.0,18.99,4.99,464.4,871.6,56531.2
2073-06-16,14.54,13.38,6.42,211.4,962.4,56558.9
2073-06-17,5.91,18.29,10.28,239.1,1250.4,56581.9
2073-06-18,0.0,25.72,13.36,419.5,1532.9,56600.1
2073-06-19,36.38,26.83,17.29,256.2,1972.0,56613.4
2073-06-20,12.79,23.49,15.3,236.6,1738.2,56621.9
2073-06-21,7.01,20.07,11.83,247.3,1386.3,56625.6
2073-06-22,0.0,21.58,9.47,436.0,1184.7,56624.3
2073-06-23,20.01,18.88,9.4,282.3,1178.6,56618.3
2073-06-24,13.68,23.22,12.2,306.5,1420.1,56607.4
2073-06-25,0.0,23.07,10.55,440.0,1273.6,56591.7
2073-06-26,0.0,19.01,8.95,391.8,1143.3,56571.1
2073-06-27,9.43,19.03,4.78,363.8,858.8,56545.8
2073-06-28,5.85,18.44,8.19,296.8,1086.2,56515.6
2073-06-29,0.4,22.24,7.93,474.6,1067.3,56480.7
2073-06-30,0.0,22.97,9.65,451.3,1199.1,56441.1
2073-07-01,6.52,17.83,13.09,149.3,1506.0,56396.8
2073-07-02,1.46,25.44,14.62,386.6,1663.4,56347.9
2073-07-03,2.79,22.79,13.83,256.2,1579.8,56294.3
2073-07-04,0.0,22.66,12.52,377.3,1450.6,56236.2
2073-07-05,0.0,25.22,9.4,484.2,1178.7,56173.5
2073-07-06,0.0,27.32,11.02,483.2,1313.7,56106.4
2073-07-07,19.66,23.7,14.87,253.4,1690.0,56034.9
2073-07-08,10.1,21.71,14.18,230.3,1616.6,55959.1
2073-07-09,0.0,24.17,12.0,431.7,1402.2,55878.9
2073-07-10,3.94,22.98,11.28,319.9,1336.5,55794.5
2073-07-11,4.93,26.19,13.87,324.8,1584.0,55706.0
2073-07-12,0.0,19.73,11.09,356.6,1320.0,55613.4
2073-07-13,0.0,22.51,9.3,462.6,1171.2,55516.8
2073-07-14,0.0,24.65,7.28,509.9,1021.1,55416.2
2073-07-15,0.0,22.53,10.75,428.9,1290.1,55311.7
2073-07-16,5.2,25.27,12.89,321.4,1486.6,55203.4
2073-07-17,0.0,26.63,14.29,419.9,1628.4,55091.5
2073-07-18,0.0,26.1,15.32,385.3,1739.7,54975.8
2073-07-19,0.0,27.96,16.23,399.7,1843.8,54856.7
2073-07-20,2.25,26.44,14.77,301.0,1679.7,54734.0
2073-07-21,9.26,24.87,12.87,308.9,1484.0,54607.9
2073-07-22,0.0,18.59,8.2,390.8,1087.0,54478.5
2073-07-23,0.0,20.66,5.03,486.5,873.5,54345.9
2073-07-24,0.0,20.07,5.38,471.4,895.2,54210.1
2073-07-25,0.0,24.49,8.37,477.9,1099.3,54071.2
2073-07-26,0.0,26.4,7.74,497.5,1053.5,53929.4
2073-07-27,1.57,20.38,13.04,277.7,1501.4,53784.6
2073-07-28,0.0,20.3,10.4,359.1,1260.2,53637.0
2073-07-29,0.0,21.19,5.66,474.0,912.6,53486.6
2073-07-30,0.0,23.52,6.06,490.0,938.6,53333.6
2073-07-31,2.06,25.43,9.43,459.9,1181.3,53177.9
2073-08-01,0.0,24.87,10.17,438.4,1241.1,53019.8
2073-08-02,0.0,29.07,9.54,483.0,1190.1,52859.2
2073-08-03,3.06,27.86,12.85,317.7,1482.3,52696.3
2073-08-04,0.0,26.81,13.93,386.9,1591.0,52531.0
2073-08-05,15.29,24.57,15.27,230.6,1733.9,52363.6
2073-08-06,0.0,19.62,12.79,242.5,1476.9,52194.1
2073-08-07,0.0,19.55,8.19,373.4,1086.0,52022.5
2073-08-08,0.0,19.93,6.11,423.5,941.7,51848.9
2073-08-09,5.73,22.46,5.99,342.0,934.2,51673.3
2073-08-10,0.0,22.59,6.9,441.8,994.5,51496.0
2073-08-11,0.0,23.12,9.34,403.7,1174.1,51316.8
2073-08-12,0.0,21.46,11.83,311.6,1385.9,51136.0
2073-08-13,2.46,22.92,12.54,247.9,1452.8,50953.4
2073-08-14,0.0,24.12,9.43,417.0,1180.9,50769.4
2073-08-15,8.44,24.99,11.2,297.0,1329.4,50583.7
2073-08-16,0.0,18.47,9.16,308.0,1159.9,50396.6
2073-08-17,0.0,19.79,8.15,363.1,1083.5,50208.2
2073-08-18,3.18,21.28,8.22,291.0,1088.2,50018.3
2073-08-19,3.03,18.18,11.69,165.7,1373.2,49827.2
2073-08-20,3.28,22.55,13.47,218.1,1543.2,49634.9
2073-08-21,0.0,26.39,13.73,363.8,1570.2,49441.3
2073-08-22,8.15,25.02,14.24,245.3,1623.2,49246.7
2073-08-23,0.0,23.22,13.41,309.0,1538.0,49050.9
2073-08-24,0.0,20.58,10.06,335.6,1232.5,48854.2
2073-08-25,0.0,16.08,7.0,311.4,1001.1,48656.4
2073-08-26,0.0,19.57,7.08,380.8,1007.0,48457.8
2073-08-27,0.0,21.74,4.52,441.7,843.0,48258.2
2073-08-28,0.0,23.91,5.08,449.2,876.8,48057.8
2073-08-29,0.0,24.86,6.15,443.0,944.2,47856.6
2073-08-30,0.0,22.32,7.98,394.0,1071.1,47654.7
2073-08-31,4.27,15.96,8.09,196.9,1078.9,47452.0
2073-09-01,3.41,10.1,6.55,100.7,970.8,47248.7
2073-09-02,0.0,18.11,6.36,363.9,958.2,47044.8
2073-09-03,18.78,20.98,4.4,319.8,836.2,46840.2
2073-09-04,6.21,18.09,8.9,223.3,1140.1,46635.1
2073-09-05,12.54,21.74,12.94,207.4,1490.9,46429.5
2073-09-06,10.36,17.44,12.18,134.7,1418.9,46223.4
2073-09-07,10.56,15.86,11.48,116.7,1354.0,46016.8
2073-09-08,0.0,17.84,10.0,266.3,1227.4,45809.8
2073-09-09,0.49,18.79,8.79,322.4,1131.7,45602.5
2073-09-10,0.0,15.62,6.85,298.7,991.3,45394.8
2073-09-11,0.0,22.24,7.44,392.0,1032.2,45186.7
2073-09-12,0.0,22.06,7.04,390.4,1004.2,44978.4
2073-09-13,0.0,25.52,8.68,396.8,1122.7,44769.9
2073-09-14,0.0,24.66,8.99,383.8,1146.6,44561.1
2073-09-15,0.0,20.92,5.3,386.8,890.3,44352.1
2073-09-16,0.0,22.34,8.45,358.6,1105.3,44143.0
2073-09-17,0.0,23.67,10.54,341.2,1272.5,43933.7
2073-09-18,0.0,18.0,10.66,226.3,1282.3,43724.4
2073-09-19,0.0,21.73,11.88,278.7,1390.4,43514.9
2073-09-20,0.0,23.16,9.4,341.8,1178.6,43305.4
2073-09-21,0.0,21.28,5.83,361.8,924.0,43095.9
2073-09-22,0.0,22.8,4.91,375.6,866.7,42886.4
2073-09-23,0.0,26.53,7.95,367.3,1068.7,42677.0
2073-09-24,0.0,26.06,10.8,331.4,1294.8,42467.6
2073-09-25,0.0,29.65,12.49,337.2,1447.4,42258.4
2073-09-26,10.55,27.9,13.25,234.0,1521.3,42049.2
2073-09-27,25.47,20.24,11.4,173.0,1347.6,41840.3
2073-09-28,0.0,15.48,8.14,205.7,1082.9,41631.5
2073-09-29,0.0,10.11,1.22,249.6,667.2,41422.9
2073-09-30,0.0,11.43,-0.36,299.1,594.9,41214.6
2073-10-01,0.0,17.77,-0.36,351.6,595.1,41006.6
2073-10-02,0.0,13.4,-0.3,310.8,597.6,40798.9
2073-10-03,0.0,15.84,-2.46,347.0,509.7,40591.5
2073-10-04,27.02,22.85,3.9,252.0,807.2,40384.6
2073-10-05,1.77,17.16,7.18,232.8,1013.9,40178.0
2073-10-06,0.0,14.58,2.57,265.2,734.5,39971.9
2073-10-07,2.79,17.48,1.08,230.7,660.2,39766.2
2073-10-08,8.45,20.46,8.78,180.0,1130.6,39561.1
2073-10-09,10.49,16.77,9.76,117.7,1207.8,39356.6
2073-10-10,0.94,21.43,8.04,256.1,1075.5,39152.6
2073-10-11,0.0,10.08,1.26,196.7,669.0,38949.3
2073-10-12,0.0,11.79,-1.56,264.8,544.7,38746.6
2073-10-13,2.45,13.98,-2.46,218.9,509.9,38544.7
2073-10-14,0.0,16.61,3.67,249.0,794.3,38343.5
2073-10-15,15.09,15.38,6.51,140.4,968.5,38143.1
2073-10-16,0.67,11.17,1.83,199.4,697.0,37943.5
2073-10-17,0.0,8.9,-1.8,221.8,535.1,37744.9
2073-10-18,0.0,12.32,1.39,217.9,675.5,37547.1
2073-10-19,0.0,20.06,1.07,281.4,660.0,37350.4
2073-10-20,0.0,14.15,1.91,225.8,701.2,37154.6
2073-10-21,0.0,11.72,0.08,218.9,614.3,36959.9
2073-10-22,0.0,11.02,-1.11,224.8,563.1,36766.4
2073-10-23,0.0,15.17,1.06,240.7,659.5,36574.0
2073-10-24,0.0,18.73,4.34,236.2,832.7,36382.9
2073-10-25,26.03,17.88,11.51,93.6,1356.8,36193.1
2073-10-26,62.02,16.09,12.25,59.6,1424.9,36004.6
2073-10-27,0.0,12.71,4.09,169.1,818.2,35817.5
2073-10-28,0.0,12.07,-0.06,213.7,608.0,35631.9
2073-10-29,0.03,13.34,4.98,158.5,871.0,35447.8
2073-10-30,14.16,16.34,6.27,134.5,952.6,35265.2
2073-10-31,0.0,9.6,2.28,144.2,720.0,35084.4
2073-11-01,4.42,6.52,-1.4,117.1,551.3,34905.2
2073-11-02,15.94,11.19,0.2,147.1,619.6,34727.8
2073-11-03,15.36,13.61,3.0,141.9,757.7,34552.3
2073-11-04,0.0,4.24,-2.81,142.5,496.6,34378.7
2073-11-05,8.41,10.1,-5.64,171.6,401.2,34207.0
2073-11-06,11.86,14.02,-2.29,169.2,516.2,34037.5
2073-11-07,0.0,0.1,-4.58,96.8,434.7,33870.0
2073-11-08,0.0,3.11,-7.81,187.7,339.6,33704.8
2073-11-09,2.22,4.22,-6.06,149.0,388.5,33541.9
2073-11-10,1.88,0.91,-7.64,173.7,344.0,33381.3
2073-11-11,0.0,-1.08,-8.61,157.9,319.0,33223.1
2073-11-12,0.0,-0.33,-9.89,188.2,288.4,33067.5
2073-11-13,0.0,1.52,-11.18,217.8,260.2,32914.4
2073-11-14,0.0,0.56,-9.06,183.6,307.8,32764.0
2073-11-15,0.0,0.3,-11.43,203.5,255.0,32616.4
2073-11-16,10.61,0.83,-7.8,125.7,339.7,32471.6
2073-11-17,6.4,0.72,-5.82,100.3,395.8,32329.7
2073-11-18,3.26,-1.9,-8.76,107.0,315.3,32190.8
2073-11-19,16.83,3.55,-4.99,124.0,421.6,32055.0
2073-11-20,0.0,-2.86,-9.37,135.9,300.4,31922.3
2073-11-21,0.0,-0.83,-13.29,203.0,219.4,31792.9
2073-11-22,3.26,1.38,-6.56,117.1,374.0,31666.8
2073-11-23,0.0,-2.41,-7.61,112.6,344.8,31544.1
2073-11-24,0.15,0.85,-6.01,139.2,390.2,31424.9
2073-11-25,0.66,6.62,-1.38,149.8,552.0,31309.3
2073-11-26,1.47,1.09,-6.63,148.1,371.8,31197.3
2073-11-27,0.0,-5.2,-10.44,110.0,276.2,31089.0
2073-11-28,0.74,-1.36,-14.54,195.5,198.1,30984.5
2073-11-29,0.86,4.73,-9.49,195.4,297.6,30883.9
2073-11-30,1.61,-0.13,-11.71,180.4,249.4,30787.2
2073-12-01,0.0,1.97,-5.85,140.1,394.8,30694.6
2073-12-02,0.0,-0.38,-3.58,65.4,468.8,30606.0
2073-12-03,1.48,-1.02,-4.01,62.0,454.0,30521.6
2073-12-04,0.0,-0.57,-6.63,116.3,372.0,30441.4
2073-12-05,14.88,2.61,-6.35,117.6,380.1,30365.6
2073-12-06,0.0,4.23,-3.97,147.8,455.4,30294.0
2073-12-07,0.0,0.0,-4.07,84.1,451.9,30226.9
2073-12-08,0.0,-1.13,-6.4,107.3,378.5,30164.2
2073-12-09,6.4,-1.55,-8.18,98.0,329.8,30106.1
2073-12-10,3.78,-3.71,-11.2,107.2,259.9,30052.5
2073-12-11,0.0,-10.42,-18.96,155.3,136.6,30003.5
2073-12-12,17.57,-2.17,-21.23,148.1,112.2,29959.2
2073-12-13,10.84,-0.8,-15.52,143.0,182.7,29919.5
2073-12-14,0.0,-10.75,-17.76,135.4,151.3,29884.6
2073-12-15,0.0,-11.62,-18.84,139.5,138.0,29854.4
2073-12-16,0.0,-10.95,-19.04,150.3,135.7,29829.0
2073-12-17,0.0,-13.11,-20.97,147.4,114.7,29808.5
2073-12-18,0.0,-12.2,-22.26,167.7,102.5,29792.7
2073-12-19,2.69,-4.96,-16.1,130.7,174.0,29781.8
2073-12-20,0.0,-2.01,-12.7,168.5,230.3,29775.7
2073-12-21,0.0,-11.46,-17.35,117.6,156.7,29774.4
2073-12-22,0.0,-12.53,-22.9,169.7,96.8,29778.1
2073-12-23,22.4,-6.88,-23.1,146.7,95.1,29786.5
2073-12-24,3.15,-6.35,-18.66,136.1,140.2,29799.8
2073-12-25,4.97,-11.77,-18.66,98.6,140.1,29818.0
2073-12-26,0.0,-10.53,-19.79,159.7,127.2,29840.9
2073-12-27,0.13,-18.14,-23.9,114.0,88.5,29868.6
2073-12-28,0.0,-17.58,-22.51,101.9,100.2,29901.2
2073-12-29,0.0,-16.77,-23.35,132.5,93.0,29938.4
2073-12-30,0.0,-18.19,-25.12,139.8,79.3,29980.4
2073-12-31,0.0,-16.14,-23.56,147.4,91.3,30027.0
2074-01-01,0.0,-17.8,-22.68,85.5,98.7,30078.5
2074-01-02,0.0,-15.84,-22.93,119.2,96.5,30134.3
2074-01-03,0.0,-13.61,-27.85,184.9,61.7,30194.7
2074-01-04,24.64,-4.14,-20.56,148.3,118.9,30259.6
2074-01-05,8.02,-6.33,-20.01,141.6,124.8,30328.9
2074-01-06,0.0,-18.78,-22.94,78.4,96.5,30402.6
2074-01-07,0.0,-15.99,-25.5,157.7,76.6,30480.7
2074-01-08,6.42,-9.3,-19.56,125.9,129.7,30562.9
2074-01-09,0.0,-4.38,-13.28,152.4,219.6,30649.4
2074-01-10,0.0,-3.87,-14.67,174.3,196.0,30740.0
2074-01-11,2.53,4.34,-8.44,142.8,323.2,30834.6
2074-01-12,22.97,9.34,-1.95,132.2,529.3,30933.3
2074-01-13,14.33,-4.21,-13.79,126.5,210.7,31035.8
2074-01-14,0.0,-15.75,-23.17,142.9,94.5,31142.2
2074-01-15,0.0,-16.1,-29.23,207.4,54.2,31252.3
2074-01-16,0.0,-11.6,-24.17,204.6,86.4,31366.2
2074-01-17,0.0,-5.45,-20.54,222.0,119.2,31483.6
2074-01-18,0.0,-4.71,-13.42,166.3,217.1,31604.5
2074-01-19,0.0,-4.0,-12.45,164.0,235.0,31728.9
2074-01-20,10.11,2.3,-9.07,151.2,307.6,31856.7
2074-01-21,0.0,-7.19,-14.71,155.6,195.4,31987.7
2074-01-22,6.69,-10.19,-18.12,124.7,146.7,32121.9
2074-01-23,28.8,-4.4,-14.84,154.8,193.3,32259.3
2074-01-24,2.09,-5.17,-14.59,196.1,197.3,32399.7
2074-01-25,0.0,-13.48,-19.5,140.4,130.4,32543.0
2074-01-26,0.0,-10.93,-23.17,236.1,94.5,32689.2
2074-01-27,0.0,0.83,-22.83,281.2,97.4,32838.2
2074-01-28,0.0,4.16,-12.26,266.5,238.6,32989.9
2074-01-29,0.0,-7.74,-18.17,223.8,146.2,33144.3
2074-01-30,0.0,-11.43,-18.82,178.0,138.2,33301.2
2074-01-31,1.48,-9.59,-18.54,206.7,141.6,33460.6
2074-02-01,0.99,-2.87,-15.28,252.4,186.3,33622.3
2074-02-02,0.0,-6.42,-18.22,251.5,145.5,33786.4
2074-02-03,0.0,-15.36,-25.73,240.7,75.0,33952.8
2074-02-04,10.66,-1.99,-21.67,232.8,108.0,34121.3
2074-02-05,2.07,-0.87,-16.69,294.6,165.6,34291.9
2074-02-06,0.0,-6.75,-18.68,264.2,140.0,34464.5
2074-02-07,11.85,-11.13,-22.32,196.0,102.0,34639.0
2074-02-08,0.0,-9.35,-20.45,261.2,120.0,34815.5
2074-02-09,0.0,-8.24,-23.78,310.9,89.5,34993.8
2074-02-10,2.34,-4.29,-21.05,242.3,114.0,35173.8
2074-02-11,3.66,-2.57,-11.87,178.4,246.2,35355.5
2074-02-12,0.0,-1.06,-13.01,282.9,224.5,35538.8
2074-02-13,0.0,-8.4,-20.78,292.9,116.7,35723.7
2074-02-14,0.0,1.24,-14.55,329.0,198.0,35910.0
2074-02-15,1.33,4.1,-6.79,272.2,367.4,36097.8
2074-02-16,0.0,1.64,-11.0,305.2,264.1,36287.0
2074-02-17,1.13,-6.26,-19.3,316.4,132.7,36477.5
2074-02-18,0.0,0.52,-13.5,327.7,215.8,36669.2
2074-02-19,0.0,3.96,-14.9,368.4,192.3,36862.2
2074-02-20,6.19,2.32,-5.94,172.6,392.0,37056.3
2074-02-21,0.0,9.37,-6.48,348.6,376.3,37251.5
2074-02-22,0.0,-5.82,-15.36,265.5,185.0,37447.8
2074-02-23,2.28,-2.74,-19.78,281.3,127.3,37645.0
2074-02-24,0.0,0.52,-12.82,332.3,228.0,37843.2
2074-02-25,2.47,-1.81,-16.52,267.4,168.0,38042.3
2074-02-26,0.0,3.59,-8.22,318.2,328.9,38242.3
2074-02-27,2.6,2.72,-8.87,241.9,312.5,38443.1
2074-02-28,5.9,3.16,-5.06,188.2,419.3,38644.7
2074-03-01,6.79,-2.13,-5.56,88.7,403.8,38847.0
2074-03-02,1.21,0.37,-6.68,229.1,370.5,39050.0
2074-03-03,0.0,2.57,-3.24,196.0,480.9,39253.6
2074-03-04,0.0,0.91,-2.54,126.4,506.6,39457.9
2074-03-05,0.0,2.38,-3.26,200.6,480.2,39662.7
2074-03-06,0.0,-0.15,-3.66,137.8,465.9,39868.1
2074-03-07,0.0,-1.34,-3.94,111.6,456.4,40074.0
2074-03-08,11.58,-2.23,-4.24,71.1,446.2,40280.3
2074-03-09,7.01,0.83,-3.56,140.3,469.7,40487.1
2074-03-10,6.08,0.39,-3.59,132.2,468.6,40694.3
2074-03-11,1.41,2.2,-5.9,334.8,393.5,40901.8
2074-03-12,0.0,1.66,-7.03,362.4,360.7,41109.7
2074-03-13,3.46,0.62,-4.62,184.8,433.4,41317.8
2074-03-14,13.37,-0.39,-3.47,117.8,472.6,41526.3
2074-03-15,4.79,-0.49,-3.65,124.6,466.5,41734.9
2074-03-16,0.0,-2.58,-10.51,379.0,274.6,41943.8
2074-03-17,0.0,-9.3,-15.45,323.0,183.8,42152.9
2074-03-18,0.0,-8.01,-17.45,439.5,155.4,42362.1
2074-03-19,0.0,-5.53,-16.65,478.7,166.2,42571.4
2074-03-20,0.0,-3.04,-13.67,474.7,212.8,42780.8
2074-03-21,0.0,4.53,-15.68,544.5,180.2,42990.3
2074-03-22,0.0,4.02,-9.43,515.3,299.0,43199.8
2074-03-23,0.0,5.41,-6.41,499.0,378.2,43409.3
2074-03-24,0.77,3.37,-6.38,464.3,379.1,43618.7
2074-03-25,0.0,2.45,-7.35,475.6,351.8,43828.1
2074-03-26,0.0,4.61,-13.36,563.1,218.2,44037.5
2074-03-27,0.0,7.71,-12.47,569.9,234.6,44246.7
2074-03-28,0.0,5.51,-4.98,493.3,422.0,44455.7
2074-03-29,7.21,7.64,-2.72,368.9,499.8,44664.6
2074-03-30,8.97,5.22,-0.72,259.2,579.3,44873.3
2074-03-31,0.0,4.13,-5.01,468.6,420.9,45081.7
2074-04-01,0.0,6.33,-4.35,505.5,442.5,45289.9
2074-04-02,0.0,1.49,-9.51,518.1,297.2,45497.8
2074-04-03,4.38,3.94,-8.2,403.2,329.2,45705.3
2074-04-04,26.66,-0.59,-6.55,262.8,374.1,45912.5
2074-04-05,0.0,-4.16,-10.91,390.1,266.0,46119.2
2074-04-06,4.95,1.29,-16.05,459.2,174.7,46325.6
2074-04-07,3.28,2.38,-7.4,365.7,350.6,46531.4
2074-04-08,0.0,0.48,-10.04,509.3,285.0,46736.8
2074-04-09,0.0,-2.66,-12.55,491.2,233.1,46941.7
2074-04-10,0.0,2.81,-13.98,613.3,207.4,47145.9
2074-04-11,0.0,5.72,-10.36,603.4,277.9,47349.6
2074-04-12,4.31,7.5,-5.04,405.8,420.1,47552.6
2074-04-13,0.0,7.61,-1.56,439.9,544.7,47754.9
2074-04-14,0.0,0.38,-8.36,429.7,325.2,47956.4
2074-04-15,0.0,-0.36,-11.94,521.9,244.9,48157.2
2074-04-16,12.43,0.95,-7.23,307.4,355.1,48357.2
2074-04-17,16.02,4.02,-1.46,216.9,549.0,48556.4
2074-04-18,2.2,4.56,-1.08,225.9,564.5,48754.6
2074-04-19,1.31,6.33,-0.23,348.0,600.5,48951.8
2074-04-20,1.2,6.39,-0.35,368.8,595.4,49148.1
2074-04-21,0.0,6.86,-1.22,434.6,558.7,49343.3
2074-04-22,0.0,8.29,-3.32,554.6,478.2,49537.4
2074-04-23,0.0,14.14,-4.14,648.7,442.3,49730.4
2074-04-24,0.0,18.11,-1.27,651.0,499.8,49922.1
2074-04-25,16.75,15.49,2.8,421.1,746.8,50112.6
2074-04-26,25.47,11.23,5.34,248.1,892.8,50301.8
2074-04-27,3.74,14.93,3.89,398.4,806.9,50489.6
2074-04-28,2.05,12.06,3.71,446.0,796.3,50675.9
2074-04-29,0.0,14.41,2.09,564.3,710.0,50860.8
2074-04-30,18.72,6.03,2.76,148.5,744.9,51044.1
2074-05-01,0.0,12.29,2.35,507.0,723.1,51225.8
2074-05-02,3.49,24.17,3.7,485.9,796.1,51405.8
2074-05-03,7.02,8.49,4.14,190.6,821.2,51584.1
2074-05-04,10.47,11.12,4.11,290.3,819.4,51760.6
2074-05-05,0.0,15.58,4.47,530.0,840.0,51935.1
2074-05-06,0.0,16.32,3.91,566.2,807.7,52107.8
2074-05-07,0.0,11.63,0.14,552.5,616.9,52278.4
2074-05-08,0.0,22.22,-0.87,668.9,547.2,52446.9
2074-05-09,0.0,19.61,2.55,627.5,710.6,52613.2
2074-05-10,1.57,22.92,5.2,626.0,836.8,52777.3
2074-05-11,0.0,9.63,-1.31,528.0,554.9,52939.1
2074-05-12,0.0,13.93,-3.43,643.1,474.2,53098.5
2074-05-13,0.0,19.67,0.05,650.9,582.2,53255.4
2074-05-14,0.0,24.68,4.88,636.6,796.5,53409.7
2074-05-15,0.0,18.48,2.67,598.7,724.1,53561.4
2074-05-16,0.0,13.06,-2.4,599.8,511.9,53710.5
2074-05-17,0.0,10.66,0.25,472.7,622.1,53856.7
2074-05-18,0.0,13.9,-2.53,605.7,507.1,54000.0
2074-05-19,10.46,21.15,-0.95,486.6,569.6,54140.4
2074-05-20,0.0,16.6,3.18,523.0,767.4,54277.8
2074-05-21,0.0,17.88,2.05,567.9,708.1,54412.0
2074-05-22,0.18,24.08,0.2,650.1,569.1,54543.1
2074-05-23,8.79,13.72,2.25,347.7,717.9,54670.8
2074-05-24,2.89,17.01,0.08,439.6,614.4,54795.2
2074-05-25,7.2,23.57,6.14,430.1,944.1,54916.2
2074-05-26,0.0,17.97,6.14,457.0,943.7,55033.6
2074-05-27,0.0,19.3,1.06,589.8,655.0,55147.4
2074-05-28,1.61,17.58,6.8,417.5,987.5,55257.6
2074-05-29,0.0,20.44,8.08,455.8,1078.4,55364.0
2074-05-30,0.0,23.82,3.57,594.6,750.3,55466.5
2074-05-31,0.0,29.93,7.45,598.5,935.6,55565.2
2074-06-01,4.4,26.54,13.24,331.9,1520.4,55659.8
2074-06-02,0.0,17.52,6.53,398.5,969.4,55750.4
2074-06-03,0.0,17.43,0.96,529.9,654.6,55836.9
2074-06-04,1.48,13.3,2.97,379.5,756.0,55919.2
2074-06-05,1.46,10.0,4.71,209.3,854.4,55997.2
2074-06-06,0.0,18.86,5.31,460.9,891.1,56070.9
2074-06-07,4.27,18.47,5.13,345.3,879.9,56140.2
2074-06-08,0.0,18.99,8.49,381.4,1108.2,56205.1
2074-06-09,0.0,18.15,6.5,420.0,967.8,56265.6
2074-06-10,0.0,14.98,5.22,367.9,885.2,56321.4
2074-06-11,0.0,17.64,0.83,539.3,640.7,56372.7
2074-06-12,0.0,25.1,2.91,593.5,679.1,56419.4
2074-06-13,7.24,17.85,7.49,286.6,1035.9,56461.3
2074-06-14,14.9,10.72,4.48,190.5,840.8,56498.6
2074-06-15,0.0,23.67,1.47,594.6,623.0,56531.2
2074-06-16,0.0,25.89,7.68,535.6,981.9,56558.9
2074-06-17,4.17,19.35,8.52,262.5,1111.1,56581.9
2074-06-18,7.99,22.86,11.45,272.3,1351.4,56600.1
2074-06-19,0.0,19.82,10.74,307.8,1289.3,56613.4
2074-06-20,2.52,23.47,7.67,342.9,1048.4,56621.9
2074-06-21,0.0,17.21,5.25,400.3,887.1,56625.6
2074-06-22,0.0,23.48,2.79,521.9,734.0,56624.3
2074-06-23,0.0,25.23,8.32,471.7,1095.2,56618.3
2074-06-24,0.0,21.0,11.07,336.1,1317.9,56607.4
2074-06-25,0.0,18.18,8.37,340.3,1099.2,56591.7
2074-06-26,0.0,22.29,5.23,486.5,885.8,56571.1
2074-06-27,0.0,27.85,9.27,488.6,1141.1,56545.8
2074-06-28,8.25,19.67,12.28,194.5,1428.3,56515.6
2074-06-29,11.97,26.48,14.67,280.9,1668.5,56480.7
2074-06-30,4.59,23.35,11.46,294.6,1353.1,56441.1
2074-07-01,0.0,25.71,14.64,365.9,1665.2,56396.8
2074-07-02,2.42,30.3,15.42,322.6,1751.2,56347.9
2074-07-03,0.0,30.65,17.52,395.4,2001.5,56294.3
2074-07-04,0.0,30.84,14.81,449.1,1621.0,56236.2
2074-07-05,7.16,33.77,16.75,332.5,1906.1,56173.5
2074-07-06,5.41,23.68,12.44,274.8,1443.2,56106.4
2074-07-07,0.0,22.9,7.85,451.1,1061.5,56034.9
2074-07-08,0.0,27.99,12.68,437.6,1452.3,55959.1
2074-07-09,0.0,31.07,16.04,418.2,1807.8,55878.9
2074-07-10,0.69,26.53,12.87,405.6,1484.4,55794.5
2074-07-11,0.0,22.33,7.17,448.1,1012.8,55706.0
2074-07-12,0.0,21.91,8.98,409.1,1146.0,55613.4
2074-07-13,0.0,25.36,7.67,480.2,1022.0,55516.8
2074-07-14,0.0,20.18,10.91,310.9,1304.3,55416.2
2074-07-15,0.57,24.21,14.56,318.4,1656.4,55311.7
2074-07-16,0.0,29.38,14.09,434.2,1560.0,55203.4
2074-07-17,16.47,22.55,15.3,187.8,1738.2,55091.5
2074-07-18,0.0,21.39,11.19,345.2,1329.1,54975.8
2074-07-19,0.0,25.29,6.99,489.1,952.7,54856.7
2074-07-20,0.0,29.92,11.38,477.1,1258.6,54734.0
2074-07-21,0.0,30.07,13.89,439.3,1525.8,54607.9
2074-07-22,1.94,28.44,12.54,441.9,1405.9,54478.5
2074-07-23,16.79,25.94,17.11,215.9,1950.1,54345.9
2074-07-24,0.0,30.57,20.59,303.6,2423.4,54210.1
2074-07-25,0.0,29.9,20.15,299.6,2358.9,54071.2
2074-07-26,34.57,23.67,19.35,113.6,2245.0,53929.4
2074-07-27,0.0,28.43,17.74,341.3,2030.0,53784.6
2074-07-28,5.02,26.8,16.89,243.1,1923.3,53637.0
2074-07-29,3.55,25.42,15.05,256.3,1710.0,53486.6
2074-07-30,0.0,26.99,13.12,416.2,1495.8,53333.6
2074-07-31,0.0,28.82,13.76,429.0,1534.9,53177.9
2074-08-01,0.0,27.97,13.9,413.3,1565.5,53019.8
2074-08-02,1.75,28.14,16.01,370.8,1817.9,52859.2
2074-08-03,0.0,27.83,16.57,352.8,1884.8,52696.3
2074-08-04,2.49,22.05,16.72,145.1,1902.6,52531.0
2074-08-05,0.0,28.43,15.56,392.2,1737.5,52363.6
2074-08-06,0.0,29.38,17.06,376.4,1929.9,52194.1
2074-08-07,33.16,26.15,16.49,243.1,1875.0,52022.5
2074-08-08,17.48,27.15,14.82,290.5,1685.1,51848.9
2074-08-09,22.6,24.61,15.29,241.5,1736.2,51673.3
2074-08-10,0.0,21.98,12.32,342.2,1431.3,51496.0
2074-08-11,0.0,26.83,9.12,471.2,1156.5,51316.8
2074-08-12,0.0,28.18,12.17,445.5,1417.8,51136.0
2074-08-13,0.0,28.99,13.41,432.2,1537.9,50953.4
2074-08-14,7.31,26.44,15.97,254.1,1813.5,50769.4
2074-08-15,19.95,25.96,15.2,261.8,1726.3,50583.7
2074-08-16,0.0,21.39,10.3,367.6,1252.1,50396.6
2074-08-17,7.52,24.42,7.77,339.0,1055.7,50208.2
2074-08-18,4.7,23.57,10.93,294.0,1306.1,50018.3
2074-08-19,0.0,22.71,8.99,415.7,1146.5,49827.2
2074-08-20,0.0,23.81,9.12,427.2,1156.8,49634.9
2074-08-21,0.0,24.47,10.78,408.5,1292.8,49441.3
2074-08-22,3.63,19.78,12.78,188.9,1476.0,49246.7
2074-08-23,0.0,22.54,12.49,334.1,1447.3,49050.9
2074-08-24,0.0,24.7,11.48,393.2,1354.5,48854.2
2074-08-25,0.0,27.63,13.16,397.7,1513.0,48656.4
2074-08-26,0.0,25.87,14.61,339.9,1662.3,48457.8
2074-08-27,0.0,27.3,15.89,336.1,1804.8,48258.2
2074-08-28,0.0,28.37,16.16,346.5,1836.0,48057.8
2074-08-29,10.59,23.09,13.97,218.1,1594.7,47856.6
2074-08-30,0.0,19.14,9.93,304.9,1221.2,47654.7
2074-08-31,0.0,20.46,6.12,406.4,942.2,47452.0
2074-09-01,0.0,22.95,6.64,422.2,977.0,47248.7
2074-09-02,4.63,22.69,11.66,249.9,1370.3,47044.8
2074-09-03,5.24,26.93,14.88,252.2,1691.1,46840.2
2074-09-04,0.0,24.1,11.72,349.5,1376.4,46635.1
2074-09-05,1.43,24.65,8.9,397.5,1139.7,46429.5
2074-09-06,0.0,23.48,9.08,377.2,1153.5,46223.4
2074-09-07,0.0,19.25,5.57,372.3,907.4,46016.8
2074-09-08,0.0,14.39,3.61,322.5,790.7,45809.8
2074-09-09,0.0,15.28,1.55,372.6,683.0,45602.5
2074-09-10,1.43,17.91,0.15,415.0,617.4,45394.8
2074-09-11,9.4,15.53,6.66,202.6,978.2,45186.7
2074-09-12,0.0,21.72,10.25,317.6,1247.8,44978.4
2074-09-13,0.0,26.18,9.03,384.8,1149.9,44769.9
2074-09-14,0.0,27.64,10.63,374.3,1280.0,44561.1
2074-09-15,1.74,28.13,12.32,354.4,1431.2,44352.1
2074-09-16,0.0,23.5,12.22,293.8,1422.3,44143.0
2074-09-17,0.0,28.64,11.38,364.0,1345.2,43933.7
2074-09-18,7.2,16.33,8.62,166.5,1118.1,43724.4
2074-09-19,0.54,11.74,6.68,156.0,979.9,43514.9
2074-09-20,0.51,13.77,5.85,234.6,924.9,43305.4
2074-09-21,9.89,15.46,5.03,215.1,874.0,43095.9
2074-09-22,0.0,16.1,3.7,318.6,796.0,42886.4
2074-09-23,0.0,10.78,-0.34,301.1,595.8,42677.0
2074-09-24,0.0,11.64,-3.12,352.5,485.3,42467.6
2074-09-25,3.1,14.18,-0.73,260.2,578.9,42258.4
2074-09-26,18.2,21.61,6.99,245.2,1000.8,42049.2
2074-09-27,0.0,15.54,4.99,270.4,871.6,41840.3
2074-09-28,0.0,15.49,5.17,263.0,882.4,41631.5
2074-09-29,1.16,13.91,3.72,259.4,797.4,41422.9
2074-09-30,0.0,12.86,2.79,257.9,746.1,41214.6
2074-10-01,0.0,13.37,1.64,286.2,687.5,41006.6
2074-10-02,1.39,11.17,1.33,252.5,672.5,40798.9
2074-10-03,0.0,11.85,5.16,181.2,881.5,40591.5
2074-10-04,0.39,15.98,4.66,270.8,851.2,40384.6
2074-10-05,0.0,10.73,-0.54,275.3,587.0,40178.0
2074-10-06,2.25,10.63,-0.13,199.3,605.0,39971.9
2074-10-07,0.0,7.58,-0.15,207.7,603.9,39766.2
2074-10-08,4.71,9.51,-0.2,184.1,601.8,39561.1
2074-10-09,7.59,17.49,3.65,219.9,793.2,39356.6
2074-10-10,5.34,11.93,4.59,144.9,847.2,39152.6
2074-10-11,33.56,4.82,2.48,54.7,729.9,38949.3
2074-10-12,3.23,10.29,3.04,144.7,759.8,38746.6
2074-10-13,0.0,5.64,0.78,139.8,646.2,38544.7
2074-10-14,0.0,8.84,0.4,223.8,628.8,38343.5
2074-10-15,8.08,13.25,0.82,209.0,648.2,38143.1
2074-10-16,0.0,9.55,0.17,237.5,618.2,37943.5
2074-10-17,3.05,7.64,-0.28,159.9,598.4,37744.9
2074-10-18,0.0,3.38,-2.39,164.9,512.5,37547.1
2074-10-19,0.0,5.65,-4.97,252.6,422.3,37350.4
2074-10-20,0.0,13.65,0.42,268.9,629.7,37154.6
2074-10-21,0.0,4.23,-1.67,159.0,540.5,36959.9
2074-10-22,0.0,2.56,-4.5,186.3,437.5,36766.4
2074-10-23,0.0,4.31,-6.22,241.6,383.8,36574.0
2074-10-24,0.76,2.82,-2.95,156.6,491.3,36382.9
2074-10-25,0.0,2.51,-3.34,160.2,477.5,36193.1
2074-10-26,0.0,2.22,-5.38,198.2,409.4,36004.6
2074-10-27,12.27,1.54,-9.34,205.0,301.1,35817.5
2074-10-28,5.96,3.23,-3.8,153.8,461.1,35631.9
2074-10-29,3.55,5.22,-0.43,127.0,592.0,35447.8
2074-10-30,1.65,4.06,-0.25,133.4,599.8,35265.2
2074-10-31,0.0,2.94,-1.54,139.7,545.8,35084.4
2074-11-01,1.93,6.36,0.61,170.2,638.5,34905.2
2074-11-02,18.75,4.32,1.47,61.4,679.3,34727.8
2074-11-03,19.12,6.41,1.31,104.0,671.4,34552.3
2074-11-04,0.0,4.37,-0.45,133.4,591.0,34378.7
2074-11-05,0.0,2.62,-3.71,167.6,464.2,34207.0
2074-11-06,9.37,7.51,0.29,134.0,623.8,34037.5
2074-11-07,0.0,9.62,4.14,142.6,820.9,33870.0
2074-11-08,0.0,7.34,1.88,145.2,699.6,33704.8
2074-11-09,4.63,3.86,-2.48,122.6,509.0,33541.9
2074-11-10,8.23,2.15,-2.11,87.6,523.2,33381.3
2074-11-11,0.0,-1.69,-5.97,117.9,391.4,33223.1
2074-11-12,0.0,-1.16,-9.35,186.4,301.1,33067.5
2074-11-13,12.35,-0.88,-8.17,145.3,330.0,32914.4
2074-11-14,0.0,-4.75,-13.19,209.9,221.4,32764.0
2074-11-15,0.0,-4.49,-15.08,227.5,189.5,32616.4
2074-11-16,10.44,-5.88,-13.31,144.9,219.1,32471.6
2074-11-17,0.0,-0.99,-9.49,201.8,297.6,32329.7
2074-11-18,0.0,-5.15,-13.57,200.5,214.4,32190.8
2074-11-19,1.67,-4.46,-15.99,223.7,175.6,32055.0
2074-11-20,2.51,-5.16,-11.45,123.5,254.7,31922.3
2074-11-21,1.23,-5.87,-12.43,167.7,235.3,31792.9
2074-11-22,0.0,-9.87,-16.52,169.8,168.0,31666.8
2074-11-23,0.0,-5.71,-13.59,184.3,214.1,31544.1
2074-11-24,0.0,2.58,-9.3,209.6,302.2,31424.9
2074-11-25,1.79,0.3,-8.75,188.6,315.5,31309.3
2074-11-26,0.0,1.89,-5.78,171.4,396.8,31197.3
2074-11-27,15.56,0.83,-3.18,78.0,483.2,31089.0
2074-11-28,4.54,1.22,-0.48,36.3,589.6,30984.5
2074-11-29,0.0,0.17,-4.2,110.9,447.5,30883.9
2074-11-30,0.0,-0.7,-8.06,162.2,333.1,30787.2
2074-12-01,0.0,-2.61,-7.3,116.3,353.1,30694.6
2074-12-02,14.29,-1.26,-4.86,68.1,425.8,30606.0
2074-12-03,2.36,0.51,-3.58,75.3,468.8,30521.6
2074-12-04,0.0,-4.19,-9.21,119.8,304.3,30441.4
2074-12-05,0.0,-5.91,-13.84,163.6,209.8,30365.6
2074-12-06,1.71,-8.01,-18.99,186.2,136.2,30294.0
2074-12-07,1.59,-4.83,-15.97,183.9,175.9,30226.9
2074-12-08,0.0,-12.88,-19.21,137.7,133.6,30164.2
2074-12-09,2.46,-10.47,-22.44,140.0,100.9,30106.1
2074-12-10,0.0,-8.56,-19.68,178.7,128.4,30052.5
2074-12-11,0.0,-10.3,-21.86,178.9,106.2,30003.5
2074-12-12,0.0,-11.43,-21.66,170.0,108.1,29959.2
2074-12-13,0.0,-9.11,-23.89,187.3,88.6,29919.5
2074-12-14,0.56,-0.29,-20.81,191.6,116.4,29884.6
2074-12-15,0.0,2.67,-8.27,165.1,327.5,29854.4
2074-12-16,0.0,0.57,-8.3,148.2,326.9,29829.0
2074-12-17,12.19,-2.04,-8.35,89.5,325.5,29808.5
2074-12-18,0.0,-3.59,-7.63,81.7,344.4,29792.7
2074-12-19,0.0,-3.23,-11.83,149.8,247.0,29781.8
2074-12-20,0.0,-0.91,-11.33,163.9,257.2,29775.7
2074-12-21,49.77,7.83,-5.36,131.1,409.8,29774.4
2074-12-22,7.42,9.93,-2.87,127.9,494.5,29778.1
2074-12-23,0.0,-3.29,-11.12,136.2,261.4,29786.5
2074-12-24,0.0,-9.13,-15.15,114.7,188.4,29799.8
2074-12-25,0.0,-10.63,-16.86,119.4,163.3,29818.0
2074-12-26,0.0,-7.91,-16.9,153.3,162.7,29840.9
2074-12-27,0.0,-11.3,-17.46,117.9,155.3,29868.6
2074-12-28,9.42,-0.82,-16.38,140.8,170.1,29901.2
2074-12-29,3.17,0.54,-14.7,139.5,195.5,29938.4
2074-12-30,0.0,-10.66,-20.12,153.6,123.6,29980.4
2074-12-31,9.61,-4.29,-16.19,129.7,172.7,30027.0
2075-01-01,10.54,-0.41,-16.45,142.6,169.0,30078.5
2075-01-02,1.48,-13.27,-24.02,159.9,87.6,30134.3
2075-01-03,1.69,-9.02,-25.61,196.4,75.8,30194.7
2075-01-04,0.77,-0.18,-13.52,179.9,215.4,30259.6
2075-01-05,0.51,0.47,-4.16,79.5,448.8,30328.9
2075-01-06,0.0,-1.08,-9.84,140.2,289.6,30402.6
2075-01-07,0.0,-9.4,-18.26,144.7,145.1,30480.7
2075-01-08,7.84,-3.37,-17.63,145.8,153.0,30562.9
2075-01-09,10.44,-1.63,-7.4,77.2,350.5,30649.4
2075-01-10,0.25,-3.21,-7.77,84.0,340.4,30740.0
2075-01-11,0.0,-8.89,-16.25,131.3,171.8,30834.6
2075-01-12,0.0,-13.64,-19.56,110.3,129.8,30933.3
2075-01-13,0.0,-10.77,-21.96,182.0,105.3,31035.8
2075-01-14,0.0,-9.72,-22.17,195.4,103.3,31142.2
2075-01-15,0.0,-6.64,-19.73,201.7,127.8,31252.3
2075-01-16,3.04,-2.88,-21.07,172.2,113.8,31366.2
2075-01-17,0.0,-16.65,-26.11,171.8,72.4,31483.6
2075-01-18,1.39,-6.99,-23.94,231.1,88.2,31604.5
2075-01-19,1.23,-15.96,-25.0,170.0,80.2,31728.9
2075-01-20,26.96,-11.39,-24.96,167.7,80.5,31856.7
2075-01-21,0.41,-12.74,-18.47,121.2,142.5,31987.7
2075-01-22,0.0,-11.27,-20.33,179.4,121.4,32121.9
2075-01-23,3.88,-7.42,-19.19,161.8,133.9,32259.3
2075-01-24,23.77,0.19,-10.34,154.1,278.3,32399.7
2075-01-25,0.0,-2.04,-9.91,168.0,287.8,32543.0
2075-01-26,0.0,-9.75,-20.52,216.1,119.4,32689.2
2075-01-27,5.2,-2.66,-24.78,213.4,81.8,32838.2
2075-01-28,0.0,-9.44,-25.34,268.4,77.7,32989.9
2075-01-29,3.83,-12.61,-26.59,195.6,69.3,33144.3
2075-01-30,10.46,-6.58,-18.39,182.7,143.4,33301.2
2075-01-31,0.0,-15.19,-22.91,187.6,96.8,33460.6
2075-02-01,0.0,-14.25,-24.16,229.0,86.5,33622.3
2075-02-02,3.59,-11.32,-22.45,189.7,100.7,33786.4
2075-02-03,1.05,-8.17,-23.59,294.7,91.0,33952.8
2075-02-04,0.8,-1.77,-13.32,258.2,218.9,34121.3
2075-02-05,2.36,2.99,-8.74,196.2,315.7,34291.9
2075-02-06,3.23,-6.64,-12.8,125.3,228.4,34464.5
2075-02-07,2.5,-3.1,-10.1,143.6,283.7,34639.0
2075-02-08,2.36,3.16,-8.53,206.0,320.9,34815.5
2075-02-09,0.0,-8.79,-16.07,201.3,174.4,34993.8
2075-02-10,0.0,-9.36,-16.92,210.8,162.4,35173.8
2075-02-11,0.0,-12.55,-19.85,207.6,126.5,35355.5
2075-02-12,3.77,-9.13,-22.52,236.4,100.1,35538.8
2075-02-13,11.44,-8.37,-15.97,167.0,176.0,35723.7
2075-02-14,0.0,-6.59,-17.24,289.3,158.1,35910.0
2075-02-15,9.93,-2.14,-18.66,270.4,140.2,36097.8
2075-02-16,1.94,-0.9,-13.45,325.1,216.7,36287.0
2075-02-17,0.0,-9.16,-20.22,313.3,122.6,36477.5
2075-02-18,0.0,-10.86,-27.56,376.8,63.4,36669.2
2075-02-19,0.0,-12.24,-23.47,322.5,92.0,36862.2
2075-02-20,0.0,-7.74,-21.9,362.2,105.8,37056.3
2075-02-21,4.78,-5.34,-17.86,259.0,150.1,37251.5
2075-02-22,0.0,-3.79,-18.0,369.6,148.2,37447.8
2075-02-23,0.0,-2.55,-19.8,399.1,127.1,37645.0
2075-02-24,17.5,-3.56,-17.22,278.5,158.3,37843.2
2075-02-25,5.94,-2.99,-14.39,254.9,200.6,38042.3
2075-02-26,0.0,-14.9,-19.48,170.0,130.6,38242.3
2075-02-27,0.0,-12.9,-22.54,327.7,99.9,38443.1
2075-02-28,0.0,-9.02,-26.74,440.1,68.4,38644.7
2075-03-01,0.0,-2.62,-22.92,454.6,96.6,38847.0
2075-03-02,0.0,-1.24,-19.31,444.8,132.6,39050.0
2075-03-03,1.02,-1.23,-13.58,381.0,214.3,39253.6
2075-03-04,5.59,-1.7,-10.06,221.7,284.6,39457.9
2075-03-05,0.0,-6.59,-15.82,329.2,178.1,39662.7
2075-03-06,0.0,-8.8,-22.18,420.8,103.2,39868.1
2075-03-07,0.0,-11.28,-24.63,425.0,82.9,40074.0
2075-03-08,0.0,-3.6,-22.59,482.5,99.5,40280.3
2075-03-09,0.0,-4.99,-17.22,401.2,158.4,40487.1
2075-03-10,5.71,-3.12,-22.23,369.0,102.7,40694.3
2075-03-11,1.95,2.23,-10.01,399.9,285.6,40901.8
2075-03-12,0.0,-1.4,-10.2,318.5,281.4,41109.7
2075-03-13,0.0,4.24,-15.41,501.7,184.4,41317.8
2075-03-14,0.0,7.32,-8.69,464.7,317.1,41526.3
2075-03-15,3.14,7.18,-0.49,207.0,589.4,41734.9
2075-03-16,0.83,4.64,-5.42,353.6,408.2,41943.8
2075-03-17,0.0,-5.58,-11.2,224.5,259.8,42152.9
2075-03-18,0.0,-4.7,-13.24,331.0,220.4,42362.1
2075-03-19,0.0,-2.84,-16.74,466.9,164.9,42571.4
2075-03-20,0.0,4.64,-17.8,554.6,150.8,42780.8
2075-03-21,0.0,7.52,-7.27,477.6,354.1,42990.3
2075-03-22,22.11,2.09,-1.6,118.6,543.0,43199.8
2075-03-23,1.34,2.05,-2.75,205.3,498.7,43409.3
2075-03-24,0.0,2.47,-8.64,427.6,318.1,43618.7
2075-03-25,0.0,-3.61,-14.98,446.4,191.0,43828.1
2075-03-26,0.0,-2.69,-14.99,473.6,190.9,44037.5
2075-03-27,0.0,4.62,-16.92,586.0,162.5,44246.7
2075-03-28,0.0,7.18,-8.64,526.8,318.3,44455.7
2075-03-29,0.72,5.89,-4.5,409.7,437.4,44664.6
2075-03-30,4.17,3.92,-8.65,359.0,318.0,44873.3
2075-03-31,13.77,10.84,-2.2,366.7,519.8,45081.7
2075-04-01,0.0,-0.49,-5.58,241.5,403.1,45289.9
2075-04-02,0.0,5.68,-4.95,450.2,422.8,45497.8
2075-04-03,4.61,2.43,-1.52,146.1,546.5,45705.3
2075-04-04,0.0,-1.14,-6.08,245.6,387.9,45912.5
2075-04-05,0.0,3.62,-9.42,531.0,299.4,46119.2
2075-04-06,3.18,5.3,-3.56,310.3,469.4,46325.6
2075-04-07,0.0,3.28,-4.82,398.1,427.0,46531.4
2075-04-08,8.0,-0.66,-7.87,279.6,337.9,46736.8
2075-04-09,5.93,-0.12,-6.27,253.0,382.5,46941.7
2075-04-10,0.0,3.93,-5.0,459.8,421.4,47145.9
2075-04-11,0.0,8.27,-3.29,538.2,479.3,47349.6
2075-04-12,0.0,10.29,-4.91,614.1,424.0,47552.6
2075-04-13,0.0,16.43,0.56,614.0,628.3,47754.9
2075-04-14,3.04,8.75,-0.01,341.4,610.3,47956.4
2075-04-15,9.35,3.73,0.4,150.6,628.6,48157.2
2075-04-16,0.0,3.53,0.05,210.9,612.7,48357.2
2075-04-17,0.0,9.0,-2.58,557.9,505.4,48556.4
2075-04-18,11.19,8.2,-4.6,444.2,434.2,48754.6
2075-04-19,17.13,10.07,0.63,379.0,639.5,48951.8
2075-04-20,20.96,5.66,1.38,203.5,674.9,49148.1
2075-04-21,1.29,15.92,1.59,618.5,685.3,49343.3
2075-04-22,0.0,14.69,0.87,608.8,650.4,49537.4
2075-04-23,1.27,6.71,-1.17,447.7,560.5,49730.4
2075-04-24,3.9,3.31,-0.04,161.9,608.7,49922.1
2075-04-25,0.0,5.89,-0.24,378.8,600.1,50112.6
2075-04-26,6.86,11.33,0.42,432.2,629.6,50301.8
2075-04-27,15.69,9.26,3.16,294.4,766.1,50489.6
2075-04-28,4.67,6.14,0.38,287.7,627.8,50675.9
2075-04-29,0.0,5.88,-1.7,485.7,539.3,50860.8
2075-04-30,0.0,7.89,-1.53,562.0,545.8,51044.1
2075-05-01,0.0,8.7,-2.79,616.2,497.5,51225.8
2075-05-02,0.0,13.0,-0.05,638.7,605.0,51405.8
2075-05-03,1.44,11.98,-0.81,631.2,575.6,51584.1
2075-05-04,0.69,16.05,2.79,626.4,723.9,51760.6
2075-05-05,0.0,18.13,-0.32,682.9,554.8,51935.1
2075-05-06,0.0,20.79,0.78,685.5,586.2,52107.8
2075-05-07,0.3,14.13,1.91,594.5,695.8,52278.4
2075-05-08,0.0,9.32,0.01,512.5,611.3,52446.9
2075-05-09,5.94,15.23,-0.93,492.3,570.4,52613.2
2075-05-10,17.62,8.48,3.47,225.7,783.3,52777.3
2075-05-11,0.0,10.5,3.0,431.1,757.8,52939.1
2075-05-12,0.0,14.15,0.6,622.8,635.6,53098.5
2075-05-13,0.0,14.76,1.51,617.5,675.6,53255.4
2075-05-14,2.0,11.42,1.68,525.8,689.7,53409.7
2075-05-15,5.02,5.87,1.18,217.7,665.2,53561.4
2075-05-16,1.51,9.88,2.01,446.5,706.0,53710.5
2075-05-17,7.38,13.55,0.87,450.6,650.3,53856.7
2075-05-18,2.11,13.67,3.64,526.6,792.5,54000.0
2075-05-19,7.94,14.16,2.88,421.8,751.0,54140.4
2075-05-20,19.04,11.77,5.82,258.4,923.4,54277.8
2075-05-21,8.31,8.87,3.87,229.1,805.4,54412.0
2075-05-22,0.0,14.87,3.37,573.2,777.6,54543.1
2075-05-23,4.03,17.99,2.81,475.6,747.4,54670.8
2075-05-24,2.67,18.1,5.54,431.7,905.4,54795.2
2075-05-25,0.0,21.91,3.82,649.8,766.1,54916.2
2075-05-26,3.36,16.55,8.84,303.0,1134.8,55033.6
2075-05-27,0.0,13.78,3.62,503.1,791.4,55147.4
2075-05-28,0.0,17.76,-0.54,653.6,561.5,55257.6
2075-05-29,0.0,17.77,2.27,610.7,699.9,55364.0
2075-05-30,5.75,18.79,7.07,387.9,1006.0,55466.5
2075-05-31,3.95,15.6,4.89,370.4,865.6,55565.2
2075-06-01,0.0,20.45,2.85,627.6,718.1,55659.8
2075-06-02,12.56,12.74,6.09,253.4,940.6,55750.4
2075-06-03,4.91,18.01,6.81,376.7,988.3,55836.9
2075-06-04,0.0,15.72,4.43,516.2,837.8,55919.2
2075-06-05,0.0,19.26,4.36,593.0,827.7,55997.2
2075-06-06,0.0,21.02,4.68,607.7,830.8,56070.9
2075-06-07,0.0,21.38,2.59,631.3,708.1,56140.2
2075-06-08,0.0,19.11,4.1,583.5,816.7,56205.1
2075-06-09,0.0,21.83,3.25,620.1,738.4,56265.6
2075-06-10,0.0,24.43,9.02,559.1,1113.1,56321.4
2075-06-11,15.03,19.16,7.93,354.8,1067.2,56372.7
2075-06-12,0.0,23.03,5.33,594.0,872.5,56419.4
2075-06-13,4.95,23.33,7.75,414.6,1054.1,56461.3
2075-06-14,11.64,20.64,9.59,334.0,1194.1,56498.6
2075-06-15,4.66,21.32,10.1,333.0,1235.3,56531.2
2075-06-16,2.81,19.72,9.84,304.2,1214.6,56558.9
2075-06-17,0.0,20.71,8.75,463.7,1128.1,56581.9
2075-06-18,0.0,24.86,5.92,578.2,927.8,56600.1
2075-06-19,1.87,24.32,9.05,514.8,1151.3,56613.4
2075-06-20,17.9,16.98,11.73,163.8,1377.0,56621.9
2075-06-21,0.0,20.89,11.95,349.7,1396.9,56625.6
2075-06-22,0.0,23.02,9.66,471.9,1199.9,56624.3
2075-06-23,0.0,22.86,9.39,427.0,1177.7,56618.3
2075-06-24,0.0,21.8,5.42,482.7,897.9,56607.4
2075-06-25,3.16,23.93,4.83,380.1,861.9,56591.7
2075-06-26,2.2,18.4,11.03,197.9,1314.8,56571.1
2075-06-27,5.28,18.88,13.34,154.1,1530.2,56545.8
2075-06-28,2.84,25.72,13.21,300.9,1517.7,56515.6
2075-06-29,5.63,23.2,13.23,258.2,1519.1,56480.7
2075-06-30,5.2,21.53,12.76,235.1,1473.8,56441.1
2075-07-01,15.71,24.56,11.63,314.3,1367.8,56396.8
2075-07-02,12.25,24.26,13.08,281.4,1504.6,56347.9
2075-07-03,0.0,25.01,11.56,424.8,1361.8,56294.3
2075-07-04,0.0,30.93,12.24,483.6,1424.6,56236.2
2075-07-05,0.0,31.79,15.54,445.1,1764.6,56173.5
2075-07-06,9.8,26.46,14.31,290.2,1630.3,56106.4
2075-07-07,0.0,22.78,9.39,429.8,1177.8,56034.9
2075-07-08,2.19,25.61,8.69,360.1,1124.0,55959.1
2075-07-09,0.0,23.18,9.58,434.1,1193.3,55878.9
2075-07-10,0.0,23.47,8.9,452.0,1139.8,55794.5
2075-07-11,0.0,24.02,7.56,478.2,1040.2,55706.0
2075-07-12,2.12,19.07,13.55,210.4,1551.5,55613.4
2075-07-13,4.42,27.08,15.18,291.4,1724.5,55516.8
2075-07-14,3.79,23.99,14.82,244.1,1684.6,55416.2
2075-07-15,0.0,24.23,14.47,343.2,1647.0,55311.7
2075-07-16,10.94,27.89,12.52,339.3,1450.7,55203.4
2075-07-17,4.93,26.64,11.85,333.8,1388.2,55091.5
2075-07-18,0.0,24.5,8.61,471.2,1117.6,54975.8
2075-07-19,2.75,26.75,10.68,349.2,1284.3,54856.7
2075-07-20,0.0,29.7,15.27,422.4,1733.8,54734.0
2075-07-21,3.3,23.87,15.41,219.9,1749.8,54607.9
2075-07-22,0.0,20.26,11.27,321.6,1336.0,54478.5
2075-07-23,0.0,23.76,9.78,435.3,1209.4,54345.9
2075-07-24,0.0,20.95,9.99,378.2,1226.1,54210.1
2075-07-25,0.0,23.84,6.92,483.6,995.8,54071.2
2075-07-26,0.0,28.72,10.47,479.5,1266.6,53929.4
2075-07-27,0.0,30.24,13.19,453.1,1515.3,53784.6
2075-07-28,27.54,27.1,14.39,289.5,1638.2,53637.0
2075-07-29,0.0,29.17,15.59,394.3,1769.9,53486.6
2075-07-30,23.1,31.01,16.48,301.0,1874.2,53333.6
2075-07-31,8.37,26.06,16.23,233.6,1844.7,53177.9
2075-08-01,0.0,23.86,12.35,362.0,1434.3,53019.8
2075-08-02,0.0,26.4,11.44,424.7,1350.6,52859.2
2075-08-03,4.85,25.35,11.84,301.6,1386.9,52696.3
2075-08-04,0.0,20.7,9.19,372.8,1162.4,52531.0
2075-08-05,0.0,23.5,8.32,437.4,1095.6,52363.6
2075-08-06,0.0,27.75,12.16,428.6,1416.5,52194.1
2075-08-07,3.43,26.26,13.9,279.7,1587.1,52022.5
2075-08-08,14.78,20.31,15.84,119.0,1799.0,51848.9
2075-08-09,2.19,23.4,13.36,247.7,1532.6,51673.3
2075-08-10,5.52,19.13,10.61,225.6,1278.6,51496.0
2075-08-11,0.59,18.88,10.16,304.7,1240.9,51316.8
2075-08-12,5.23,23.21,12.24,266.3,1424.5,51136.0
2075-08-13,0.72,21.28,9.74,371.8,1206.0,50953.4
2075-08-14,0.0,22.03,6.28,444.0,953.1,50769.4
2075-08-15,0.0,22.53,7.68,427.9,1049.2,50583.7
2075-08-16,0.0,18.85,7.81,360.6,1058.8,50396.6
2075-08-17,4.72,20.42,11.41,229.1,1348.1,50208.2
2075-08-18,6.06,24.02,15.21,220.1,1727.5,50018.3
2075-08-19,7.62,23.69,15.6,206.7,1770.9,49827.2
2075-08-20,0.0,25.78,12.4,394.4,1439.1,49634.9
2075-08-21,2.49,25.8,11.92,299.3,1394.3,49441.3
2075-08-22,0.0,25.4,12.31,384.8,1431.0,49246.7
2075-08-23,0.0,20.01,9.04,352.7,1150.9,49050.9
2075-08-24,0.0,20.62,8.67,374.6,1122.2,48854.2
2075-08-25,0.0,23.47,4.85,460.1,862.6,48656.4
2075-08-26,0.0,21.98,6.1,432.9,941.5,48457.8
2075-08-27,0.0,26.09,9.02,432.6,1148.9,48258.2
2075-08-28,13.99,26.95,9.18,325.4,1161.2,48057.8
2075-08-29,13.4,19.71,10.87,217.7,1301.1,47856.6
2075-08-30,0.0,21.32,11.11,321.0,1321.5,47654.7
2075-08-31,0.0,20.26,8.32,360.1,1096.0,47452.0
2075-09-01,0.0,19.35,3.94,417.4,809.4,47248.7
2075-09-02,15.95,14.48,7.84,173.0,1060.8,47044.8
2075-09-03,0.0,16.54,8.76,263.3,1129.3,46840.2
2075-09-04,11.59,18.02,7.95,242.8,1068.9,46635.1
2075-09-05,0.0,18.6,6.14,372.7,944.0,46429.5
2075-09-06,0.0,16.99,2.99,397.5,757.2,46223.4
2075-09-07,9.02,11.8,5.28,170.6,889.4,46016.8
2075-09-08,0.0,16.01,5.57,327.4,907.0,45809.8
2075-09-09,0.0,16.5,4.13,361.1,820.6,45602.5
2075-09-10,6.75,15.88,2.2,284.0,715.6,45394.8
2075-09-11,5.72,14.67,5.96,207.7,932.0,45186.7
2075-09-12,0.0,16.59,4.93,338.8,867.5,44978.4
2075-09-13,0.0,16.48,1.94,382.9,702.6,44769.9
2075-09-14,6.95,13.74,5.8,191.9,922.0,44561.1
2075-09-15,0.0,18.4,9.35,276.1,1175.1,44352.1
2075-09-16,0.0,15.12,7.88,232.3,1063.9,44143.0
2075-09-17,0.0,12.18,2.98,286.1,756.6,43933.7
2075-09-18,0.0,15.74,-1.02,393.2,566.9,43724.4
2075-09-19,0.0,20.11,-0.23,406.5,600.6,43514.9
2075-09-20,0.0,23.51,5.69,379.1,914.9,43305.4
2075-09-21,0.0,20.3,7.27,327.0,1020.1,43095.9
2075-09-22,0.0,25.73,6.05,379.3,938.2,42886.4
2075-09-23,7.49,22.45,10.12,226.2,1237.0,42677.0
2075-09-24,13.32,13.42,7.7,127.8,1050.2,42467.6
2075-09-25,0.45,9.87,6.46,109.7,965.2,42258.4
2075-09-26,16.55,14.83,5.79,194.6,921.4,42049.2
2075-09-27,1.75,16.01,6.38,272.1,959.3,41840.3
2075-09-28,3.82,13.89,6.89,158.2,993.7,41631.5
2075-09-29,0.0,12.4,2.19,284.1,715.2,41422.9
2075-09-30,0.0,11.24,-1.0,316.6,567.5,41214.6
2075-10-01,2.23,10.18,2.66,169.2,739.6,41006.6
2075-10-02,0.0,7.66,2.0,176.1,705.3,40798.9
2075-10-03,1.33,9.41,-1.38,289.1,552.1,40591.5
2075-10-04,0.0,7.37,1.26,185.5,668.8,40384.6
2075-10-05,0.0,12.24,-0.07,304.2,607.7,40178.0
2075-10-06,0.88,12.74,-2.13,327.4,522.3,39971.9
2075-10-07,7.87,12.57,5.72,144.9,916.5,39766.2
2075-10-08,0.0,14.82,4.37,262.6,834.5,39561.1
2075-10-09,0.0,15.1,-0.72,320.2,579.5,39356.6
2075-10-10,0.0,15.82,-1.61,325.2,542.7,39152.6
2075-10-11,0.0,16.43,0.02,312.5,611.7,38949.3
2075-10-12,0.0,13.44,4.71,216.5,854.6,38746.6
2075-10-13,0.0,13.99,4.8,224.2,859.7,38544.7
2075-10-14,1.53,16.03,-0.41,301.7,592.9,38343.5
2075-10-15,0.0,11.73,0.48,250.1,632.2,38143.1
2075-10-16,0.0,13.37,-0.53,274.5,587.6,37943.5
2075-10-17,10.52,8.72,3.19,103.0,767.9,37744.9
2075-10-18,0.56,7.48,2.39,129.7,725.3,37547.1
2075-10-19,0.0,8.31,1.08,180.5,660.2,37350.4
2075-10-20,0.0,12.49,-1.69,273.5,539.7,37154.6
2075-10-21,0.0,14.38,0.15,268.1,617.4,36959.9
2075-10-22,0.0,11.63,-0.67,252.2,581.8,36766.4
2075-10-23,52.33,7.15,2.45,91.7,728.5,36574.0
2075-10-24,0.0,11.63,3.61,187.3,790.9,36382.9
2075-10-25,0.0,7.77,0.69,168.9,641.9,36193.1
2075-10-26,0.0,6.79,-2.36,204.0,513.7,36004.6
2075-10-27,6.15,4.78,-4.16,150.0,448.9,35817.5
2075-10-28,1.56,6.31,-0.21,152.6,601.4,35631.9
2075-10-29,2.53,9.33,4.46,86.6,839.9,35447.8
2075-10-30,6.08,13.89,5.69,132.2,915.0,35265.2
2075-10-31,63.75,13.71,6.57,116.8,972.5,35084.4
2075-11-01,25.13,12.99,2.71,150.2,741.9,34905.2
2075-11-02,0.0,3.81,-1.27,118.2,556.4,34727.8
2075-11-03,0.0,5.84,-2.59,176.3,504.8,34552.3
2075-11-04,0.15,5.43,-2.14,162.1,521.8,34378.7
2075-11-05,4.17,7.82,0.27,120.7,622.7,34207.0
2075-11-06,0.0,4.49,-2.68,154.0,501.3,34037.5
2075-11-07,1.46,0.33,-3.99,100.4,454.7,33870.0
2075-11-08,0.1,-1.89,-7.08,134.8,359.2,33704.8
2075-11-09,0.0,-1.83,-9.26,182.0,303.1,33541.9
2075-11-10,0.0,1.89,-5.57,164.0,403.5,33381.3
2075-11-11,9.18,-3.41,-8.44,101.5,323.2,33223.1
2075-11-12,16.9,-4.63,-8.18,75.2,329.9,33067.5
2075-11-13,0.16,-5.67,-12.79,183.2,228.6,32914.4
2075-11-14,0.0,-4.7,-17.03,236.8,161.0,32764.0
2075-11-15,1.63,0.26,-12.85,236.6,227.4,32616.4
2075-11-16,0.0,-5.3,-14.81,208.2,193.7,32471.6
2075-11-17,0.0,-3.54,-17.34,232.7,156.8,32329.7
2075-11-18,6.15,-1.11,-16.1,175.4,174.1,32190.8
2075-11-19,11.02,-0.79,-7.14,113.9,357.5,32055.0
2075-11-20,0.0,0.93,-4.36,130.8,442.1,31922.3
2075-11-21,0.0,-0.78,-4.6,99.7,434.1,31792.9
2075-11-22,6.44,1.5,-3.87,98.9,458.9,31666.8
2075-11-23,0.0,-2.27,-8.88,155.8,312.3,31544.1
2075-11-24,9.42,-1.99,-10.96,141.0,265.0,31424.9
2075-11-25,3.87,0.69,-5.08,103.2,418.7,31309.3
2075-11-26,0.0,2.92,-3.12,140.9,485.4,31197.3
2075-11-27,0.0,1.8,-3.89,133.7,457.9,31089.0
2075-11-28,0.0,1.27,-3.7,118.0,464.8,30984.5
2075-11-29,0.0,-2.4,-8.75,144.6,315.6,30883.9
2075-11-30,0.0,-6.91,-11.28,107.4,258.2,30787.2
2075-12-01,0.0,-6.01,-16.13,188.8,173.6,30694.6
2075-12-02,0.0,-3.96,-18.88,205.6,137.5,30606.0
2075-12-03,15.06,-3.49,-14.52,142.9,198.5,30521.6
2075-12-04,0.0,-1.4,-9.99,166.1,286.2,30441.4
2075-12-05,0.0,-1.83,-9.42,153.2,299.2,30365.6
2075-12-06,0.0,-4.19,-12.84,165.0,227.6,30294.0
2075-12-07,0.0,-6.86,-16.51,172.7,168.1,30226.9
2075-12-08,0.0,-3.07,-17.41,194.2,155.9,30164.2
2075-12-09,8.36,5.89,-7.28,139.6,353.6,30106.1
2075-12-10,0.0,9.06,-8.82,194.0,313.8,30052.5
2075-12-11,0.0,-6.37,-13.53,132.8,215.2,30003.5
2075-12-12,0.0,-8.56,-16.42,140.8,169.4,29959.2
2075-12-13,5.45,-2.03,-16.85,141.6,163.4,29919.5
2075-12-14,27.99,3.57,-5.27,110.4,412.8,29884.6
2075-12-15,0.0,4.58,-8.24,176.7,328.4,29854.4
2075-12-16,0.0,-8.72,-14.51,110.1,198.6,29829.0
2075-12-17,0.0,-5.02,-13.54,148.3,215.1,29808.5
2075-12-18,0.0,-7.5,-14.11,126.0,205.2,29792.7
2075-12-19,0.0,-10.31,-16.73,123.8,165.0,29781.8
2075-12-20,0.0,-6.28,-12.48,119.1,234.3,29775.7
2075-12-21,0.0,-5.43,-13.64,144.9,213.3,29774.4
2075-12-22,3.52,-3.98,-13.69,119.9,212.4,29778.1
2075-12-23,0.0,1.39,-9.47,165.7,298.1,29786.5
2075-12-24,0.0,-2.13,-12.15,160.2,240.7,29799.8
2075-12-25,0.0,-7.24,-13.88,122.6,209.1,29818.0
2075-12-26,0.0,-6.62,-16.21,157.4,172.4,29840.9
2075-12-27,4.77,-0.52,-15.78,141.9,178.7,29868.6
2075-12-28,0.0,1.25,-6.16,127.4,385.7,29901.2
2075-12-29,0.0,-2.55,-7.03,84.1,360.5,29938.4
2075-12-30,0.0,-4.56,-12.34,134.5,237.2,29980.4
2075-12-31,5.24,-3.82,-7.35,51.9,351.8,30027.0
2076-01-01,1.2,-2.08,-5.65,68.8,401.0,30078.5
2076-01-02,0.0,-0.43,-6.23,106.9,383.4,30134.3
2076-01-03,0.0,2.0,-5.51,131.2,405.4,30194.7
2076-01-04,0.0,1.01,-4.01,95.1,453.8,30259.6
2076-01-05,1.25,-4.03,-9.21,100.1,304.3,30328.9
2076-01-06,1.23,-9.53,-11.73,47.9,249.0,30402.6
2076-01-07,0.0,-5.19,-15.28,166.3,186.3,30480.7
2076-01-08,1.58,-5.73,-14.0,149.6,207.1,30562.9
2076-01-09,0.0,-8.24,-18.08,168.4,147.2,30649.4
2076-01-10,0.0,0.55,-17.88,204.4,149.8,30740.0
2076-01-11,21.32,2.64,-6.1,119.3,387.3,30834.6
2076-01-12,19.64,-6.56,-14.63,118.2,196.6,30933.3
2076-01-13,1.39,-9.99,-21.1,191.7,113.5,31035.8
2076-01-14,1.77,-8.75,-19.51,191.3,130.2,31142.2
2076-01-15,2.13,-5.38,-14.01,128.1,206.9,31252.3
2076-01-16,1.87,-4.96,-15.29,190.6,186.1,31366.2
2076-01-17,0.0,-15.56,-23.13,161.5,94.8,31483.6
2076-01-18,4.2,-16.18,-26.07,145.8,72.7,31604.5
2076-01-19,7.64,-11.13,-20.27,141.0,122.0,31728.9
2076-01-20,0.0,-10.53,-21.01,204.4,114.3,31856.7
2076-01-21,0.0,-11.62,-25.37,230.2,77.6,31987.7
2076-01-22,0.0,-4.06,-16.39,223.4,169.8,32121.9
2076-01-23,0.0,0.58,-7.9,184.2,337.2,32259.3
2076-01-24,0.0,-2.0,-12.03,208.2,243.1,32399.7
2076-01-25,9.61,-1.6,-14.43,177.9,199.9,32543.0
2076-01-26,10.81,0.94,-5.19,113.4,415.3,32689.2
2076-01-27,1.98,-0.06,-5.26,133.3,413.0,32838.2
2076-01-28,0.0,-6.24,-13.05,171.6,223.8,32989.9
2076-01-29,0.0,-9.99,-18.7,208.0,139.7,33144.3
2076-01-30,0.0,-6.09,-20.09,260.7,123.9,33301.2
2076-01-31,0.0,-3.95,-21.76,274.6,107.1,33460.6
2076-02-01,0.0,-5.09,-17.47,251.1,155.0,33622.3
2076-02-02,0.0,-4.13,-10.24,159.7,280.6,33786.4
2076-02-03,0.0,0.34,-10.46,238.2,275.7,33952.8
2076-02-04,0.0,-1.89,-11.32,222.3,257.4,34121.3
2076-02-05,0.0,-6.15,-16.88,241.8,163.0,34291.9
2076-02-06,9.73,-8.07,-18.44,182.5,142.8,34464.5
2076-02-07,24.72,-7.62,-13.24,118.3,220.4,34639.0
2076-02-08,0.0,-11.76,-20.4,227.3,120.7,34815.5
2076-02-09,1.48,-9.08,-25.96,314.2,73.4,34993.8
2076-02-10,1.43,-2.91,-18.31,308.7,144.4,35173.8
2076-02-11,0.0,-2.17,-10.57,227.2,273.3,35355.5
2076-02-12,0.0,0.11,-7.21,207.6,355.7,35538.8
2076-02-13,1.0,-2.62,-15.57,302.2,181.8,35723.7
2076-02-14,0.0,-16.5,-26.42,269.5,70.4,35910.0
2076-02-15,0.0,-8.65,-30.5,351.8,48.1,36097.8
2076-02-16,0.0,-0.72,-16.31,329.7,170.9,36287.0
2076-02-17,0.0,-3.54,-18.15,326.0,146.4,36477.5
2076-02-18,4.92,-3.68,-25.97,274.1,73.4,36669.2
2076-02-19,0.0,-0.85,-20.89,361.0,115.6,36862.2
2076-02-20,0.0,-15.16,-26.48,294.4,70.0,37056.3
2076-02-21,0.0,-6.29,-27.78,375.7,62.1,37251.5
2076-02-22,0.0,1.4,-16.81,362.3,164.0,37447.8
2076-02-23,0.0,4.97,-7.92,311.9,336.6,37645.0
2076-02-24,0.0,7.91,-9.22,358.2,304.1,37843.2
2076-02-25,0.0,6.24,-7.52,326.0,347.2,38042.3
2076-02-26,0.0,2.17,-7.93,269.2,336.3,38242.3
2076-02-27,22.79,-1.85,-7.19,120.6,356.1,38443.1
2076-02-28,3.18,-4.72,-12.59,174.9,232.4,38644.7
2076-02-29,0.0,-5.73,-18.26,335.6,145.1,38847.0
2076-03-01,0.0,-3.49,-19.53,385.8,130.0,39050.0
2076-03-02,2.98,-1.69,-21.32,313.0,111.3,39253.6
2076-03-03,5.52,6.12,-7.39,264.6,350.6,39457.9
2076-03-04,12.48,1.88,-2.54,107.1,506.7,39662.7
2076-03-05,0.0,-0.56,-7.48,220.8,348.3,39868.1
2076-03-06,0.0,-2.45,-14.08,340.4,205.7,40074.0
2076-03-07,0.0,-3.09,-16.2,370.1,172.6,40280.3
2076-03-08,0.0,2.72,-14.99,425.2,190.8,40487.1
2076-03-09,12.33,-2.35,-9.93,184.3,287.6,40694.3
2076-03-10,6.41,-0.07,-9.04,218.7,308.4,40901.8
2076-03-11,0.0,-3.32,-10.12,237.0,283.2,41109.7
2076-03-12,0.0,-1.79,-17.68,435.0,152.3,41317.8
2076-03-13,20.78,1.37,-12.74,311.0,229.5,41526.3
2076-03-14,0.0,0.71,-7.86,294.5,338.3,41734.9
2076-03-15,0.0,-4.76,-11.48,244.3,254.2,41943.8
2076-03-16,0.0,-3.15,-19.39,466.5,131.6,42152.9
2076-03-17,3.7,0.96,-9.99,283.0,286.2,42362.1
2076-03-18,0.0,-1.56,-11.93,370.4,245.0,42571.4
2076-03-19,0.94,4.84,-14.41,510.7,200.2,42780.8
2076-03-20,3.04,7.58,-4.0,305.2,454.2,42990.3
2076-03-21,0.0,-1.2,-13.05,424.0,223.7,43199.8
2076-03-22,0.0,-5.45,-18.25,455.6,145.1,43409.3
2076-03-23,0.92,0.21,-21.5,549.0,109.6,43618.7
2076-03-24,0.0,3.45,-9.32,454.8,301.6,43828.1
2076-03-25,0.0,6.43,-9.83,512.5,289.7,44037.5
2076-03-26,5.48,7.33,-6.15,356.1,385.8,44246.7
2076-03-27,3.87,2.76,-3.44,202.1,473.7,44455.7
2076-03-28,0.0,7.08,-5.16,453.9,416.2,44664.6
2076-03-29,5.16,8.21,-7.44,387.3,349.3,44873.3
2076-03-30,1.55,2.71,-4.52,310.6,437.0,45081.7
2076-03-31,0.96,6.07,-6.4,472.9,378.6,45289.9
2076-04-01,8.35,1.97,-2.22,150.2,518.7,45497.8
2076-04-02,7.11,5.99,0.19,204.8,619.2,45705.3
2076-04-03,0.0,6.19,0.81,254.8,647.8,45912.5
2076-04-04,0.0,7.02,-0.66,350.6,582.1,46119.2
2076-04-05,0.0,10.8,0.04,451.1,612.7,46325.6
2076-04-06,0.0,5.31,-2.11,351.3,523.0,46531.4
2076-04-07,0.0,2.2,-5.31,368.7,411.3,46736.8
2076-04-08,0.0,3.02,-7.85,482.4,338.5,46941.7
2076-04-09,10.23,3.65,-9.25,400.7,303.4,47145.9
2076-04-10,5.28,0.42,-3.4,152.9,475.2,47349.6
2076-04-11,0.0,3.68,-1.83,291.4,534.1,47552.6
2076-04-12,0.0,8.33,-4.88,552.2,425.2,47754.9
2076-04-13,20.9,9.02,0.28,321.2,623.1,47956.4
2076-04-14,0.0,7.98,0.11,396.4,615.6,48157.2
2076-04-15,0.0,4.96,-3.1,417.1,486.0,48357.2
2076-04-16,0.0,2.02,-5.5,403.0,405.5,48556.4
2076-04-17,0.0,2.81,-6.68,481.2,370.6,48754.6
2076-04-18,0.0,5.91,-8.83,604.9,313.4,48951.8
2076-04-19,1.39,11.04,-6.08,625.8,388.0,49148.1
2076-04-20,0.0,2.89,-5.93,465.8,392.4,49343.3
2076-04-21,8.34,8.07,-9.23,479.6,303.8,49537.4
2076-04-22,3.94,-0.02,-6.91,302.0,364.0,49730.4
2076-04-23,0.0,3.09,-7.66,551.3,343.5,49922.1
2076-04-24,0.0,8.6,-5.86,624.7,394.5,50112.6
2076-04-25,0.0,9.29,-4.94,621.8,423.2,50301.8
2076-04-26,0.0,11.17,-4.93,640.6,418.4,50489.6
2076-04-27,0.0,8.88,-0.46,498.5,590.4,50675.9
2076-04-28,0.0,12.03,-0.3,583.4,594.9,50860.8
2076-04-29,0.0,14.65,-1.54,638.8,517.0,51044.1
2076-04-30,0.0,9.83,0.77,486.8,645.9,51225.8
2076-05-01,14.72,10.52,3.26,304.7,771.7,51405.8
2076-05-02,0.0,12.57,1.56,539.7,683.8,51584.1
2076-05-03,4.26,11.6,-0.82,430.5,575.2,51760.6
2076-05-04,5.59,7.0,1.11,251.7,662.0,51935.1
2076-05-05,2.35,5.45,-0.07,242.2,607.6,52107.8
2076-05-06,0.0,12.07,-1.67,603.9,540.4,52278.4
2076-05-07,0.0,12.15,-2.62,618.4,501.9,52446.9
2076-05-08,2.26,7.6,-2.69,389.0,501.1,52613.2
2076-05-09,6.43,1.29,-2.9,189.5,493.3,52777.3
2076-05-10,0.0,5.38,-2.37,428.8,513.2,52939.1
2076-05-11,2.78,12.12,0.16,420.4,617.7,53098.5
2076-05-12,3.04,3.47,-3.1,281.9,485.9,53255.4
2076-05-13,0.0,8.71,-2.63,554.8,503.2,53409.7
2076-05-14,0.0,13.75,-0.4,607.9,567.5,53561.4
2076-05-15,7.54,14.77,-1.0,470.0,567.9,53710.5
2076-05-16,8.05,17.24,2.98,442.6,756.6,53856.7
2076-05-17,0.0,16.34,2.45,583.1,706.0,54000.0
2076-05-18,0.0,15.37,0.16,610.3,595.1,54140.4
2076-05-19,0.0,16.55,-0.82,640.0,536.0,54277.8
2076-05-20,0.0,22.77,0.21,668.7,540.0,54412.0
2076-05-21,0.0,26.89,5.8,646.6,785.9,54543.1
2076-05-22,0.0,21.66,7.87,547.0,999.5,54670.8
2076-05-23,0.0,15.44,1.94,552.3,689.9,54795.2
2076-05-24,0.0,22.48,-0.21,660.5,526.2,54916.2
2076-05-25,0.0,24.54,5.4,620.7,787.8,55033.6
2076-05-26,0.82,29.88,12.57,573.8,1274.3,55147.4
2076-05-27,3.92,27.51,13.55,377.9,1551.8,55257.6
2076-05-28,0.0,31.98,15.05,550.1,1450.6,55364.0
2076-05-29,5.37,31.01,18.61,330.4,2143.3,55466.5
2076-05-30,3.68,20.64,11.11,293.0,1322.0,55565.2
2076-05-31,2.39,10.04,2.93,239.8,753.9,55659.8
2076-06-01,0.0,9.98,-1.01,461.8,567.2,55750.4
2076-06-02,0.0,15.54,-1.39,585.9,514.1,55836.9
2076-06-03,0.0,19.07,1.84,578.2,615.2,55919.2
2076-06-04,0.0,21.65,4.63,561.6,741.4,55997.2
2076-06-05,0.67,26.86,7.46,580.4,853.1,56070.9
2076-06-06,5.25,15.17,8.59,203.4,1116.4,56140.2
2076-06-07,0.92,16.99,7.38,379.0,1027.7,56205.1
2076-06-08,0.0,19.41,7.4,442.5,985.8,56265.6
2076-06-09,0.0,18.88,5.41,478.0,829.3,56321.4
2076-06-10,0.0,20.58,3.18,550.7,661.6,56372.7
2076-06-11,7.88,19.9,7.3,329.9,1022.5,56419.4
2076-06-12,1.12,24.04,7.62,516.9,868.7,56461.3
2076-06-13,0.0,15.34,4.1,408.8,802.1,56498.6
2076-06-14,0.0,18.27,3.27,499.3,686.8,56531.2
2076-06-15,0.0,22.52,5.61,524.9,762.4,56558.9
2076-06-16,0.0,27.7,6.12,515.6,760.8,56581.9
2076-06-17,0.0,29.34,10.39,480.0,1040.4,56600.1
2076-06-18,0.0,33.32,13.97,472.9,1291.5,56613.4
2076-06-19,0.0,33.56,15.25,459.2,1407.8,56621.9
2076-06-20,0.0,28.95,13.96,418.7,1387.0,56625.6
2076-06-21,0.0,27.65,12.43,426.4,1255.1,56624.3
2076-06-22,0.0,28.5,14.61,395.5,1482.2,56618.3
2076-06-23,0.34,31.32,16.16,417.0,1576.6,56607.4
2076-06-24,9.58,27.48,16.92,240.3,1927.3,56591.7
2076-06-25,0.0,23.77,12.31,361.4,1368.7,56571.1
2076-06-26,0.0,26.57,11.41,438.7,1165.4,56545.8
2076-06-27,2.37,24.09,12.53,272.3,1451.4,56515.6
2076-06-28,0.0,24.27,14.41,318.8,1609.0,56480.7
2076-06-29,0.0,21.04,14.6,220.6,1660.6,56441.1
2076-06-30,0.0,22.2,14.03,273.5,1601.0,56396.8
2076-07-01,0.0,28.07,12.73,441.5,1207.3,56347.9
2076-07-02,0.0,26.78,13.14,412.9,1262.6,56294.3
2076-07-03,0.0,25.49,11.06,434.2,1085.2,56236.2
2076-07-04,0.0,25.56,12.09,415.6,1185.5,56173.5
2076-07-05,2.63,22.2,10.54,284.9,1268.9,56106.4
2076-07-06,0.0,22.42,10.55,385.5,1141.6,56034.9
2076-07-07,6.77,26.34,9.27,352.9,1068.0,55959.1
2076-07-08,10.32,23.19,13.23,243.4,1519.4,55878.9
2076-07-09,7.56,28.37,16.15,275.4,1831.4,55794.5
2076-07-10,0.0,30.57,15.7,426.4,1495.2,55706.0
2076-07-11,1.9,24.63,18.22,214.6,2091.6,55613.4
2076-07-12,5.65,27.54,18.72,214.5,2157.8,55516.8
2076-07-13,0.0,24.63,14.89,326.6,1583.6,55416.2
2076-07-14,0.0,18.77,11.74,256.6,1378.0,55311.7
2076-07-15,0.0,23.37,8.13,465.8,878.6,55203.4
2076-07-16,0.0,22.67,7.53,468.4,846.7,55091.5
2076-07-17,8.52,17.48,11.9,162.9,1392.7,54975.8
2076-07-18,0.0,27.76,14.18,434.6,1355.3,54856.7
2076-07-19,8.1,25.61,15.62,263.9,1773.7,54734.0
2076-07-20,0.0,28.76,17.11,391.9,1736.6,54607.9
2076-07-21,0.0,24.59,12.46,419.7,1254.0,54478.5
2076-07-22,1.44,26.01,9.4,493.2,926.6,54345.9
2076-07-23,1.3,24.82,14.02,385.5,1429.2,54210.1
2076-07-24,0.0,28.32,13.88,452.2,1296.7,54071.2
2076-07-25,5.0,29.23,13.58,344.0,1436.3,53929.4
2076-07-26,2.79,24.1,16.46,213.7,1871.0,53784.6
2076-07-27,0.0,28.73,17.16,387.2,1757.4,53637.0
2076-07-28,5.99,26.7,17.25,249.0,1968.1,53486.6
2076-07-29,1.54,26.74,15.69,376.0,1662.7,53333.6
2076-07-30,4.54,24.43,15.5,239.9,1760.3,53177.9
2076-07-31,1.38,23.28,13.88,342.4,1530.7,53019.8
2076-08-01,0.0,26.49,12.51,442.6,1251.1,52859.2
2076-08-02,4.63,29.38,12.79,348.8,1376.8,52696.3
2076-08-03,8.19,27.14,15.6,285.5,1771.2,52531.0
2076-08-04,6.37,25.0,14.11,279.2,1609.4,52363.6
2076-08-05,7.58,26.93,16.03,274.0,1820.3,52194.1
2076-08-06,0.0,21.86,12.96,331.2,1493.0,52022.5
2076-08-07,0.0,27.19,12.39,447.6,1283.3,51848.9
2076-08-08,0.81,29.0,12.04,468.8,1198.5,51673.3
2076-08-09,0.0,29.25,13.95,443.8,1393.8,51496.0
2076-08-10,0.0,28.93,14.46,426.4,1459.1,51316.8
2076-08-11,4.8,31.85,16.08,318.7,1777.3,51136.0
2076-08-12,0.0,28.42,17.0,356.1,1853.3,50953.4
2076-08-13,0.0,27.62,13.18,416.9,1377.9,50769.4
2076-08-14,4.48,26.47,10.67,327.2,1266.5,50583.7
2076-08-15,0.0,23.7,10.93,395.2,1210.1,50396.6
2076-08-16,0.0,25.57,9.06,446.3,1008.0,50208.2
2076-08-17,0.0,25.3,10.62,417.1,1153.9,50018.3
2076-08-18,12.01,19.48,11.75,196.9,1379.2,49827.2
2076-08-19,2.84,20.68,11.01,237.2,1313.3,49634.9
2076-08-20,0.77,20.95,9.45,360.6,1183.0,49441.3
2076-08-21,3.03,20.75,9.25,271.8,1166.8,49246.7
2076-08-22,0.0,23.49,6.05,449.6,880.4,49050.9
2076-08-23,0.0,25.06,8.08,437.7,1012.9,48854.2
2076-08-24,0.0,25.0,9.08,421.5,1099.6,48656.4
2076-08-25,12.16,24.55,11.35,279.0,1343.2,48457.8
2076-08-26,0.0,15.25,9.3,203.9,1170.9,48258.2
2076-08-27,0.0,17.39,8.03,301.4,1074.5,48057.8
2076-08-28,0.0,19.16,6.53,370.9,969.7,47856.6
2076-08-29,24.37,14.68,4.6,240.0,847.9,47654.7
2076-08-30,7.2,13.74,7.17,165.8,1013.4,47452.0
2076-08-31,0.0,18.7,5.43,378.9,898.5,47248.7
2076-09-01,0.0,22.09,4.48,428.5,840.9,47044.8
2076-09-02,4.22,21.78,10.4,247.5,1260.8,46840.2
2076-09-03,0.0,24.1,12.08,334.7,1409.5,46635.1
2076-09-04,0.0,22.73,10.24,344.7,1247.4,46429.5
2076-09-05,0.0,20.13,6.77,362.0,985.7,46223.4
2076-09-06,2.4,18.74,5.36,272.6,894.1,46016.8
2076-09-07,0.0,22.28,4.77,408.9,857.8,45809.8
2076-09-08,0.0,23.55,9.99,351.5,1226.2,45602.5
2076-09-09,11.85,13.9,9.43,109.4,1181.3,45394.8
2076-09-10,3.35,12.38,6.92,135.6,995.6,45186.7
2076-09-11,0.0,15.94,4.79,325.7,859.0,44978.4
2076-09-12,0.0,19.84,2.83,400.7,748.2,44769.9
2076-09-13,2.72,19.16,8.1,235.7,1079.5,44561.1
2076-09-14,0.0,15.78,7.07,266.0,1006.5,44352.1
2076-09-15,0.0,14.09,1.55,349.3,683.0,44143.0
2076-09-16,0.0,17.79,5.33,340.2,892.0,43933.7
2076-09-17,0.0,15.45,2.14,351.9,712.4,43724.4
2076-09-18,0.0,12.49,-2.41,371.8,511.7,43514.9
2076-09-19,0.0,12.15,-1.06,345.9,565.1,43305.4
2076-09-20,0.0,12.62,-2.34,364.0,514.3,43095.9
2076-09-21,0.0,15.97,-3.06,392.1,487.6,42886.4
2076-09-22,0.0,16.16,-1.08,375.0,564.4,42677.0
2076-09-23,0.0,20.02,4.84,345.7,862.2,42467.6
2076-09-24,0.0,18.41,3.51,341.2,785.6,42258.4
2076-09-25,0.0,17.19,-1.44,370.3,549.5,42049.2
2076-09-26,0.0,24.36,1.01,379.2,657.1,41840.3
2076-09-27,0.0,23.72,10.06,294.8,1232.3,41631.5
2076-09-28,3.02,23.97,13.75,175.2,1571.6,41422.9
2076-09-29,4.21,26.64,15.96,173.7,1813.1,41214.6
2076-09-30,17.06,21.2,11.12,173.4,1322.4,41006.6
2076-10-01,0.0,17.85,6.68,257.0,979.7,40798.9
2076-10-02,20.87,11.05,4.92,118.9,867.1,40591.5
2076-10-03,0.0,11.45,3.81,193.3,802.4,40384.6
2076-10-04,0.0,10.43,-0.3,255.2,597.4,40178.0
2076-10-05,0.0,14.52,0.3,298.0,624.1,39971.9
2076-10-06,0.0,15.79,4.15,258.5,821.9,39766.2
2076-10-07,12.93,13.17,7.97,99.3,1069.9,39561.1
2076-10-08,0.89,9.14,3.27,152.6,772.0,39356.6
2076-10-09,0.8,9.01,0.07,216.8,613.7,39152.6
2076-10-10,18.16,16.59,2.78,208.3,745.8,38949.3
2076-10-11,0.0,7.31,-1.61,210.3,542.6,38746.6
2076-10-12,0.0,10.3,-4.49,289.1,437.8,38544.7
2076-10-13,31.41,12.03,-3.48,217.1,472.4,38343.5
2076-10-14,14.62,10.72,2.82,134.9,747.8,38143.1
2076-10-15,0.0,15.42,1.58,262.5,684.6,37943.5
2076-10-16,19.9,12.4,6.52,100.7,968.9,37744.9
2076-10-17,30.1,7.43,1.72,101.2,691.3,37547.1
2076-10-18,0.0,11.85,-1.0,250.9,567.5,37350.4
2076-10-19,9.38,11.7,1.85,156.7,697.8,37154.6
2076-10-20,6.32,11.56,1.4,159.7,675.6,36959.9
2076-10-21,8.12,9.62,-1.68,173.1,540.0,36766.4
2076-10-22,0.0,11.45,2.46,194.8,728.8,36574.0
2076-10-23,2.7,11.57,3.2,138.2,768.5,36382.9
2076-10-24,3.55,12.31,1.86,161.5,698.5,36193.1
2076-10-25,0.0,3.3,-3.1,154.0,485.9,36004.6
2076-10-26,12.59,0.8,-4.65,104.3,432.6,35817.5
2076-10-27,0.4,1.34,-4.03,138.0,453.4,35631.9
2076-10-28,0.0,0.81,-4.59,139.0,434.4,35447.8
2076-10-29,0.0,2.37,-4.6,170.6,434.3,35265.2
2076-10-30,0.0,0.25,-8.02,193.3,334.0,35084.4
2076-10-31,0.0,2.74,-10.25,240.3,280.3,34905.2
2076-11-01,4.56,7.53,-6.88,202.1,364.8,34727.8
2076-11-02,5.75,4.62,-5.71,172.6,399.0,34552.3
2076-11-03,0.0,-1.44,-8.58,179.5,319.8,34378.7
2076-11-04,0.0,-0.51,-12.42,245.0,235.5,34207.0
2076-11-05,0.0,13.28,-4.11,262.2,450.6,34037.5
2076-11-06,0.0,16.71,3.14,210.4,765.1,33870.0
2076-11-07,0.0,12.42,3.54,165.5,787.1,33704.8
2076-11-08,0.0,5.67,2.35,72.2,723.5,33541.9
2076-11-09,0.0,18.23,1.4,215.6,675.5,33381.3
2076-11-10,0.0,21.77,7.13,197.8,1010.5,33223.1
2076-11-11,0.0,18.67,7.22,177.3,1016.4,33067.5
2076-11-12,0.0,11.49,-0.55,188.5,586.6,32914.4
2076-11-13,4.91,3.72,-5.34,121.3,410.6,32764.0
2076-11-14,0.0,3.5,-2.28,113.6,516.5,32616.4
2076-11-15,16.08,1.15,-5.37,94.2,409.6,32471.6
2076-11-16,13.07,3.97,-1.85,83.4,533.4,32329.7
2076-11-17,0.0,0.63,-5.38,115.8,409.4,32190.8
2076-11-18,0.0,-2.8,-9.03,120.0,308.6,32055.0
2076-11-19,0.61,-2.78,-11.16,165.8,260.7,31922.3
2076-11-20,1.91,5.9,-5.28,189.9,412.6,31792.9
2076-11-21,0.0,5.08,-3.55,145.8,470.0,31666.8
2076-11-22,2.07,-0.95,-8.74,152.2,315.8,31544.1
2076-11-23,34.35,1.36,-4.95,96.2,423.0,31424.9
2076-11-24,0.0,-2.86,-10.79,152.2,268.5,31309.3
2076-11-25,4.04,-3.93,-14.08,132.3,205.8,31197.3
2076-11-26,3.84,0.58,-7.05,107.0,360.2,31089.0
2076-11-27,0.0,3.87,-1.06,96.0,565.3,30984.5
2076-11-28,0.0,2.18,-1.19,68.0,560.0,30883.9
2076-11-29,0.0,3.22,-2.49,109.4,508.4,30787.2
2076-11-30,19.12,9.04,-2.19,128.7,520.0,30694.6
2076-12-01,11.47,14.03,4.94,99.7,868.6,30606.0
2076-12-02,0.0,9.13,-0.32,138.4,596.7,30521.6
2076-12-03,0.0,2.26,-2.87,88.7,494.3,30441.4
2076-12-04,1.17,3.3,-0.52,68.4,587.9,30365.6
2076-12-05,17.66,1.54,-1.2,39.5,559.4,30294.0
2076-12-06,10.24,-1.6,-3.71,32.7,464.3,30226.9
2076-12-07,0.0,-2.68,-5.16,50.9,416.1,30164.2
2076-12-08,0.0,-2.88,-5.7,56.8,399.4,30106.1
2076-12-09,0.0,-4.32,-7.63,68.1,344.4,30052.5
2076-12-10,0.0,-2.5,-8.02,108.0,333.9,30003.5
2076-12-11,0.0,-0.77,-8.32,133.7,326.2,29959.2
2076-12-12,6.31,-1.15,-5.1,62.5,418.2,29919.5
2076-12-13,8.77,0.22,-3.69,62.6,464.9,29884.6
2076-12-14,1.16,-2.03,-6.83,111.0,366.3,29854.4
2076-12-15,0.0,-6.76,-16.02,167.5,175.2,29829.0
2076-12-16,0.0,-14.62,-21.86,149.8,106.2,29808.5
2076-12-17,0.0,-12.04,-22.26,172.4,102.5,29792.7
2076-12-18,0.0,-7.63,-17.96,171.3,148.8,29781.8
2076-12-19,0.0,-6.95,-18.89,177.6,137.4,29775.7
2076-12-20,1.93,-0.81,-15.36,182.2,185.1,29774.4
2076-12-21,0.0,0.89,-5.58,131.2,403.1,29778.1
2076-12-22,0.0,0.09,-3.93,90.3,456.8,29786.5
2076-12-23,0.0,-3.86,-14.09,169.2,205.5,29799.8
2076-12-24,0.36,7.15,-10.67,183.8,271.1,29818.0
2076-12-25,9.65,12.63,3.46,102.4,782.5,29840.9
2076-12-26,5.43,9.96,-4.83,120.9,426.7,29868.6
2076-12-27,0.0,-5.86,-12.08,113.5,242.0,29901.2
2076-12-28,1.28,1.8,-12.01,179.8,243.5,29938.4
2076-12-29,0.0,-1.28,-10.83,159.4,267.6,29980.4
2076-12-30,5.04,-4.12,-12.24,112.2,238.9,30027.0
2076-12-31,2.52,-4.43,-12.78,142.6,229.0,30052.7
2077-01-01,0.0,-4.74,-13.31,173.1,219.1,30078.5
2077-01-02,9.06,-6.19,-11.84,102.6,246.9,30134.3
2077-01-03,0.0,-5.15,-10.66,134.6,271.4,30194.7
2077-01-04,0.0,-4.56,-8.16,94.4,330.5,30259.6
2077-01-05,0.0,-3.42,-6.86,91.2,365.3,30328.9
2077-01-06,0.0,-1.9,-7.95,146.0,335.9,30402.6
2077-01-07,0.0,-2.64,-7.69,128.5,342.7,30480.7
2077-01-08,2.99,-5.08,-7.56,52.4,346.1,30562.9
2077-01-09,0.0,-1.9,-7.16,135.7,356.9,30649.4
2077-01-10,0.0,-3.59,-12.6,191.6,232.1,30740.0
2077-01-11,0.0,-3.49,-14.54,207.4,198.1,30834.6
2077-01-12,0.0,-0.55,-8.59,183.4,319.4,30933.3
2077-01-13,0.0,-0.77,-5.31,124.3,411.4,31035.8
2077-01-14,0.0,-0.49,-4.39,109.9,441.2,31142.2
2077-01-15,0.0,-0.0,-4.55,126.7,436.0,31252.3
2077-01-16,17.32,-1.12,-6.66,114.7,371.0,31366.2
2077-01-17,10.84,-0.49,-4.06,79.7,452.4,31483.6
2077-01-18,0.0,-3.18,-9.66,175.6,293.6,31604.5
2077-01-19,0.0,-9.77,-17.57,200.7,153.7,31728.9
2077-01-20,0.0,-9.93,-20.35,229.2,121.2,31856.7
2077-01-21,2.9,-11.77,-23.93,182.5,88.3,31987.7
2077-01-22,4.44,-7.25,-19.84,185.8,126.6,32121.9
2077-01-23,0.0,-7.21,-13.86,192.2,209.5,32259.3
2077-01-24,0.0,-6.75,-12.37,173.6,236.5,32399.7
2077-01-25,0.0,-5.41,-10.07,151.2,284.2,32543.0
2077-01-26,0.0,-3.01,-9.69,199.2,292.9,32689.2
2077-01-27,0.0,-0.1,-6.08,185.7,388.1,32838.2
2077-01-28,0.91,-3.44,-9.26,186.1,303.2,32989.9
2077-01-29,0.0,-9.46,-14.61,173.7,196.9,33144.3
2077-01-30,0.0,-12.83,-19.38,210.8,131.7,33301.2
2077-01-31,0.0,-8.09,-22.88,283.4,97.0,33460.6
2077-02-01,0.0,-3.11,-20.46,289.3,120.0,33622.3
2077-02-02,42.97,-1.79,-15.15,219.2,188.4,33786.4
2077-02-03,13.14,-0.18,-5.18,128.0,415.4,33952.8
2077-02-04,2.54,-2.33,-8.43,152.4,323.5,34121.3
2077-02-05,2.9,-3.02,-10.97,185.2,264.7,34291.9
2077-02-06,0.0,-2.38,-9.89,239.7,288.4,34464.5
2077-02-07,3.66,-4.42,-15.57,221.9,181.9,34639.0
2077-02-08,0.0,-6.5,-16.65,286.2,166.2,34815.5
2077-02-09,0.0,-7.86,-23.71,329.3,90.0,34993.8
2077-02-10,0.0,-7.53,-25.16,337.6,79.0,35173.8
2077-02-11,0.0,-10.62,-22.58,313.8,99.6,35355.5
2077-02-12,1.34,-7.37,-18.15,301.8,146.4,35538.8
2077-02-13,0.0,-8.36,-18.03,286.7,147.9,35723.7
2077-02-14,2.12,-6.58,-18.0,235.2,148.2,35910.0
2077-02-15,5.19,-6.24,-17.73,237.8,151.8,36097.8
2077-02-16,14.45,-7.48,-11.62,112.2,251.2,36287.0
2077-02-17,0.0,-7.52,-15.89,272.0,177.2,36477.5
2077-02-18,0.0,-7.31,-22.5,363.8,100.3,36669.2
2077-02-19,0.0,-5.32,-23.16,379.4,94.6,36862.2
2077-02-20,0.0,-5.37,-16.59,329.1,167.0,37056.3
2077-02-21,0.0,-3.19,-18.84,377.4,138.0,37251.5
2077-02-22,2.24,-3.12,-18.45,284.2,142.7,37447.8
2077-02-23,0.85,0.89,-8.44,295.4,323.3,37645.0
2077-02-24,2.66,3.53,-5.82,221.7,395.9,37843.2
2077-02-25,0.0,-3.61,-12.8,298.6,228.4,38042.3
2077-02-26,0.0,-6.99,-19.39,359.9,131.7,38242.3
2077-02-27,10.59,0.66,-18.1,313.6,147.0,38443.1
2077-02-28,0.0,2.77,-8.08,329.2,332.4,38644.7
2077-03-01,8.83,0.65,-11.67,270.6,250.3,38847.0
2077-03-02,3.18,-11.08,-21.19,247.8,112.6,39050.0
2077-03-03,0.0,-3.48,-17.2,397.0,158.7,39253.6
2077-03-04,0.0,-8.57,-15.43,253.9,184.1,39457.9
2077-03-05,0.0,-8.7,-17.92,322.8,149.3,39662.7
2077-03-06,0.0,-4.61,-18.42,410.0,143.1,39868.1
2077-03-07,0.0,-4.1,-17.55,406.6,154.0,40074.0
2077-03-08,0.0,-0.81,-16.98,439.6,161.6,40280.3
2077-03-09,1.94,-2.28,-16.14,415.4,173.5,40487.1
2077-03-10,0.53,6.79,-13.34,472.0,218.5,40694.3
2077-03-11,0.34,10.08,-2.36,385.4,513.5,40901.8
2077-03-12,0.0,7.39,-1.07,301.2,564.7,41109.7
2077-03-13,0.0,-2.14,-8.9,260.5,311.8,41317.8
2077-03-14,0.0,-6.55,-13.53,275.1,215.2,41526.3
2077-03-15,0.0,-11.97,-19.44,297.7,131.1,41734.9
2077-03-16,0.0,-3.58,-20.0,483.3,124.8,41943.8
2077-03-17,0.0,8.03,-12.97,511.2,225.2,42152.9
2077-03-18,0.0,5.71,-10.72,477.4,270.0,42362.1
2077-03-19,0.0,-4.13,-15.2,392.0,187.6,42571.4
2077-03-20,0.0,8.95,-10.85,512.3,267.2,42780.8
2077-03-21,0.0,11.6,-4.27,474.1,445.2,42990.3
2077-03-22,0.0,16.26,-2.68,502.8,501.6,43199.8
2077-03-23,0.0,16.39,-2.13,501.5,518.4,43409.3
2077-03-24,3.53,14.05,-1.41,352.6,550.8,43618.7
2077-03-25,8.11,12.74,2.01,281.6,706.0,43828.1
2077-03-26,33.43,7.97,-0.5,238.7,589.0,44037.5
2077-03-27,10.44,-0.56,-3.65,101.2,466.6,44246.7
2077-03-28,19.88,1.24,-4.64,183.0,432.9,44455.7
2077-03-29,6.71,1.52,-5.77,229.7,397.1,44664.6
2077-03-30,0.0,6.08,-10.29,523.0,279.5,44873.3
2077-03-31,5.61,12.17,-2.25,366.1,517.8,45081.7
2077-04-01,15.51,4.98,-4.14,276.6,449.6,45289.9
2077-04-02,0.0,-3.49,-8.86,241.6,312.8,45497.8
2077-04-03,0.0,1.45,-11.81,489.7,247.5,45705.3
2077-04-04,12.3,3.5,-10.07,374.2,284.3,45912.5
2077-04-05,2.22,5.25,-2.23,243.7,518.5,46119.2
2077-04-06,1.87,9.62,1.75,340.1,692.8,46325.6
2077-04-07,0.0,14.75,3.3,450.8,774.0,46531.4
2077-04-08,0.0,15.87,1.65,512.7,687.8,46736.8
2077-04-09,0.0,17.77,1.0,552.4,656.7,46941.7
2077-04-10,0.0,14.49,-0.56,535.0,586.2,47145.9
2077-04-11,0.0,12.65,-3.16,548.9,483.7,47349.6
2077-04-12,0.0,11.15,2.47,372.6,729.5,47552.6
2077-04-13,0.0,14.27,0.13,515.0,616.7,47754.9
2077-04-14,0.0,14.79,-2.56,563.8,505.8,47956.4
2077-04-15,0.0,16.48,-1.79,573.7,535.5,48157.2
2077-04-16,0.0,9.87,-1.71,466.4,538.7,48357.2
2077-04-17,0.55,6.0,-0.75,311.2,578.1,48556.4
2077-04-18,0.0,9.16,-0.19,409.8,602.2,48754.6
2077-04-19,0.0,15.68,-1.6,581.4,543.3,48951.8
2077-04-20,1.9,15.47,-0.09,558.9,606.6,49148.1
2077-04-21,20.25,3.58,-1.59,194.0,543.8,49343.3
2077-04-22,6.7,-0.37,-2.96,111.0,491.2,49537.4
2077-04-23,0.0,7.76,-3.29,503.2,479.0,49730.4
2077-04-24,0.0,14.41,-0.64,576.6,583.0,49922.1
2077-04-25,4.0,15.78,-0.64,443.0,582.9,50112.6
2077-04-26,4.21,6.06,0.23,221.0,620.9,50301.8
2077-04-27,0.0,11.16,1.08,455.9,660.3,50489.6
2077-04-28,0.0,17.16,-0.04,593.4,608.9,50675.9
2077-04-29,0.0,17.93,0.72,592.4,643.3,50860.8
2077-04-30,5.1,8.37,2.83,206.7,748.6,51044.1
2077-05-01,0.0,9.46,1.86,367.5,698.2,51225.8
2077-05-02,0.0,11.85,0.55,490.2,635.5,51405.8
2077-05-03,0.0,13.1,-1.33,562.5,554.3,51584.1
2077-05-04,0.0,14.54,-1.86,592.4,531.6,51760.6
2077-05-05,16.45,9.0,3.09,216.7,762.5,51935.1
2077-05-06,2.54,7.65,1.69,220.7,690.0,52107.8
2077-05-07,0.0,11.69,0.67,484.2,641.0,52278.4
2077-05-08,0.0,10.76,-1.62,525.6,542.3,52446.9
2077-05-09,0.0,14.4,1.85,526.2,698.0,52613.2
2077-05-10,0.0,16.6,0.02,597.7,590.9,52777.3
2077-05-11,2.1,14.18,2.55,504.8,733.4,52939.1
2077-05-12,0.0,12.07,0.84,495.5,649.0,53098.5
2077-05-13,0.0,17.23,-0.3,607.9,571.8,53255.4
2077-05-14,0.0,17.05,1.95,573.9,681.9,53409.7
2077-05-15,0.0,21.05,0.2,631.7,565.8,53561.4
2077-05-16,1.89,19.69,2.83,591.1,701.4,53710.5
2077-05-17,1.38,20.97,3.41,592.1,719.0,53856.7
2077-05-18,0.0,19.78,6.35,517.2,909.8,54000.0
2077-05-19,0.0,21.11,3.43,590.2,701.1,54140.4
2077-05-20,0.0,27.15,6.2,607.9,803.4,54277.8
2077-05-21,2.22,26.71,11.38,388.5,1345.7,54412.0
2077-05-22,5.15,25.91,14.52,313.1,1652.7,54543.1
2077-05-23,7.17,16.33,6.01,309.6,935.4,54670.8
2077-05-24,0.0,16.98,-0.45,573.0,566.0,54795.2
2077-05-25,3.28,22.43,3.94,428.2,809.6,54916.2
2077-05-26,1.59,28.56,13.32,493.5,1421.6,55033.6
2077-05-27,0.0,14.26,3.2,425.9,768.3,55147.4
2077-05-28,0.0,11.69,-0.42,463.5,592.4,55257.6
2077-05-29,0.0,15.05,-1.56,554.5,526.6,55364.0
2077-05-30,10.1,18.08,0.99,411.1,656.2,55466.5
2077-05-31,10.55,10.62,5.34,165.1,893.1,55565.2
2077-06-01,0.0,20.88,5.71,505.4,880.9,55659.8
2077-06-02,0.0,24.03,7.34,522.9,953.9,55750.4
2077-06-03,2.27,21.16,8.62,297.6,1118.0,55836.9
2077-06-04,2.48,24.31,11.61,291.1,1366.3,55919.2
2077-06-05,2.14,24.2,10.85,299.6,1299.2,55997.2
2077-06-06,0.0,24.27,10.72,403.0,1287.6,56070.9
2077-06-07,0.0,32.34,14.99,445.1,1624.7,56140.2
2077-06-08,0.0,30.46,17.3,369.9,1973.8,56205.1
2077-06-09,0.0,22.56,11.82,339.7,1385.6,56265.6
2077-06-10,0.0,16.16,5.36,356.4,893.9,56321.4
2077-06-11,0.0,19.64,2.54,477.8,729.2,56372.7
2077-06-12,0.0,22.63,3.8,495.6,773.0,56419.4
2077-06-13,0.0,21.07,4.36,467.7,825.8,56461.3
2077-06-14,1.75,21.56,5.75,454.2,914.4,56498.6
2077-06-15,21.08,20.24,11.08,227.6,1319.4,56531.2
2077-06-16,2.46,17.83,8.17,246.1,1084.5,56558.9
2077-06-17,0.0,18.56,7.06,378.7,1005.2,56581.9
2077-06-18,0.0,26.13,7.42,493.1,1008.7,56600.1
2077-06-19,8.56,23.1,9.73,311.2,1205.5,56613.4
2077-06-20,0.0,24.47,11.73,398.8,1377.4,56621.9
2077-06-21,3.78,26.86,11.75,328.2,1378.9,56625.6
2077-06-22,10.23,22.78,8.86,318.6,1136.8,56624.3
2077-06-23,0.0,18.33,6.25,398.0,951.2,56618.3
2077-06-24,0.0,24.61,5.76,501.1,915.9,56607.4
2077-06-25,0.0,24.21,10.12,428.0,1236.2,56591.7
2077-06-26,11.94,20.42,14.08,167.8,1606.1,56571.1
2077-06-27,15.17,27.66,17.65,240.2,2017.8,56545.8
2077-06-28,0.0,26.91,17.44,311.4,1991.8,56515.6
2077-06-29,6.22,28.89,16.01,296.1,1818.5,56480.7
2077-06-30,20.43,22.86,16.08,178.8,1827.2,56441.1
2077-07-01,2.14,18.41,11.64,189.2,1369.0,56396.8
2077-07-02,0.0,16.76,7.78,335.0,1056.5,56347.9
2077-07-03,0.0,18.3,4.79,448.6,859.1,56294.3
2077-07-04,0.0,19.98,8.9,388.7,1139.6,56236.2
2077-07-05,0.0,25.98,8.91,488.6,1055.4,56173.5
2077-07-06,2.75,26.72,11.33,342.0,1341.1,56106.4
2077-07-07,0.0,18.91,9.17,354.5,1160.7,56034.9
2077-07-08,6.41,20.43,6.01,345.2,935.4,55959.1
2077-07-09,5.0,20.85,11.15,260.8,1325.3,55878.9
2077-07-10,0.0,24.55,9.84,453.5,1187.0,55794.5
2077-07-11,0.0,26.99,10.28,478.4,1187.4,55706.0
2077-07-12,0.0,25.48,9.98,465.6,1183.8,55613.4
2077-07-13,0.58,26.36,8.98,489.7,1084.9,55516.8
2077-07-14,1.49,22.34,14.04,303.1,1602.2,55416.2
2077-07-15,0.0,28.02,16.86,366.0,1919.7,55311.7
2077-07-16,0.0,25.71,14.79,367.2,1681.3,55203.4
2077-07-17,0.0,26.58,12.2,439.8,1396.7,55091.5
2077-07-18,0.0,26.74,13.11,426.8,1494.6,54975.8
2077-07-19,0.0,27.83,14.63,413.4,1658.7,54856.7
2077-07-20,0.0,21.14,13.39,288.2,1536.0,54734.0
2077-07-21,9.01,15.72,11.64,126.2,1369.2,54607.9
2077-07-22,2.0,21.74,9.47,422.5,1177.5,54478.5
2077-07-23,4.78,22.87,9.47,330.4,1184.4,54345.9
2077-07-24,0.0,26.52,9.55,487.7,1116.1,54210.1
2077-07-25,6.49,21.25,12.32,252.0,1431.6,54071.2
2077-07-26,2.19,24.42,13.98,275.2,1595.8,53929.4
2077-07-27,0.0,21.23,9.64,404.5,1197.9,53784.6
2077-07-28,0.0,20.3,6.98,441.0,1000.1,53637.0
2077-07-29,1.37,22.92,6.63,480.4,945.3,53486.6
2077-07-30,0.84,18.53,9.8,323.8,1210.6,53333.6
2077-07-31,0.0,19.76,9.93,351.4,1221.2,53177.9
2077-08-01,1.59,23.01,7.4,462.1,1006.8,53019.8
2077-08-02,8.18,19.39,10.29,245.4,1251.6,52859.2
2077-08-03,1.54,24.1,8.65,453.7,1114.2,52696.3
2077-08-04,0.0,23.7,11.48,396.3,1354.3,52531.0
2077-08-05,0.0,24.67,13.83,361.9,1580.1,52363.6
2077-08-06,0.0,28.48,15.0,405.0,1676.3,52194.1
2077-08-07,0.0,24.75,14.4,347.2,1640.0,52022.5
2077-08-08,0.0,24.25,12.02,392.1,1403.4,51848.9
2077-08-09,0.72,21.35,11.48,343.6,1354.7,51673.3
2077-08-10,0.0,28.55,15.21,402.3,1705.6,51496.0
2077-08-11,0.0,25.47,17.62,275.8,2014.1,51316.8
2077-08-12,10.07,30.43,18.86,270.7,2176.7,51136.0
2077-08-13,0.0,32.04,19.38,373.2,2249.5,50953.4
2077-08-14,15.03,25.38,16.19,236.9,1840.0,50769.4
2077-08-15,0.0,21.39,10.61,369.5,1278.7,50583.7
2077-08-16,0.0,25.77,7.72,471.1,1047.4,50396.6
2077-08-17,0.0,29.39,10.51,464.6,1249.3,50208.2
2077-08-18,0.0,27.45,15.38,370.8,1746.8,50018.3
2077-08-19,0.0,30.58,16.74,388.0,1905.2,49827.2
2077-08-20,0.0,28.95,16.32,365.9,1854.3,49634.9
2077-08-21,0.0,27.41,14.36,377.9,1635.3,49441.3
2077-08-22,0.0,27.08,14.69,364.8,1670.9,49246.7
2077-08-23,2.69,23.32,15.67,193.5,1779.3,49050.9
2077-08-24,0.0,29.4,17.01,355.8,1938.2,48854.2
2077-08-25,0.0,29.62,14.59,397.5,1660.3,48656.4
2077-08-26,0.0,31.13,15.97,390.0,1814.4,48457.8
2077-08-27,0.0,20.17,9.61,335.6,1195.6,48258.2
2077-08-28,0.0,21.61,5.05,435.1,874.9,48057.8
2077-08-29,0.0,20.21,7.28,379.9,1021.0,47856.6
2077-08-30,7.83,22.09,12.02,233.2,1403.9,47654.7
2077-08-31,0.0,25.41,12.31,366.5,1430.4,47452.0
2077-09-01,0.0,19.28,10.84,272.7,1297.8,47248.7
2077-09-02,5.53,17.36,8.99,207.5,1146.9,47044.8
2077-09-03,1.66,14.24,8.81,192.0,1132.7,46840.2
2077-09-04,0.0,16.78,6.15,336.4,944.3,46635.1
2077-09-05,7.57,17.5,4.04,290.8,815.3,46429.5
2077-09-06,25.57,22.36,10.46,259.3,1265.3,46223.4
2077-09-07,0.0,21.15,11.05,308.7,1316.8,46016.8
2077-09-08,0.0,23.87,8.23,394.2,1088.8,45809.8
2077-09-09,9.08,18.86,12.71,151.0,1468.5,45602.5
2077-09-10,4.35,17.88,10.39,181.6,1259.7,45394.8
2077-09-11,0.0,18.99,8.06,324.6,1076.9,45186.7
2077-09-12,6.61,21.91,8.42,271.3,1103.4,44978.4
2077-09-13,0.0,18.77,7.14,332.6,1011.0,44769.9
2077-09-14,20.98,15.64,5.27,232.6,888.7,44561.1
2077-09-15,18.51,17.57,7.76,222.2,1055.0,44352.1
2077-09-16,0.0,21.08,7.93,352.7,1066.9,44143.0
2077-09-17,0.0,23.14,6.29,387.1,953.5,43933.7
2077-09-18,3.31,21.43,7.87,262.6,1062.8,43724.4
2077-09-19,0.0,17.27,4.55,342.8,844.9,43514.9
2077-09-20,0.0,20.53,2.46,390.7,729.0,43305.4
2077-09-21,0.0,22.76,6.41,367.4,961.5,43095.9
2077-09-22,0.0,22.63,10.52,307.1,1270.5,42886.4
2077-09-23,0.0,24.16,13.33,277.8,1529.6,42677.0
2077-09-24,19.68,22.17,12.73,190.8,1471.0,42467.6
2077-09-25,16.45,19.72,11.12,181.0,1322.4,42258.4
2077-09-26,44.4,15.97,9.16,151.5,1159.9,42049.2
2077-09-27,0.77,17.37,6.74,288.4,983.4,41840.3
2077-09-28,0.0,14.57,4.17,286.9,822.5,41631.5
2077-09-29,0.8,12.78,1.45,302.3,678.3,41422.9
2077-09-30,1.76,10.29,6.04,134.8,937.5,41214.6
2077-10-01,1.17,8.83,5.61,105.7,910.1,41006.6
2077-10-02,0.0,12.58,5.31,216.5,891.2,40798.9
2077-10-03,0.0,12.17,2.95,257.5,755.1,40591.5
2077-10-04,0.0,15.29,0.2,332.2,619.7,40384.6
2077-10-05,0.0,18.44,0.03,345.8,611.9,40178.0
2077-10-06,0.0,19.66,1.41,338.0,676.0,39971.9
2077-10-07,0.0,20.83,3.92,322.3,808.3,39766.2
2077-10-08,0.0,15.34,3.49,275.6,784.4,39561.1
2077-10-09,0.0,14.9,0.74,298.4,644.4,39356.6
2077-10-10,0.0,14.1,1.83,271.8,697.0,39152.6
2077-10-11,0.0,19.55,5.93,276.6,930.3,38949.3
2077-10-12,0.0,20.61,7.84,261.6,1060.5,38746.6
2077-10-13,2.01,22.59,9.31,260.4,1171.6,38544.7
2077-10-14,0.0,18.24,9.37,198.3,1176.8,38343.5
2077-10-15,2.55,16.64,9.28,127.3,1169.3,38143.1
2077-10-16,25.66,15.59,11.43,75.8,1349.8,37943.5
2077-10-17,12.37,14.29,8.79,101.2,1131.0,37744.9
2077-10-18,0.93,9.93,5.67,110.3,913.4,37547.1
2077-10-19,1.99,7.97,4.62,90.4,849.1,37350.4
2077-10-20,0.0,10.78,4.54,160.3,844.5,37154.6
2077-10-21,1.82,12.54,5.76,172.5,919.0,36959.9
2077-10-22,2.62,15.29,6.26,158.4,951.9,36766.4
2077-10-23,0.0,7.51,1.32,162.5,672.0,36574.0
2077-10-24,0.0,8.28,0.99,184.2,656.0,36382.9
2077-10-25,0.0,8.02,1.1,175.2,661.2,36193.1
2077-10-26,0.0,13.42,2.19,233.2,715.2,36004.6
2077-10-27,0.0,8.59,1.47,173.6,679.4,35817.5
2077-10-28,0.0,10.8,0.3,222.5,624.1,35631.9
2077-10-29,0.0,12.91,-2.97,257.6,490.7,35447.8
2077-10-30,10.38,6.88,-3.14,157.9,484.6,35265.2
2077-10-31,22.43,12.75,2.91,148.5,752.9,35084.4
2077-11-01,2.12,10.94,2.51,175.6,731.6,34905.2
2077-11-02,0.0,8.58,-0.72,187.9,579.6,34727.8
2077-11-03,0.0,5.61,-3.6,188.4,468.0,34552.3
2077-11-04,0.0,3.37,-5.08,179.7,418.7,34378.7
2077-11-05,0.0,4.45,-5.16,195.5,416.2,34207.0
2077-11-06,0.0,9.39,-3.54,221.0,470.3,34037.5
2077-11-07,0.0,10.73,-2.37,217.8,513.0,33870.0
2077-11-08,0.0,12.18,-0.36,210.3,594.8,33704.8
2077-11-09,0.0,14.2,-0.63,217.2,583.4,33541.9
2077-11-10,0.0,7.69,-2.23,185.5,518.5,33381.3
2077-11-11,0.0,6.52,-3.3,183.8,478.6,33223.1
2077-11-12,16.66,4.41,-3.3,118.5,478.6,33067.5
2077-11-13,6.29,8.74,0.5,120.8,633.3,32914.4
2077-11-14,4.1,5.52,0.25,84.8,622.1,32764.0
2077-11-15,11.65,1.1,-1.08,38.8,564.6,32616.4
2077-11-16,0.0,0.95,-2.66,80.2,502.3,32471.6
2077-11-17,4.48,0.85,-5.05,92.2,419.7,32329.7
2077-11-18,10.78,4.37,-3.2,108.4,482.4,32190.8
2077-11-19,2.02,3.42,-1.69,103.5,539.7,32055.0
2077-11-20,0.0,1.26,-4.05,107.1,452.5,31922.3
2077-11-21,3.57,2.74,-3.09,86.4,486.5,31792.9
2077-11-22,3.87,6.48,-1.77,109.5,536.4,31666.8
2077-11-23,0.0,-1.38,-5.76,89.0,397.5,31544.1
2077-11-24,0.0,0.48,-5.92,121.4,392.8,31424.9
2077-11-25,0.0,5.46,-5.75,168.7,397.8,31309.3
2077-11-26,10.76,1.35,-2.89,62.7,493.8,31197.3
2077-11-27,0.0,-1.64,-5.12,71.0,417.4,31089.0
2077-11-28,0.0,-3.78,-8.42,94.6,323.8,30984.5
2077-11-29,0.0,-3.71,-10.5,129.0,274.7,30883.9
2077-11-30,0.0,-4.39,-10.91,125.3,266.0,30787.2
2077-12-01,2.32,-2.41,-14.09,141.7,205.6,30694.6
2077-12-02,5.68,2.41,-10.71,144.2,270.3,30606.0
2077-12-03,1.59,0.94,-9.4,174.6,299.9,30521.6
2077-12-04,1.47,-6.97,-15.44,158.7,183.9,30441.4
2077-12-05,4.14,-6.57,-13.06,100.2,223.6,30365.6
2077-12-06,22.59,6.62,-11.37,148.8,256.3,30294.0
2077-12-07,0.0,2.5,-10.05,184.5,284.8,30226.9
2077-12-08,0.0,-10.8,-17.93,143.0,149.1,30164.2
2077-12-09,0.0,-9.96,-18.72,162.8,139.4,30106.1
2077-12-10,1.75,-6.57,-21.16,191.1,112.8,30052.5
2077-12-11,12.54,4.67,-10.89,143.0,266.4,30003.5
2077-12-12,0.0,4.75,-3.02,142.1,488.8,29959.2
2077-12-13,0.0,4.84,0.05,97.2,612.9,29919.5
2077-12-14,0.0,0.69,-9.29,164.6,302.4,29884.6
2077-12-15,2.76,-4.49,-11.76,102.9,248.5,29854.4
2077-12-16,2.43,4.54,-7.53,130.7,346.9,29829.0
2077-12-17,0.0,5.89,-3.82,155.1,460.6,29808.5
2077-12-18,3.07,-4.56,-8.27,56.6,327.6,29792.7
2077-12-19,1.53,-6.28,-10.38,83.3,277.3,29781.8
2077-12-20,0.84,-6.7,-15.17,148.2,188.0,29775.7
2077-12-21,0.0,-1.3,-14.4,178.6,200.4,29774.4
2077-12-22,12.68,-4.75,-14.57,120.5,197.6,29778.1
2077-12-23,0.0,-8.52,-17.37,150.3,156.4,29786.5
2077-12-24,0.0,-11.37,-21.59,162.9,108.7,29799.8
2077-12-25,0.0,-6.15,-18.96,179.2,136.6,29818.0
2077-12-26,0.0,-3.57,-15.48,172.2,183.3,29840.9
2077-12-27,0.0,-4.62,-14.74,157.7,194.8,29868.6
2077-12-28,4.14,-6.62,-15.08,106.1,189.5,29901.2
2077-12-29,0.0,-4.85,-9.98,93.9,286.3,29938.4
2077-12-30,0.0,-2.0,-7.46,99.2,348.9,29980.4
2077-12-31,0.0,-0.68,-4.42,71.9,440.0,30027.0
2078-01-01,1.52,2.13,-3.87,84.7,458.9,30078.5
2078-01-02,4.05,0.07,-9.74,99.3,291.9,30134.3
2078-01-03,0.0,-13.16,-21.44,118.6,110.1,30194.7
2078-01-04,0.96,-9.78,-24.5,176.2,83.9,30259.6
2078-01-05,1.24,-2.76,-16.73,171.8,165.1,30328.9
2078-01-06,0.68,-2.74,-8.19,82.1,329.6,30402.6
2078-01-07,3.12,-6.64,-9.7,37.8,292.7,30480.7
2078-01-08,0.0,-8.97,-16.93,119.3,162.3,30562.9
2078-01-09,1.36,-1.17,-16.17,184.6,173.0,30649.4
2078-01-10,0.0,-6.03,-20.28,182.6,121.9,30740.0
2078-01-11,0.0,-19.39,-27.11,120.7,66.1,30834.6
2078-01-12,0.93,-12.51,-28.34,196.4,58.9,30933.3
2078-01-13,3.15,-6.31,-18.29,128.3,144.6,31035.8
2078-01-14,0.0,-5.61,-17.03,167.0,161.0,31142.2
2078-01-15,0.0,-19.19,-23.53,75.2,91.6,31252.3
2078-01-16,0.0,-10.79,-24.78,193.4,81.8,31366.2
2078-01-17,13.11,0.81,-21.46,173.8,110.0,31483.6
2078-01-18,0.0,-3.13,-20.03,216.4,124.6,31604.5
2078-01-19,3.29,-11.91,-24.87,146.2,81.1,31728.9
2078-01-20,0.0,-10.29,-22.41,188.6,101.1,31856.7
2078-01-21,0.0,-14.92,-29.28,211.0,54.0,31987.7
2078-01-22,0.0,-13.05,-32.37,239.6,40.1,32121.9
2078-01-23,0.0,-7.33,-26.75,242.0,68.3,32259.3
2078-01-24,0.0,-11.94,-25.78,215.2,74.7,32399.7
2078-01-25,1.8,-8.95,-22.81,217.7,97.6,32543.0
2078-01-26,0.0,-14.53,-26.21,199.9,71.8,32689.2
2078-01-27,3.18,-12.15,-34.39,199.4,32.9,32838.2
2078-01-28,0.0,-7.56,-28.39,264.2,58.7,32989.9
2078-01-29,12.54,-12.66,-26.9,177.2,67.4,33144.3
2078-01-30,0.0,-9.9,-21.64,213.1,108.2,33301.2
2078-01-31,0.0,-10.77,-25.33,241.8,77.8,33460.6
2078-02-01,0.0,-10.02,-29.85,274.9,51.1,33622.3
2078-02-02,3.47,2.17,-18.02,208.0,148.1,33786.4
2078-02-03,4.94,2.02,-11.57,176.1,252.3,33952.8
2078-02-04,6.5,-12.6,-15.31,48.9,185.9,34121.3
2078-02-05,0.52,-11.96,-19.66,162.3,128.6,34291.9
2078-02-06,0.0,-11.54,-26.94,266.3,67.1,34464.5
2078-02-07,3.93,-3.68,-15.78,173.5,178.8,34639.0
2078-02-08,20.18,-1.16,-7.55,105.5,346.4,34815.5
2078-02-09,0.0,-1.39,-6.86,125.7,365.3,34993.8
2078-02-10,2.98,0.51,-6.03,112.9,389.5,35173.8
2078-02-11,0.0,1.33,-5.27,156.2,412.8,35355.5
2078-02-12,0.0,4.82,-10.72,296.3,269.9,35538.8
2078-02-13,0.0,-12.38,-22.31,231.3,102.0,35723.7
2078-02-14,0.0,-13.52,-22.64,217.7,99.1,35910.0
2078-02-15,0.0,-12.18,-24.29,272.5,85.5,36097.8
2078-02-16,0.0,0.92,-25.77,365.3,74.8,36287.0
2078-02-17,25.87,5.04,-8.85,226.9,313.0,36477.5
2078-02-18,8.09,-1.91,-14.48,220.3,199.1,36669.2
2078-02-19,2.01,-9.06,-22.1,306.4,104.0,36862.2
2078-02-20,0.0,-7.13,-18.98,292.5,136.4,37056.3
2078-02-21,0.0,-0.44,-14.37,327.2,200.9,37251.5
2078-02-22,21.38,-5.79,-15.73,206.4,179.4,37447.8
2078-02-23,6.78,-0.26,-14.88,266.2,192.6,37645.0
2078-02-24,0.0,-9.81,-20.1,293.2,123.8,37843.2
2078-02-25,0.0,-14.64,-24.63,292.5,82.9,38042.3
2078-02-26,0.0,-7.36,-27.8,420.2,62.0,38242.3
2078-02-27,2.45,-2.63,-18.46,295.4,142.6,38443.1
2078-02-28,0.0,-10.89,-21.57,323.5,108.9,38644.7
2078-03-01,3.9,-6.69,-23.76,312.6,89.6,38847.0
2078-03-02,1.22,-4.05,-16.75,366.4,164.8,39050.0
2078-03-03,0.0,-10.65,-21.27,337.9,111.8,39253.6
2078-03-04,0.0,-6.18,-24.4,444.1,84.6,39457.9
2078-03-05,0.0,-2.34,-18.03,424.7,147.9,39662.7
2078-03-06,17.11,0.35,-10.52,262.2,274.3,39868.1
2078-03-07,15.98,0.52,-3.76,119.0,462.5,40074.0
2078-03-08,0.0,-2.32,-10.98,308.1,264.4,40280.3
2078-03-09,0.0,-1.28,-17.05,448.3,160.7,40487.1
2078-03-10,0.0,2.35,-10.32,401.0,278.6,40694.3
2078-03-11,0.0,-0.52,-9.42,315.3,299.3,40901.8
2078-03-12,21.91,0.84,-8.52,250.3,321.2,41109.7
2078-03-13,0.0,-7.35,-12.94,218.6,225.7,41317.8
2078-03-14,0.0,-1.13,-16.86,472.4,163.3,41526.3
2078-03-15,0.0,-1.57,-11.98,374.4,244.1,41734.9
2078-03-16,0.51,6.57,-12.12,504.4,241.4,41943.8
2078-03-17,3.69,8.0,-3.7,299.9,464.6,42152.9
2078-03-18,0.0,8.47,-1.85,378.1,533.1,42362.1
2078-03-19,15.45,0.21,-4.69,156.3,431.3,42571.4
2078-03-20,5.66,1.39,-2.61,133.1,504.0,42780.8
2078-03-21,0.0,1.08,-5.36,281.8,409.7,42990.3
2078-03-22,0.0,-1.21,-8.62,326.3,318.8,43199.8
2078-03-23,0.0,3.94,-6.5,426.1,375.8,43409.3
2078-03-24,0.0,1.52,-7.36,385.3,351.6,43618.7
2078-03-25,7.07,1.26,-2.78,149.1,497.9,43828.1
2078-03-26,0.0,2.32,-2.88,255.5,494.1,44037.5
2078-03-27,0.59,3.86,-2.65,316.0,502.6,44246.7
2078-03-28,0.8,-2.91,-8.29,284.2,327.0,44455.7
2078-03-29,0.0,-4.22,-11.27,370.7,258.3,44664.6
2078-03-30,0.0,2.69,-9.5,525.9,297.4,44873.3
2078-03-31,1.87,3.47,-4.23,403.4,446.4,45081.7
2078-04-01,3.08,7.6,-1.58,343.3,543.9,45289.9
2078-04-02,0.0,2.32,-4.01,356.0,454.0,45497.8
2078-04-03,0.0,5.57,-5.24,523.4,413.5,45705.3
2078-04-04,0.0,5.68,-3.24,476.8,480.9,45912.5
2078-04-05,0.0,5.58,-6.68,564.6,370.5,46119.2
2078-04-06,0.0,7.52,-9.18,614.1,305.1,46325.6
2078-04-07,1.31,8.51,-6.51,598.9,375.5,46531.4
2078-04-08,11.01,3.33,-1.32,213.1,554.7,46736.8
2078-04-09,4.0,10.23,-0.29,395.2,597.8,46941.7
2078-04-10,6.35,4.23,0.94,159.2,653.8,47145.9
2078-04-11,0.0,8.54,-0.18,482.7,602.8,47349.6
2078-04-12,4.91,9.72,-1.31,411.4,554.8,47552.6
2078-04-13,0.0,11.15,-2.11,594.7,523.2,47754.9
2078-04-14,8.97,7.92,-1.62,387.3,542.6,47956.4
2078-04-15,4.04,10.33,1.18,382.0,665.1,48157.2
2078-04-16,0.0,7.68,1.27,404.2,669.7,48357.2
2078-04-17,1.6,5.4,-1.28,426.7,556.1,48556.4
2078-04-18,0.0,8.98,-1.98,572.7,528.2,48754.6
2078-04-19,6.1,4.53,-0.59,253.4,585.0,48951.8
2078-04-20,0.0,5.88,-1.01,432.6,567.2,49148.1
2078-04-21,3.68,8.93,-4.0,460.2,454.2,49343.3
2078-04-22,0.0,9.21,-0.41,536.2,592.7,49537.4
2078-04-23,0.0,5.03,-4.14,529.3,449.7,49730.4
2078-04-24,0.0,9.8,-3.83,624.2,460.1,49922.1
2078-04-25,0.0,12.03,-2.33,627.7,514.7,50112.6
2078-04-26,3.37,12.69,3.23,381.6,770.0,50301.8
2078-04-27,17.89,7.54,2.27,244.4,718.9,50489.6
2078-04-28,3.47,3.71,-1.26,236.6,557.0,50675.9
2078-04-29,2.35,3.52,-0.83,214.7,574.8,50860.8
2078-04-30,0.0,8.3,-0.03,487.5,609.3,51044.1
2078-05-01,0.0,11.4,0.14,577.9,616.8,51225.8
2078-05-02,0.0,16.35,-1.34,659.0,553.6,51405.8
2078-05-03,0.0,18.91,0.36,658.4,623.3,51584.1
2078-05-04,2.35,10.73,4.59,272.6,847.6,51760.6
2078-05-05,0.0,10.97,-0.11,563.4,605.9,51935.1
2078-05-06,0.0,7.37,-2.55,542.0,506.2,52107.8
2078-05-07,0.0,11.01,-3.55,641.7,469.8,52278.4
2078-05-08,0.0,16.72,-4.26,680.8,438.7,52446.9
2078-05-09,0.0,20.45,-1.5,678.0,520.3,52613.2
2078-05-10,0.0,22.27,0.67,670.6,583.0,52777.3
2078-05-11,0.0,26.44,2.48,671.1,644.2,52939.1
2078-05-12,0.0,26.29,7.1,633.4,901.2,53098.5
2078-05-13,0.0,30.15,10.0,626.5,1075.6,53255.4
2078-05-14,0.0,26.21,13.04,518.1,1437.4,53409.7
2078-05-15,6.2,17.96,10.45,264.7,1264.8,53561.4
2078-05-16,3.24,18.79,9.56,312.0,1191.3,53710.5
2078-05-17,5.81,15.87,6.12,329.4,942.7,53856.7
2078-05-18,0.0,13.3,2.11,492.6,710.8,54000.0
2078-05-19,0.0,18.16,-0.7,629.0,540.1,54140.4
2078-05-20,0.0,15.96,2.8,526.4,737.0,54277.8
2078-05-21,21.75,22.07,9.24,374.1,1166.3,54412.0
2078-05-22,15.85,22.91,9.33,383.0,1173.5,54543.1
2078-05-23,0.0,12.85,3.48,408.8,784.0,54670.8
2078-05-24,0.0,17.53,-0.21,602.7,574.0,54795.2
2078-05-25,0.0,22.13,3.02,608.9,686.8,54916.2
2078-05-26,11.64,17.65,5.88,349.9,927.1,55033.6
2078-05-27,71.05,16.47,8.44,253.6,1104.5,55147.4
2078-05-28,8.73,17.08,8.59,263.0,1116.2,55257.6
2078-05-29,0.0,23.3,6.46,551.0,965.0,55364.0
2078-05-30,0.0,22.3,9.09,471.0,1154.4,55466.5
2078-05-31,0.0,16.08,4.25,448.0,827.2,55565.2
2078-06-01,0.0,18.4,1.48,558.3,679.7,55659.8
2078-06-02,0.0,20.71,4.17,545.8,822.6,55750.4
2078-06-03,0.0,19.46,5.69,485.1,914.8,55836.9
2078-06-04,2.88,16.18,8.85,218.3,1135.6,55919.2
2078-06-05,10.65,15.11,8.94,187.1,1143.1,55997.2
2078-06-06,0.0,19.38,7.22,444.4,1016.7,56070.9
2078-06-07,0.0,22.8,5.94,539.5,930.6,56140.2
2078-06-08,5.46,18.15,11.11,214.1,1322.0,56205.1
2078-06-09,24.76,16.37,11.48,158.0,1354.5,56265.6
2078-06-10,0.67,18.5,10.63,335.0,1280.0,56321.4
2078-06-11,1.53,22.97,11.22,408.0,1331.4,56372.7
2078-06-12,0.0,24.14,8.37,484.5,1099.8,56419.4
2078-06-13,3.28,17.78,11.24,198.8,1333.5,56461.3
2078-06-14,4.23,17.61,10.64,211.7,1280.9,56498.6
2078-06-15,0.0,24.63,9.82,469.2,1212.6,56531.2
2078-06-16,5.85,24.39,10.71,335.3,1287.0,56558.9
2078-06-17,9.22,20.88,12.65,236.4,1463.0,56581.9
2078-06-18,15.26,15.39,8.3,221.2,1094.1,56600.1
2078-06-19,15.22,9.13,5.99,111.0,933.8,56613.4
2078-06-20,0.0,15.77,4.47,434.8,840.3,56621.9
2078-06-21,0.0,20.13,3.05,521.0,760.1,56625.6
2078-06-22,0.0,22.81,8.91,467.0,1140.5,56624.3
2078-06-23,0.0,22.21,8.75,463.0,1128.0,56618.3
2078-06-24,0.0,24.49,12.31,433.4,1431.0,56607.4
2078-06-25,0.0,26.18,12.82,450.8,1479.2,56591.7
2078-06-26,0.0,29.3,9.82,515.1,1213.0,56571.1
2078-06-27,25.1,23.19,13.88,263.8,1585.2,56545.8
2078-06-28,0.0,22.05,10.63,418.0,1280.2,56515.6
2078-06-29,7.08,24.93,8.43,373.6,1103.7,56480.7
2078-06-30,4.25,21.17,9.9,310.5,1219.5,56441.1
2078-07-01,6.43,24.81,9.87,358.1,1216.9,56396.8
2078-07-02,4.23,26.11,13.48,324.5,1544.8,56347.9
2078-07-03,5.3,22.76,10.46,328.3,1266.1,56294.3
2078-07-04,0.0,21.39,7.6,467.9,1043.4,56236.2
2078-07-05,23.69,24.0,8.88,357.7,1138.5,56173.5
2078-07-06,16.46,20.6,10.26,289.5,1248.6,56106.4
2078-07-07,0.0,21.64,7.61,468.2,1044.3,56034.9
2078-07-08,2.14,22.16,9.46,327.7,1183.5,55959.1
2078-07-09,0.0,19.81,6.94,442.2,997.3,55878.9
2078-07-10,0.0,24.02,7.39,489.5,1028.2,55794.5
2078-07-11,1.55,25.21,12.59,414.4,1457.5,55706.0
2078-07-12,23.52,25.2,14.98,267.7,1702.1,55613.4
2078-07-13,0.0,24.57,13.13,388.3,1510.0,55516.8
2078-07-14,3.81,22.2,10.3,302.4,1252.1,55416.2
2078-07-15,0.0,24.11,11.8,408.3,1383.7,55311.7
2078-07-16,0.0,26.51,12.58,433.8,1455.9,55203.4
2078-07-17,0.0,27.14,13.52,421.7,1549.1,55091.5
2078-07-18,13.14,28.99,14.88,314.8,1691.4,54975.8
2078-07-19,6.78,26.01,15.69,253.3,1781.4,54856.7
2078-07-20,0.0,25.5,13.32,386.2,1529.0,54734.0
2078-07-21,22.48,28.75,12.98,333.9,1495.2,54607.9
2078-07-22,0.0,28.39,16.19,377.0,1839.2,54478.5
2078-07-23,0.0,28.64,15.33,400.2,1740.6,54345.9
2078-07-24,36.87,28.62,17.02,270.3,1939.4,54210.1
2078-07-25,19.93,26.1,16.91,229.7,1925.5,54071.2
2078-07-26,0.0,23.62,13.23,353.5,1519.9,53929.4
2078-07-27,0.0,25.66,13.79,382.5,1575.7,53784.6
2078-07-28,4.98,26.82,12.84,315.7,1481.6,53637.0
2078-07-29,1.67,25.34,14.64,354.6,1665.8,53486.6
2078-07-30,3.72,23.77,13.64,258.2,1561.3,53333.6
2078-07-31,0.0,27.32,13.0,427.2,1496.7,53177.9
2078-08-01,0.0,27.48,15.34,381.5,1742.2,53019.8
2078-08-02,5.89,24.95,13.81,274.6,1578.2,52859.2
2078-08-03,0.0,24.17,10.12,430.5,1237.2,52696.3
2078-08-04,0.0,27.88,15.08,393.2,1713.6,52531.0
2078-08-05,0.0,23.96,13.5,350.6,1546.3,52363.6
2078-08-06,0.0,27.93,8.86,481.8,1136.5,52194.1
2078-08-07,6.18,28.94,13.4,323.7,1537.0,52022.5
2078-08-08,26.78,19.4,11.67,207.9,1371.3,51848.9
2078-08-09,1.89,16.55,11.23,203.8,1332.4,51673.3
2078-08-10,0.0,20.31,10.67,340.7,1283.1,51496.0
2078-08-11,16.04,23.26,13.16,258.0,1512.5,51316.8
2078-08-12,0.0,20.63,11.63,320.8,1367.8,51136.0
2078-08-13,0.0,23.0,8.93,428.9,1142.4,50953.4
2078-08-14,1.6,21.89,11.29,358.7,1337.6,50769.4
2078-08-15,0.0,25.94,10.68,436.0,1284.6,50583.7
2078-08-16,0.0,26.51,10.32,444.2,1254.3,50396.6
2078-08-17,13.1,22.23,11.77,262.5,1380.4,50208.2
2078-08-18,7.1,20.81,13.84,188.2,1581.6,50018.3
2078-08-19,0.0,24.38,13.93,343.9,1590.1,49827.2
2078-08-20,0.0,28.65,12.41,433.8,1440.0,49634.9
2078-08-21,5.73,29.07,13.62,313.9,1558.8,49441.3
2078-08-22,0.0,26.09,15.42,338.6,1750.8,49246.7
2078-08-23,4.28,21.14,15.01,165.1,1705.6,49050.9
2078-08-24,0.0,23.05,14.04,305.0,1601.9,48854.2
2078-08-25,0.0,21.44,12.3,312.0,1430.0,48656.4
2078-08-26,6.21,16.65,10.7,167.4,1285.8,48457.8
2078-08-27,0.0,19.87,8.24,378.6,1090.0,48258.2
2078-08-28,0.0,23.19,6.21,444.9,948.7,48057.8
2078-08-29,0.0,26.58,11.27,411.5,1335.9,47856.6
2078-08-30,8.72,29.0,16.84,262.5,1916.8,47654.7
2078-08-31,6.23,21.5,14.08,190.9,1605.8,47452.0
2078-09-01,0.0,19.32,9.18,334.4,1161.3,47248.7
2078-09-02,0.0,20.63,5.69,416.4,914.6,47044.8
2078-09-03,0.0,25.73,9.55,414.3,1190.8,46840.2
2078-09-04,2.77,19.65,8.37,262.5,1099.6,46635.1
2078-09-05,0.0,18.56,4.56,400.8,845.8,46429.5
2078-09-06,0.0,21.27,5.26,417.1,888.1,46223.4
2078-09-07,0.0,23.65,6.2,419.9,947.6,46016.8
2078-09-08,0.0,21.17,7.85,368.5,1061.1,45809.8
2078-09-09,0.0,23.73,8.27,387.8,1092.0,45602.5
2078-09-10,0.0,25.87,10.09,381.1,1234.5,45394.8
2078-09-11,0.0,27.12,11.73,367.4,1377.3,45186.7
2078-09-12,0.0,26.1,13.72,321.4,1568.5,44978.4
2078-09-13,4.82,23.89,12.58,228.1,1456.8,44769.9
2078-09-14,6.51,20.69,12.2,186.1,1420.6,44561.1
2078-09-15,0.0,13.51,8.25,171.1,1090.5,44352.1
2078-09-16,0.0,14.02,5.29,268.4,890.0,44143.0
2078-09-17,0.0,17.35,3.14,362.4,764.9,43933.7
2078-09-18,0.0,15.77,3.84,325.4,803.7,43724.4
2078-09-19,0.0,16.1,-0.44,384.0,591.4,43514.9
2078-09-20,0.52,11.3,3.38,241.8,778.4,43305.4
2078-09-21,8.03,14.28,8.08,143.4,1077.9,43095.9
2078-09-22,15.2,15.21,7.89,163.9,1064.4,42886.4
2078-09-23,0.0,11.64,6.21,169.2,948.6,42677.0
2078-09-24,0.0,15.87,5.32,289.4,891.9,42467.6
2078-09-25,4.26,18.06,4.8,244.2,860.0,42258.4
2078-09-26,20.61,16.15,9.02,153.1,1148.7,42049.2
2078-09-27,3.67,18.08,8.66,192.7,1121.4,41840.3
2078-09-28,2.9,16.58,7.66,186.9,1047.8,41631.5
2078-09-29,0.0,12.17,3.62,246.1,791.3,41422.9
2078-09-30,0.0,17.72,0.42,355.2,629.7,41214.6
